Code DiDok;Désignation officielle;Désignation organisation commerciale;Moyen de transport;Canton;Commune;Numero Commune;Localité;Swiss Business Organisation ID;Commentaire OFT;Coordonnées E MN95;Coordonnées N MN95;Altitude;Lien sur la carte
8583891;Vufflens-Aclens, zone industr.;Automobiles MBC;BUS;VD;Aclens;5621;Aclens;ch:1:sboid:100566;;2529929.719;1157463.978;406;46.56477268818526, 6.524742392767344
8570093;Aclens, collège;Automobiles MBC;BUS;VD;Aclens;5621;Aclens;ch:1:sboid:100566;;2528825;1157750;450;46.567228572318456, 6.510291141153921
8507650;Agiez, Vers-le-Pont;PostAuto AG;BUS;VD;Agiez;5742;Agiez;ch:1:sboid:100602;;2529106;1174641;507;46.71919129431517, 6.511347735082323
8570235;Agiez, L'Epine;PostAuto AG;BUS;VD;Agiez;5742;Agiez;ch:1:sboid:100602;;2528837;1174270;523;46.71582551025668, 6.507887226046329
8504425;Aigle, Les Iles;Transports Publics du Chablais (Bus);BUS;VD;Aigle;5401;Aigle;ch:1:sboid:100617;;2562250;1127697;386;46.29961661730584, 6.948697073079572
8505193;Aigle, Biole;Transports Publics du Chablais (Bus);BUS;VD;Aigle;5401;Aigle;ch:1:sboid:100617;;2561991;1128843;384;46.309910755987055, 6.945241890286049
8581845;Aigle, collège Planchette;Transports Publics du Chablais (Bus);BUS;VD;Aigle;5401;Aigle;ch:1:sboid:100617;(Bus) ohne Fahrplandaten 2016 [beibehalten];2562877;1129904;396;46.31950460015498, 6.956658085456567
8517484;Aigle-Parc Aventure;Transports Publics du Chablais;TRAIN;VD;Aigle;5401;Aigle;ch:1:sboid:100008;;2565151.159;1129423.007;488.1;46.315300001126964, 6.986219994119313
8581047;Aigle, Pautex;Transports Publics du Chablais (Bus);BUS;VD;Aigle;5401;Aigle;ch:1:sboid:100617;;2562697;1129618;393;46.31692190321954, 6.954344102473771
8593763;Aigle, av. Margencel;Transports Publics du Chablais (Bus);BUS;VD;Aigle;5401;Aigle;ch:1:sboid:100617;;2563515;1129751;406;46.318163343780725, 6.964953361332843
8511106;Aigle-Dépôt, gare;Transports Publics du Chablais (Bus);BUS;VD;Aigle;5401;Aigle;ch:1:sboid:100617;;2564331;1129735;428;46.31806335872635, 6.975548588579126
8512177;Aigle, Fontanney;Transports Publics du Chablais (Bus);BUS;VD;Aigle;5401;Aigle;ch:1:sboid:100617;;2565332.576;1129785.534;532.5;46.31857051500889, 6.988548107424288
8593766;Aigle, Dents-du-Midi;Transports Publics du Chablais (Bus);BUS;VD;Aigle;5401;Aigle;ch:1:sboid:100617;;2563046;1129261;396;46.313729866550396, 6.9589034211079
8593765;Aigle, Champex;Transports Publics du Chablais (Bus);BUS;VD;Aigle;5401;Aigle;ch:1:sboid:100617;;2561857;1129051;383;46.31177419397323, 6.943485372920066
8593764;Aigle, ch. des Lieugex;Transports Publics du Chablais (Bus);BUS;VD;Aigle;5401;Aigle;ch:1:sboid:100617;;2563147;1129978;401;46.3201851703714, 6.960157659596822
8517500;Aigle-Place-du-Marché (DIAB);Transports Publics du Chablais;;VD;Aigle;5401;Aigle;ch:1:sboid:100008;(Zug);2563889.627;1129584.956;415.3;46.31668999858064, 6.969829998461089
8501400;Aigle;Schweizerische Bundesbahnen SBB;TRAIN;VD;Aigle;5401;Aigle;ch:1:sboid:100001;;2563416.288;1129606.2;403.908;46.316855418598124, 6.963683211861402
8501468;Aigle-Château;Transports Publics du Chablais;TRAIN;VD;Aigle;5401;Aigle;ch:1:sboid:100008;;2564590;1129601;433;46.31687170607126, 6.97892136108901
8501554;Aigle-Place-du-Marché;Transports Publics du Chablais;TRAIN;VD;Aigle;5401;Aigle;ch:1:sboid:100008;;2563929.275;1129645.86;416.7;46.317239994000715, 6.970339995448264
8509014;Aigle, Pré Neyroud;Transports Publics du Chablais (Bus);BUS;VD;Aigle;5401;Aigle;ch:1:sboid:100617;;2561952;1127942;385;46.3018036496258, 6.944809449285151
8570600;Aigle, gare;Transports Publics du Chablais (Bus);BUS;VD;Aigle;5401;Aigle;ch:1:sboid:100617;;2563487;1129528;406;46.31615583128023, 6.964607382328524
8570601;Aigle, place du Marché;Transports Publics du Chablais (Bus);BUS;VD;Aigle;5401;Aigle;ch:1:sboid:100617;;2563920;1129661;417;46.31737568585273, 6.9702184049401295
8501179;Pont-de-Drapel;Transports Publics du Chablais;TRAIN;VD;Aigle;5401;Aigle;ch:1:sboid:100008;;2565177.197;1129929.778;613.7;46.31985999970431, 6.986520004273106
8501485;Fontanney;Transports Publics du Chablais;TRAIN;VD;Aigle;5401;Aigle;ch:1:sboid:100008;;2564851.175;1129760.473;548.8;46.31831999450118, 6.982299999546069
8504407;Aigle, Grand-Pré;Transports Publics du Chablais (Bus);BUS;VD;Aigle;5401;Aigle;ch:1:sboid:100617;;2561407;1129616;383;46.316830850819, 6.9375968369801955
8504421;Aigle, Levant;Transports Publics du Chablais (Bus);BUS;VD;Aigle;5401;Aigle;ch:1:sboid:100617;;2563107;1129587;399;46.31666574611651, 6.95966940254503
8511997;RBC Chablais;Schweizerische Bundesbahnen SBB;;VD;Aigle;5401;Aigle;ch:1:sboid:100001;;2563339.542;1130262.183;405.9;46.3227520902552, 6.9626350459755155
8593770;Aigle, Pré d'Emoz/écoles;Transports Publics du Chablais (Bus);BUS;VD;Aigle;5401;Aigle;ch:1:sboid:100617;;2562865;1130145;397;46.32167183919654, 6.956483007024112
8593769;Aigle, Novassales;Transports Publics du Chablais (Bus);BUS;VD;Aigle;5401;Aigle;ch:1:sboid:100617;;2563342;1129352;403;46.31456471306193, 6.962738839240221
8593768;Aigle, Vergers;Transports Publics du Chablais (Bus);BUS;VD;Aigle;5401;Aigle;ch:1:sboid:100617;bis 2018: Aigle, hôpital;2563407;1129066;401;46.31199556571619, 6.9636052087107245
8581046;Aigle, rte d'Evian;Transports Publics du Chablais (Bus);BUS;VD;Aigle;5401;Aigle;ch:1:sboid:100617;;2563043;1129759;399;46.318209436951534, 6.958824831624484
8581050;Aigle, La Mêlée;PostAuto AG;BUS;VD;Aigle;5401;Aigle;ch:1:sboid:100602;;2561446;1129765;385;46.31817341640464, 6.938090780183085
8511103;Aigle, Valerette;Transports Publics du Chablais (Bus);BUS;VD;Aigle;5401;Aigle;ch:1:sboid:100617;;2563701;1128915;404;46.31065324343813, 6.967433533095001
8519338;Aigle [voie 11-16];Transports Publics du Chablais;;VD;Aigle;5401;Aigle;ch:1:sboid:100008;(Zug);2563448;1129549;404;46.316342609309636, 6.964099417232659
8581048;Aigle, Golf;Transports Publics du Chablais (Bus);BUS;VD;Aigle;5401;Aigle;ch:1:sboid:100617;;2562291;1129451;388;46.315396936375215, 6.949086764936207
8501484;Aigle-Dépôt;Transports Publics du Chablais;TRAIN;VD;Aigle;5401;Aigle;ch:1:sboid:100008;;2564317.394;1129760.275;427.6;46.318289994546745, 6.975370001409716
8596090;Aigle, Les Glariers;Transports Publics du Chablais (Bus);BUS;VD;Aigle;5401;Aigle;ch:1:sboid:100617;(neue Hst per 12.2017 aber keine Fahrplandaten);2563730;1130027;412;46.32065776499928, 6.967723103787464
8501471;Plambuit;Transports Publics du Chablais;TRAIN;VD;Aigle;5401;Aigle;ch:1:sboid:100008;;2568066.002;1130746.413;801.4;46.32734999369797, 7.023969993526004
8504408;Aigle, piscine;Transports Publics du Chablais (Bus);BUS;VD;Aigle;5401;Aigle;ch:1:sboid:100617;;2563338;1130162;404;46.32185081398912, 6.962622938313034
8504418;Aigle, La Chapelle;Transports Publics du Chablais (Bus);BUS;VD;Aigle;5401;Aigle;ch:1:sboid:100617;;2563697;1129155;408;46.312811936831636, 6.96736284366535
8517482;En Châlex;Transports Publics du Chablais;;VD;Aigle;5401;Aigle;ch:1:sboid:100008;(Zug);2563820.915;1128156.12;393.4;46.30383325051869, 6.969049275811245
8512152;Aigle, Marjolin;Transports Publics du Chablais (Bus);BUS;VD;Aigle;5401;Aigle;ch:1:sboid:100617;;2563721.495;1128604.496;400.3;46.3078612296431, 6.967723842556987
8504409;Aigle, médiathèque;Transports Publics du Chablais (Bus);BUS;VD;Aigle;5401;Aigle;ch:1:sboid:100617;;2563506;1129892;406;46.319431213187656, 6.964825430504725
8504420;Aigle, Charmettes;Transports Publics du Chablais (Bus);BUS;VD;Aigle;5401;Aigle;ch:1:sboid:100617;;2563427;1128858;399;46.31012560278968, 6.963881219363302
8504422;Aigle, Orlons;Transports Publics du Chablais (Bus);BUS;VD;Aigle;5401;Aigle;ch:1:sboid:100617;;2561437;1128934;383;46.31069768911773, 6.9380429534726
8504424;Aigle, Marais;Transports Publics du Chablais (Bus);BUS;VD;Aigle;5401;Aigle;ch:1:sboid:100617;;2561731;1128118;386;46.30337426435545, 6.941926612804922
8505195;Aigle, Artisans;Transports Publics du Chablais (Bus);BUS;VD;Aigle;5401;Aigle;ch:1:sboid:100617;;2561542;1129384;383;46.31475167092162, 6.939368689797344
8506403;Allaman, Château;Automobiles MBC;BUS;VD;Allaman;5851;Allaman;ch:1:sboid:100566;;2519979.796;1147218.283;412.3;46.47149624448524, 6.396761418716595
8579079;Allaman, gare;PostAuto AG;BUS;VD;Allaman;5851;Allaman;ch:1:sboid:100602;;2520208;1147702;422;46.47587445793586, 6.399648803097864
8506405;Allaman, Grand-Rue;Automobiles MBC;BUS;VD;Allaman;5851;Allaman;ch:1:sboid:100566;;2519948;1147024;400;46.46974489677017, 6.39638113595995
8501035;Allaman;Schweizerische Bundesbahnen SBB;TRAIN;VD;Allaman;5851;Allaman;ch:1:sboid:100001;;2520211.529;1147688.508;421.868;46.47575352079991, 6.399697079747334
8593870;Borex, Le Chanelet;Transports Publics de la Région Nyonnaise;BUS;VD;Arnex-sur-Nyon;5701;Arnex-sur-Nyon;ch:1:sboid:100540;;2503482;1137049;464;46.37785174714398, 6.184110330826253
8579310;Arnex-sur-Nyon;Transports Publics de la Région Nyonnaise;BUS;VD;Arnex-sur-Nyon;5701;Arnex-sur-Nyon;ch:1:sboid:100540;;2504188;1136690;458;46.37472404465474, 6.193359473751702
8579106;Arnex, gare;PostAuto AG;BUS;VD;Arnex-sur-Orbe;5743;Arnex-sur-Orbe;ch:1:sboid:100602;;2529674;1172281;552;46.698023685523275, 6.5191388259570076
8576379;Arnex, poste;PostAuto AG;BUS;VD;Arnex-sur-Orbe;5743;Arnex-sur-Orbe;ch:1:sboid:100602;;2529665;1171927;545;46.69483855259485, 6.519075502111243
8501107;Arnex;Schweizerische Bundesbahnen SBB;TRAIN;VD;Arnex-sur-Orbe;5743;Arnex-sur-Orbe;ch:1:sboid:100001;;2529656.353;1172287.207;552.43;46.6980776528438, 6.51890716328841
8582136;Bassins, gare;PostAuto AG;BUS;VD;Arzier-Le Muids;5702;Arzier-Le Muids;ch:1:sboid:100602;(Bus) ohne Fahrplandaten 12.2016/2018;2506599;1146212;749;46.460710536633194, 6.222769946135759
8510725;Arzier, gare;Nyon-St-Cergue-Morez Ersatzverkehr;BUS;VD;Arzier-Le Muids;5702;Arzier-Le Muids;ch:1:sboid:1100073;;2505684.656;1146019.987;844.5;46.45885520350323, 6.210908344524017
8501065;Le Muids;Nyon-St-Cergue-Morez;TRAIN;VD;Arzier-Le Muids;5702;Arzier-Le Muids;ch:1:sboid:100047;;2506024.078;1145508.235;712.2;46.45429999374498, 6.215429993950875
8501057;La Chèvrerie-Monterêt;Nyon-St-Cergue-Morez;TRAIN;VD;Arzier-Le Muids;5702;Arzier-Le Muids;ch:1:sboid:100047;;2503561.597;1144900.127;972.3;46.44848000803234, 6.1835100034959805
8510732;Le Muids, bif. gare;Nyon-St-Cergue-Morez Ersatzverkehr;BUS;VD;Arzier-Le Muids;5702;Arzier-Le Muids;ch:1:sboid:1100073;;2506274.455;1145558.678;696;46.45478881938066, 6.218678202071574
8501064;Bassins;Nyon-St-Cergue-Morez;TRAIN;VD;Arzier-Le Muids;5702;Arzier-Le Muids;ch:1:sboid:100047;;2506563.428;1146196.927;753.2;46.460569994939625, 6.222309998990778
8501063;Arzier;Nyon-St-Cergue-Morez;TRAIN;VD;Arzier-Le Muids;5702;Arzier-Le Muids;ch:1:sboid:100047;;2505741.251;1145995.174;839;46.45863999465857, 6.211649997069147
8501172;Assens;Lausanne-Echallens-Bercher;TRAIN;VD;Assens;5511;Assens;ch:1:sboid:100036;;2537329.841;1162760.382;622.2;46.613149996036185, 6.620530001497214
8507624;Assens, gare;Transports Publics de la Région Lausannoise sa;BUS;VD;Assens;5511;Assens;ch:1:sboid:100122;;2537353;1162776;624.1;46.61329265676556, 6.620830172592719
8507655;Bioley-Orjulaz, chapelle;PostAuto AG;BUS;VD;Assens;5511;Bioley-Orjulaz;ch:1:sboid:100602;;2535557;1163718;608;46.62159484613944, 6.597254446720099
8501871;Montherod, village;PostAuto AG;BUS;VD;Aubonne;5422;Montherod;ch:1:sboid:100602;;2517674;1150284;591;46.49879181833153, 6.366196726582003
8579082;Montherod, Battoir;PostAuto AG;BUS;VD;Aubonne;5422;Montherod;ch:1:sboid:100602;;2518059;1150264;585;46.49865922549443, 6.371214970736722
8583896;Pizy, village;PostAuto AG;BUS;VD;Aubonne;5422;Pizy;ch:1:sboid:100602;;2516812;1149527;644;46.4918760803042, 6.355105446859123
8570046;Aubonne, hôpital;PostAuto AG;BUS;VD;Aubonne;5422;Aubonne;ch:1:sboid:100602;;2519457;1149580;513;46.49267668076557, 6.389543511907031
8570045;Aubonne, Curzilles;PostAuto AG;BUS;VD;Aubonne;5422;Aubonne;ch:1:sboid:100602;;2518644;1149309;542;46.49014065420075, 6.37900296920259
8579083;Pizy, Le Courtillet;PostAuto AG;BUS;VD;Aubonne;5422;Montherod;ch:1:sboid:100602;;2515569;1150520;674;46.500652028221104, 6.338735716170575
8579081;Aubonne, Le Bornalet;PostAuto AG;BUS;VD;Aubonne;5422;Aubonne;ch:1:sboid:100602;;2519943;1149452;480;46.49158371813273, 6.395895253746815
8579080;Aubonne, Roveray;PostAuto AG;BUS;VD;Aubonne;5422;Aubonne;ch:1:sboid:100602;;2520323;1148299;438;46.48125808090954, 6.401043106552921
8501865;Aubonne, Bougy-St-Martin;PostAuto AG;BUS;VD;Aubonne;5422;Aubonne;ch:1:sboid:100602;;2519116;1149675;534;46.49349001825613, 6.385085774947924
8501862;Signal-de-Bougy, Parc Pré Vert;PostAuto AG;BUS;VD;Aubonne;5422;Bougy-Villars;ch:1:sboid:100602;;2516799;1148781;698;46.48516437712718, 6.355070540523862
8501867;Aubonne, La Praz;PostAuto AG;BUS;VD;Aubonne;5422;Aubonne;ch:1:sboid:100602;;2520204;1149142;457;46.488826526254336, 6.399347958586517
8501870;Aubonne, gare;PostAuto AG;BUS;VD;Aubonne;5422;Aubonne;ch:1:sboid:100602;;2519720;1149706;500;46.49384165966593, 6.392946852330956
8583458;Aubonne, Pré-Baulan;PostAuto AG;BUS;VD;Aubonne;5422;Aubonne;ch:1:sboid:100602;(Bus) ohne Fahrplandaten 12.2018;2517891;1149939;578;46.495715310802204, 6.3690845491940635
8501868;Aubonne, La Levette;PostAuto AG;BUS;VD;Aubonne;5422;Aubonne;ch:1:sboid:100602;;2520285;1148725;450;46.48508534726661, 6.400474786753574
8504781;Avenches, poste;PostAuto AG;BUS;VD;Avenches;5451;Avenches;ch:1:sboid:100602;(Bus) ohne Fahrplandaten 12.2016 [beibehalten];2569587;1192279;469;46.88093123399027, 7.039644445060025
8580759;Avenches, L'Eau-Noire;PostAuto AG;BUS;VD;Avenches;5451;Avenches;ch:1:sboid:100602;;2569974;1194631;434;46.90210546219474, 7.044565965496157
8583514;Avenches, Bibracte;PostAuto AG;BUS;VD;Avenches;5451;Avenches;ch:1:sboid:100602;;2569533;1191808;455;46.87669203340947, 7.038967602272889
8583516;Avenches, Milavy;PostAuto AG;BUS;VD;Avenches;5451;Avenches;ch:1:sboid:100602;;2568987;1191812;443;46.87670269402595, 7.031805029088613
8583894;Avenches, Hôtel de Ville;PostAuto AG;BUS;VD;Avenches;5451;Avenches;ch:1:sboid:100602;;2569651;1192165;479;46.879908719411, 7.040491661515199
8583726;Oleyres, Les Carrières;PostAuto AG;BUS;VD;Avenches;5451;Oleyres;ch:1:sboid:100602;;2569387;1189447;551;46.85544769454535, 7.037211355056684
8577825;Avenches, Faubourg;Service d'automobiles TPF;BUS;VD;Avenches;5451;Avenches;ch:1:sboid:100633;;2569788;1191968;459;46.87814293129093, 7.042301999667975
8504570;Avenches Plage;Lacs de Neuchâtel et Morat;BOAT;VD;Avenches;5451;Avenches;ch:1:sboid:100148;Bedarfshalt;2570285.712;1195028.043;429;46.90569097255497, 7.048630883762216
8504126;Avenches;Schweizerische Bundesbahnen SBB;TRAIN;VD;Avenches;5451;Avenches;ch:1:sboid:100001;;2569686.709;1192686.53;437.75;46.88460159766171, 7.0409253236567135
8583895;Avenches, EMS Marc-Aurèle;PostAuto AG;BUS;VD;Avenches;5451;Avenches;ch:1:sboid:100602;;2569930;1192346;459;46.88154955977959, 7.044139763990888
8583723;Avenches, Le Paon;PostAuto AG;BUS;VD;Avenches;5451;Avenches;ch:1:sboid:100602;;2569119;1191803;445;46.87662790003373, 7.0335371861811655
8579799;Avenches, Collège Sous-Ville;PostAuto AG;BUS;VD;Avenches;5451;Avenches;ch:1:sboid:100602;;2569399;1192116;455;46.87945637030937, 7.037189084661411
8583520;Avenches, route du Lac;PostAuto AG;BUS;VD;Avenches;5451;Avenches;ch:1:sboid:100602;;2570575;1193829;435;46.89491832506502, 7.052505446485615
8583515;Avenches, plage;PostAuto AG;BUS;VD;Avenches;5451;Avenches;ch:1:sboid:100602;;2570225;1194523;434;46.90114531575748, 7.0478671669097395
8583519;Avenches, Pré-Vert;PostAuto AG;BUS;VD;Avenches;5451;Avenches;ch:1:sboid:100602;;2570085;1192826;441;46.885874249733945, 7.046141603097115
8583517;Avenches, Joli-Val;PostAuto AG;BUS;VD;Avenches;5451;Avenches;ch:1:sboid:100602;;2569782;1191743;462;46.87611874572066, 7.042238249518947
8510877;Avenches, Bois de Châtel;PostAuto AG;BUS;VD;Avenches;5451;Avenches;ch:1:sboid:100602;;2569854;1190789;518;46.86754062953069, 7.043245980643021
8504886;Donatyre, village;Service d'automobiles TPF;BUS;VD;Avenches;5451;Donatyre;ch:1:sboid:100633;;2570998.717;1191663.218;505.1;46.87545544947485, 7.058203800744052
8583518;Avenches, Montmezard;PostAuto AG;BUS;VD;Avenches;5451;Avenches;ch:1:sboid:100602;;2569531;1192050;469;46.87886877066017, 7.038925144185087
8570514;Avenches, gare;PostAuto AG;BUS;VD;Avenches;5451;Avenches;ch:1:sboid:100602;;2569711;1192691;438;46.88464291658027, 7.041243716437001
8570515;Avenches, Haras Fédéral;PostAuto AG;BUS;VD;Avenches;5451;Avenches;ch:1:sboid:100602;;2568101;1192865;435;46.88613254053382, 7.02010879194588
8583521;Oleyres, collège;PostAuto AG;BUS;VD;Avenches;5451;Oleyres;ch:1:sboid:100602;;2569516;1189199;550;46.853222829274074, 7.038919497690416
8596073;Donatyre, école;Service d'automobiles TPF;BUS;VD;Avenches;5451;Donatyre;ch:1:sboid:100633;bis 2018: Donatyre, croisée;2571028.063;1191856.948;506.1;46.877199368902204, 7.058576401856821
8579907;Ballaigues, cure;Transports Vallée de Joux-Yverdon-Ste-Croix;BUS;VD;Ballaigues;5744;Ballaigues;ch:1:sboid:100694;;2521428.882;1175837.161;870;46.72908859384227, 6.41073719984595
8579095;Ballaigues, poste;Transports Vallée de Joux-Yverdon-Ste-Croix;BUS;VD;Ballaigues;5744;Ballaigues;ch:1:sboid:100694;;2521664;1175838.001;865;46.72912385842083, 6.413812614743324
8579096;Ballaigues, Jura-Rosaly;Transports Vallée de Joux-Yverdon-Ste-Croix;BUS;VD;Ballaigues;5744;Ballaigues;ch:1:sboid:100694;;2522804.84;1176242.995;830;46.73289994623634, 6.428667573016799
8579094;Ballaigues, Vers-chez-Barrat;Transports Vallée de Joux-Yverdon-Ste-Croix;BUS;VD;Ballaigues;5744;Ballaigues;ch:1:sboid:100694;;2521167;1175799.001;869;46.72871439138754, 6.407318121946539
8579908;Ballaigues, collège;Transports Vallée de Joux-Yverdon-Ste-Croix;BUS;VD;Ballaigues;5744;Ballaigues;ch:1:sboid:100694;;2521769;1175971.001;880;46.73033250043713, 6.415163378827366
8579906;Ballaigues, Maillefer;Transports Vallée de Joux-Yverdon-Ste-Croix;BUS;VD;Ballaigues;5744;Ballaigues;ch:1:sboid:100694;;2521979.302;1175863.507;863;46.72939031007999, 6.417932705333199
8501095;Ballens;Transports de la région Morges-Bière-Cossonay;TRAIN;VD;Ballens;5423;Ballens;ch:1:sboid:100012;;2518389.035;1156218.616;710.3;46.552259998028006, 6.374459998099317
8510991;Ballens, bif. Froideville;Automobiles MBC;BUS;VD;Ballens;5423;Ballens;ch:1:sboid:100566;;2519293.481;1156236.417;686;46.552530031272745, 6.386249125276141
8510990;Ballens, village;Automobiles MBC;BUS;VD;Ballens;5423;Ballens;ch:1:sboid:100566;;2518482.569;1156441.729;706;46.55427826886924, 6.375640021798666
8501085;Ballens-Froideville;Transports de la région Morges-Bière-Cossonay;TRAIN;VD;Ballens;5423;Ballens;ch:1:sboid:100012;;2519594.481;1155913.303;680;46.5496599962626, 6.390230001204272
8582137;Bassins, Piscine;PostAuto AG;BUS;VD;Bassins;5703;Bassins;ch:1:sboid:100602;;2507383;1146894;768;46.466953816553136, 6.232837613663515
8570015;Bassins, La Cézille;PostAuto AG;BUS;VD;Bassins;5703;Bassins;ch:1:sboid:100602;;2507341;1144605;559;46.446359457315204, 6.232749573377579
8501850;Bassins, Tillette;PostAuto AG;BUS;VD;Bassins;5703;Bassins;ch:1:sboid:100602;;2507311;1146471;746;46.463139147546435, 6.231985192386081
8579110;Baulmes, gare;Transports Vallée de Joux-Yverdon-Ste-Croix;BUS;VD;Baulmes;5745;Baulmes;ch:1:sboid:100694;;2530166.091;1182364.747;631;46.78877703938734, 6.524032723665713
8504296;Six-Fontaines;Transports Vallée de Joux-Yverdon-Ste-Croix;TRAIN;VD;Baulmes;5745;Baulmes;ch:1:sboid:100074;;2528217.744;1180769.906;705.1;46.77422433176137, 6.498768601780947
8584515;Baulmes, Cul de Villars;Transports Vallée de Joux-Yverdon-Ste-Croix;BUS;VD;Baulmes;5745;Baulmes;ch:1:sboid:100694;;2528777;1180417;630;46.77111015189566, 6.5061454307876465
8579109;Baulmes, poste;Transports Vallée de Joux-Yverdon-Ste-Croix;BUS;VD;Baulmes;5745;Baulmes;ch:1:sboid:100694;;2530035;1182479.001;645;46.789790942175074, 6.522298501363579
8504297;Trois-Villes;Transports Vallée de Joux-Yverdon-Ste-Croix;;VD;Baulmes;5745;Baulmes;ch:1:sboid:100074;;2530841.999;1183706.323;906.5;46.80091487296346, 6.532680954395865
8504295;Baulmes;Transports Vallée de Joux-Yverdon-Ste-Croix;TRAIN;VD;Baulmes;5745;Baulmes;ch:1:sboid:100074;;2530185.07;1182361.375;631.2;46.788748694963836, 6.52428177918298
8511343;Bavois, gare;SBB Infrastruktur AG Bahnersatz;BUS;VD;Bavois;5746;Bavois;ch:1:sboid:1100021;;2532903.508;1171010.656;442;46.68693026104728, 6.561546369973865
8501113;Bavois;Schweizerische Bundesbahnen SBB;TRAIN;VD;Bavois;5746;Bavois;ch:1:sboid:100001;;2532735.272;1171095.884;441.6;46.68767991038704, 6.559334852363642
8581113;Begnins, Grange-Grèche;PostAuto AG;BUS;VD;Begnins;5704;Begnins;ch:1:sboid:100602;;2508971;1145333;682;46.453131232885326, 6.253816344009105
8570026;Begnins, La Chataigneraie;PostAuto AG;BUS;VD;Begnins;5704;Begnins;ch:1:sboid:100602;;2508304;1144403;597;46.444675197863326, 6.245320439685961
8570025;Begnins, Bellevue;PostAuto AG;BUS;VD;Begnins;5704;Begnins;ch:1:sboid:100602;;2508373;1144207;571;46.44292171004487, 6.246257079312485
8570027;Begnins, Bois-du-Four;PostAuto AG;BUS;VD;Begnins;5704;Begnins;ch:1:sboid:100602;;2508428;1144853;650;46.4487397401577, 6.246844828844126
8570014;Begnins, scierie;PostAuto AG;BUS;VD;Begnins;5704;Begnins;ch:1:sboid:100602;;2507825;1144286;522;46.44355702935328, 6.239111071012621
8501851;Begnins, poste;PostAuto AG;BUS;VD;Begnins;5704;Begnins;ch:1:sboid:100602;;2508480;1143905;538;46.44021998560908, 6.24770904548224
8570028;Begnins, Les Clavières;PostAuto AG;BUS;VD;Begnins;5704;Begnins;ch:1:sboid:100602;;2509223;1145873;707;46.45802255312831, 6.256989847662134
8570013;Begnins, Charbonnier;PostAuto AG;BUS;VD;Begnins;5704;Begnins;ch:1:sboid:100602;;2508629;1143591;507;46.43741604233817, 6.249709663550235
8593801;Belmont-sur-L., Cochène;Transports Publics de la Région Lausannoise sa;BUS;VD;Belmont-sur-Lausanne;5581;Belmont-sur-Lausanne;ch:1:sboid:100122;arrêt taxibus TL 10.952;2541690;1151962;545;46.516412398287564, 6.678812437545404
8593795;Belmont-sur-L., Chaffeises;Transports Publics de la Région Lausannoise sa;BUS;VD;Belmont-sur-Lausanne;5581;Belmont-sur-Lausanne;ch:1:sboid:100122;;2541288;1151711;447;46.5141194001315, 6.67360632950752
8593805;Belmont-sur-L., Rueyres;Transports Publics de la Région Lausannoise sa;BUS;VD;Belmont-sur-Lausanne;5581;Belmont-sur-Lausanne;ch:1:sboid:100122;arrêt taxibus TL 10.952;2541558;1151825;509;46.51516852438834, 6.6771098372883815
8593794;Belmont-sur-L., Signal;Transports Publics de la Région Lausannoise sa;BUS;VD;Belmont-sur-Lausanne;5581;Belmont-sur-Lausanne;ch:1:sboid:100122;arrêt taxibus TL 10.952;2542427;1153066;766;46.52640700736734, 6.688277715070415
8593793;Belmont-sur-L., Crau-au-Fer;Transports Publics de la Région Lausannoise sa;BUS;VD;Belmont-sur-Lausanne;5581;Belmont-sur-Lausanne;ch:1:sboid:100122;arrêt taxibus TL 10.952;2542449;1152851;723;46.52447493884856, 6.688591268684656
8593803;Belmont-sur-L., Pertuis;Transports Publics de la Région Lausannoise sa;BUS;VD;Belmont-sur-Lausanne;5581;Belmont-sur-Lausanne;ch:1:sboid:100122;arrêt taxibus TL 10.952;2542649;1152890;754;46.52484295419422, 6.691192811711163
8593807;Belmont-sur-L., Bas-Monts;Transports Publics de la Région Lausannoise sa;BUS;VD;Belmont-sur-Lausanne;5581;Belmont-sur-Lausanne;ch:1:sboid:100122;arrêt taxibus TL 10.952;2542935;1153741;790;46.53252235706733, 6.694814629754814
8593806;Belmont-sur-L., Rouvène;Transports Publics de la Région Lausannoise sa;BUS;VD;Belmont-sur-Lausanne;5581;Belmont-sur-Lausanne;ch:1:sboid:100122;;2541386;1152519;560;46.52139610460443, 6.674780515652149
8593808;Belmont-sur-L., Chatruffe;Transports Publics de la Région Lausannoise sa;BUS;VD;Belmont-sur-Lausanne;5581;Belmont-sur-Lausanne;ch:1:sboid:100122;arrêt taxibus TL 10.952;2542004;1152579;679;46.52198975890962, 6.682826261735864
8512167;Belmont-sur-L., Coin d'En Haut;Transports Publics de la Région Lausannoise sa;BUS;VD;Belmont-sur-Lausanne;5581;Belmont-sur-Lausanne;ch:1:sboid:100122;;2541787.662;1152343.199;635.9;46.51984987203864, 6.680036858199885
8593790;Belmont-sur-L., Champ-Chamot;Transports Publics de la Région Lausannoise sa;BUS;VD;Belmont-sur-Lausanne;5581;Belmont-sur-Lausanne;ch:1:sboid:100122;arrêt taxibus TL 10.952;2542206;1152652;691;46.522663915576, 6.685449447098423
8595190;Belmont-sur-L., Malavaux;Transports Publics de la Région Lausannoise sa;BUS;VD;Belmont-sur-Lausanne;5581;Belmont-sur-Lausanne;ch:1:sboid:100122;;2541506;1152430;588;46.52060605340599, 6.676355551149121
8593804;Belmont-sur-L., Raffort;Transports Publics de la Région Lausannoise sa;BUS;VD;Belmont-sur-Lausanne;5581;Belmont-sur-Lausanne;ch:1:sboid:100122;arrêt taxibus TL 10.952;2541925;1152943;647;46.52525713953116, 6.68175093332927
8593792;Belmont-sur-L., Courtillet;Transports Publics de la Région Lausannoise sa;BUS;VD;Belmont-sur-Lausanne;5581;Belmont-sur-Lausanne;ch:1:sboid:100122;arrêt taxibus TL 10.952;2541826;1152603;643;46.52219016440286, 6.680503651925827
8593799;Belmont-sur-L., Chapons;Transports Publics de la Région Lausannoise sa;BUS;VD;Belmont-sur-Lausanne;5581;Belmont-sur-Lausanne;ch:1:sboid:100122;arrêt taxibus TL 10.952;2541538;1152060;585;46.51728064054511, 6.676819452612046
8593798;Belmont-sur-L., Burenoz;Transports Publics de la Région Lausannoise sa;BUS;VD;Belmont-sur-Lausanne;5581;Belmont-sur-Lausanne;ch:1:sboid:100122;;2541214;1152498;522;46.52119209108641, 6.672541826257908
8593796;Belmont-sur-L., Arnier;Transports Publics de la Région Lausannoise sa;BUS;VD;Belmont-sur-Lausanne;5581;Belmont-sur-Lausanne;ch:1:sboid:100122;arrêt taxibus TL 10.952;2541644;1152701;610;46.52305581580578, 6.678119533022935
8593802;Belmont-sur-L., Léchire;Transports Publics de la Région Lausannoise sa;BUS;VD;Belmont-sur-Lausanne;5581;Belmont-sur-Lausanne;ch:1:sboid:100122;arrêt taxibus TL 10.952;2542145;1152420;638;46.52057175268026, 6.6846836349471985
8579257;Belmont-sur-L., centre;Transports Publics de la Région Lausannoise sa;BUS;VD;Belmont-sur-Lausanne;5581;Belmont-sur-Lausanne;ch:1:sboid:100122;;2541665;1152317;616;46.51960350312494, 6.678441779296739
8593791;Belmont-sur-L., Champ Preveire;Transports Publics de la Région Lausannoise sa;BUS;VD;Belmont-sur-Lausanne;5581;Belmont-sur-Lausanne;ch:1:sboid:100122;arrêt taxibus TL 10.952;2542147;1153256;684;46.528091896567254, 6.684604790195125
8579258;Belmont-sur-L., Blessoney;Transports Publics de la Région Lausannoise sa;BUS;VD;Belmont-sur-Lausanne;5581;Belmont-sur-Lausanne;ch:1:sboid:100122;;2542087;1152303;619;46.51951429040541, 6.683942530495115
8588436;Belmont-sur-L., Grands Champs;Transports Publics de la Région Lausannoise sa;BUS;VD;Belmont-sur-Lausanne;5581;Belmont-sur-Lausanne;ch:1:sboid:100122;;2541580;1152630;600;46.522411564043395, 6.67729450625041
8593800;Belmont-sur-L., Cita;Transports Publics de la Région Lausannoise sa;BUS;VD;Belmont-sur-Lausanne;5581;Belmont-sur-Lausanne;ch:1:sboid:100122;arrêt taxibus TL 10.952;2541835;1152179;589;46.518376992926015, 6.680674419500143
8593797;Belmont-sur-L., Au Devin;Transports Publics de la Région Lausannoise sa;BUS;VD;Belmont-sur-Lausanne;5581;Belmont-sur-Lausanne;ch:1:sboid:100122;arrêt taxibus TL 10.952;2542226;1152852;741;46.524464682118555, 6.685685015283394
8593789;Belmont-sur-L., Chaffiause;Transports Publics de la Région Lausannoise sa;BUS;VD;Belmont-sur-Lausanne;5581;Belmont-sur-Lausanne;ch:1:sboid:100122;arrêt taxibus TL 10.952;2542486;1153462;743;46.52997418322071, 6.6889972198340555
8595625;Belmont-sur-L., Pâquis;Transports Publics de la Région Lausannoise sa;BUS;VD;Belmont-sur-Lausanne;5581;Belmont-sur-Lausanne;ch:1:sboid:100122;;2541568.5;1152386.7;609;46.52022203250592, 6.677175476899063
8507653;Belmont-sur-Yverdon, Battoir;PostAuto AG;BUS;VD;Belmont-sur-Yverdon;5902;Belmont-sur-Yverdon;ch:1:sboid:100602;;2537927;1177429;533;46.74515029042106, 6.626338733939529
8570291;Belmont-sur-Yverdon, Les Prés;PostAuto AG;BUS;VD;Belmont-sur-Yverdon;5902;Belmont-sur-Yverdon;ch:1:sboid:100602;;2537569;1176893;541;46.74029549739073, 6.621727391272555
8580578;Bercher, Vers l'Eglise;PostAuto AG;BUS;VD;Bercher;5512;Bercher;ch:1:sboid:100602;;2544496;1171800;636;46.695097529661595, 6.712979157825109
8501177;Bercher;Lausanne-Echallens-Bercher;TRAIN;VD;Bercher;5512;Bercher;ch:1:sboid:100036;;2543780.14;1171560.15;625.7;46.692879995511746, 6.703650002855575
8570395;Bercher, Vieux-Collège;PostAuto AG;BUS;VD;Bercher;5512;Bercher;ch:1:sboid:100602;;2544396;1171489;629;46.6922917097149, 6.711709582043442
8582403;Bercher, 7 Fontaines;PostAuto AG;BUS;VD;Bercher;5512;Bercher;ch:1:sboid:100602;;2543986;1171271;636;46.69029641352971, 6.706376494337158
8580462;Bercher, village;PostAuto AG;BUS;VD;Bercher;5512;Bercher;ch:1:sboid:100602;;2544121;1171489;638;46.69226868770209, 6.7081146343272975
8570307;Bercher, gare;PostAuto AG;BUS;VD;Bercher;5512;Bercher;ch:1:sboid:100602;;2543769;1171515;624;46.6924729264189, 6.703509914700638
8501892;Berolle, église;Automobiles MBC;BUS;VD;Berolle;5424;Berolle;ch:1:sboid:100566;;2515474.829;1156869.05;759.4;46.557747977968205, 6.336345322369586
8570117;Berolle, Les Molliettes;Automobiles MBC;BUS;VD;Berolle;5424;Berolle;ch:1:sboid:100566;;2515860.432;1157210.835;751.4;46.56087092681659, 6.341310876756063
8506916;Bettens, village;PostAuto AG;BUS;VD;Bettens;5471;Bettens;ch:1:sboid:100602;;2533932;1164286;584;46.626544983512815, 6.575958051920197
8570185;Bettens, croisée;PostAuto AG;BUS;VD;Bettens;5471;Bettens;ch:1:sboid:100602;;2534101;1164559;585;46.6290173417194, 6.578125419195744
8501487;Bex-Place-du-Marché;Transports Publics du Chablais;TRAIN;VD;Bex;5402;Bex;ch:1:sboid:100008;;2567285.253;1122253.006;427.6;46.25091000071232, 7.014429994280276
8505919;Bex, Mines de Sel;Transports Publics du Chablais (Bus);BUS;VD;Bex;5402;Bex;ch:1:sboid:100617;;2568206;1125214;586;46.277589864690285, 7.026166701427727
8579118;Gryon, La Benjamine;Transports Publics du Chablais (Bus);BUS;VD;Bex;5402;Gryon;ch:1:sboid:100617;arrêt ligne 12.161;2575696;1125865;1347;46.28375949904726, 7.1233024559910865
8579117;Gryon, rte de Bovonne;Transports Publics du Chablais (Bus);BUS;VD;Bex;5402;Gryon;ch:1:sboid:100617;arrêt ligne 12.161;2575116;1125675;1294;46.282029048198304, 7.115787289176213
8582114;Bex, Le Châtel;Transports Publics du Chablais (Bus);BUS;VD;Bex;5402;Bex;ch:1:sboid:100617;;2568154;1120540;515;46.235542510313984, 7.025812122930635
8510409;Bex, Vasselin;Transports Publics du Chablais (Bus);BUS;VD;Bex;5402;Bex;ch:1:sboid:100617;;2567452.902;1119397.164;466;46.22522851228402, 7.01680357341081
8511111;Bex, La Ruaz;Transports Publics du Chablais (Bus);BUS;VD;Bex;5402;Bex;ch:1:sboid:100617;;2566771;1122486;420;46.25298060816052, 7.007745128586748
8511116;Bex, Grand-Moulin;Transports Publics du Chablais (Bus);BUS;VD;Bex;5402;Bex;ch:1:sboid:100617;;2567989;1122451;441;46.25272501373415, 7.023541737989856
8575219;Bex, Servanne;Transports Publics du Chablais (Bus);BUS;VD;Bex;5402;Bex;ch:1:sboid:100617;;2567344;1122005;428;46.24868193237209, 7.015209163768538
8580900;Fenalet-sur-Bex, Grande Salle;Transports Publics du Chablais (Bus);BUS;VD;Bex;5402;Fenalet-sur-Bex;ch:1:sboid:100617;;2568153;1124483;678;46.27101164684239, 7.025529207502855
8501711;Gryon, Solalex;Transports Publics du Chablais (Bus);BUS;VD;Bex;5402;Gryon;ch:1:sboid:100617;;2576763;1126394;1461;46.288556018295175, 7.137120037253095
8512360;Bex, Stand;Transports Publics du Chablais (Bus);BUS;VD;Bex;5402;Bex;ch:1:sboid:100617;;2567323.239;1121644.955;438.3;46.24544214418238, 7.014965249556948
8530064;Bex Pont-Neuf;Transports Publics du Chablais;TRAIN;VD;Bex;5402;Bex;ch:1:sboid:100008;;2567777.804;1122207;432.3;46.25052000203482, 7.020820004865023
8501402;Bex;Schweizerische Bundesbahnen SBB;TRAIN;VD;Bex;5402;Bex;ch:1:sboid:100001;;2566224.453;1122320.503;410.96;46.251464582286516, 7.000669902355405
8501491;Les Posses;Transports Publics du Chablais;TRAIN;VD;Bex;5402;Les Posses-sur-Bex;ch:1:sboid:100008;;2570108.132;1124490.594;983;46.2711699995858, 7.050890003341065
8511068;Bex, Pré Meuran;Transports Publics du Chablais (Bus);BUS;VD;Bex;5402;Bex;ch:1:sboid:100617;;2567897.25;1123966.679;494;46.266354889245754, 7.02224736396886
8570638;Bex, temple;Transports Publics du Chablais (Bus);BUS;VD;Bex;5402;Bex;ch:1:sboid:100617;;2567117;1122291;425;46.25124354588302, 7.012245602424358
8510407;Bex, rte de Chiètres;Transports Publics du Chablais (Bus);BUS;VD;Bex;5402;Bex;ch:1:sboid:100617;;2566891.667;1120693.404;491;46.23686133347338, 7.009437388116575
8519339;Bex place de la gare;Transports Publics du Chablais;;VD;Bex;5402;Bex;ch:1:sboid:100008;(Zug);2566270;1122250;411;46.25083266720314, 7.001265618945799
8510329;Les Plans-sur-Bex,Pont de Nant;Transports Publics du Chablais (Bus);BUS;VD;Bex;5402;Les Plans-sur-Bex;ch:1:sboid:100617;;2574705;1122319;1248;46.251824648888636, 7.110637534318145
8510332;Bex, L'Allex;Transports Publics du Chablais (Bus);BUS;VD;Bex;5402;Bex;ch:1:sboid:100617;;2567147.454;1121854.396;423;46.24731758239739, 7.012671323115866
8510820;Bex, Pont-Neuf;Transports Publics du Chablais (Bus);BUS;VD;Bex;5402;Bex;ch:1:sboid:100617;;2567728;1122189;431;46.250355688557875, 7.020175458247229
8511114;Bex, pl. du Marché;Transports Publics du Chablais (Bus);BUS;VD;Bex;5402;Bex;ch:1:sboid:100617;;2567289;1122251;428;46.25089213856789, 7.01447872200726
8511119;Les Posses-sur-Bex, gare;Transports Publics du Chablais (Bus);BUS;VD;Bex;5402;Les Posses-sur-Bex;ch:1:sboid:100617;;2570159;1124444;976;46.2707531298777, 7.051552838518127
8511067;Bex, En Rond;Transports Publics du Chablais (Bus);BUS;VD;Bex;5402;Bex;ch:1:sboid:100617;;2568746.167;1123262.156;505;46.26005747098022, 7.033305625224297
8511060;Bex, sous-gare;Transports Publics du Chablais (Bus);BUS;VD;Bex;5402;Bex;ch:1:sboid:100617;;2566197.289;1122295.398;410;46.25123738551919, 7.000319487878002
8509023;Bex, Planche-de-Fy;Transports Publics du Chablais (Bus);BUS;VD;Bex;5402;Bex;ch:1:sboid:100617;;2566481;1123607;438;46.26305009804593, 7.003903827635855
8510410;Bex, La Pâtissière;Transports Publics du Chablais (Bus);BUS;VD;Bex;5402;Bex;ch:1:sboid:100617;;2568253;1119977;561;46.23048275051946, 7.027133872627054
8510406;Bex, Cotterd;Transports Publics du Chablais (Bus);BUS;VD;Bex;5402;Bex;ch:1:sboid:100617;;2566863.936;1121700.56;423;46.245919803582005, 7.0090061967284285
8510408;Bex, Grand Chêne;Transports Publics du Chablais (Bus);BUS;VD;Bex;5402;Bex;ch:1:sboid:100617;;2567221.809;1120364.877;534;46.233922290344054, 7.013740318279554
8510405;Bex, Gribannaz;Transports Publics du Chablais (Bus);BUS;VD;Bex;5402;Bex;ch:1:sboid:100617;;2566216.898;1121714.507;407;46.24601298987783, 7.00061593194586
8510404;Bex, Courtraits;Transports Publics du Chablais (Bus);BUS;VD;Bex;5402;Bex;ch:1:sboid:100617;;2565996.304;1121912.569;407;46.24778350078383, 6.997741323062456
8570644;Bex, Le Chêne;Transports Publics du Chablais (Bus);BUS;VD;Bex;5402;Bex;ch:1:sboid:100617;;2568296;1123993;581;46.26661063645529, 7.027417566216774
8570639;Bex, rte d'Aigle;Transports Publics du Chablais (Bus);BUS;VD;Bex;5402;Bex;ch:1:sboid:100617;;2566695;1122602;419;46.25402031266325, 7.006751308469191
8570641;Bex, bif. Salaz;Transports Publics du Chablais (Bus);BUS;VD;Bex;5402;Bex;ch:1:sboid:100617;;2567425.046;1124460.289;495.1;46.27077237581736, 7.0160880607395315
8512361;Bex, route de Rivarotte;Transports Publics du Chablais (Bus);BUS;VD;Bex;5402;Bex;ch:1:sboid:100617;;2566576.735;1122075.78;414.7;46.24928083413016, 7.00525550795295
8570645;Fenalet-sur-Bex, village;Transports Publics du Chablais (Bus);BUS;VD;Bex;5402;Fenalet-sur-Bex;ch:1:sboid:100617;;2568263;1124578;707;46.27187143514711, 7.026949600603828
8570642;Bex, Les Dévens;Transports Publics du Chablais (Bus);BUS;VD;Bex;5402;Bex;ch:1:sboid:100617;;2567537;1124395;497;46.270190496728524, 7.0175448348817815
8570640;Bex, Le Chavalet;Transports Publics du Chablais (Bus);BUS;VD;Bex;5402;Bex;ch:1:sboid:100617;;2566640;1124030;452;46.266863112840404, 7.00593566564337
8579970;Bex, Résidence;Transports Publics du Chablais (Bus);BUS;VD;Bex;5402;Bex;ch:1:sboid:100617;;2567893;1121920;447;46.24794382492501, 7.022333527219483
8580669;Bex, En Bellin;Transports Publics du Chablais (Bus);BUS;VD;Bex;5402;Bex;ch:1:sboid:100617;;2566275;1123054;423;46.25806527418604, 7.001272166965749
8582007;Bex, Domaine du Rhône;Transports Publics du Chablais (Bus);BUS;VD;Bex;5402;Bex;ch:1:sboid:100617;;2565476;1121434;397;46.243451972004195, 6.991030531798012
8510331;Bex, Les Besses;Transports Publics du Chablais (Bus);BUS;VD;Bex;5402;Bex;ch:1:sboid:100617;;2567302.942;1119990.719;545;46.230560528004695, 7.014818296619232
8510330;Bex, La Pelouse;Transports Publics du Chablais (Bus);BUS;VD;Bex;5402;Bex;ch:1:sboid:100617;;2566782;1120203;524;46.232444501362195, 7.008050722161439
8511113;Bex, Les Salines;Transports Publics du Chablais (Bus);BUS;VD;Bex;5402;Bex;ch:1:sboid:100617;;2568314;1122685;458;46.25484539266986, 7.027740159706844
8511115;Bex, Foyer Dents-du-Midi;Transports Publics du Chablais (Bus);BUS;VD;Bex;5402;Bex;ch:1:sboid:100617;;2568516;1122880;472;46.25660902747199, 7.030346450405432
8511120;Gryon, chemin de Chalméry;Transports Publics du Chablais (Bus);BUS;VD;Bex;5402;Gryon;ch:1:sboid:100617;;2570065;1124651;1040;46.27261100702272, 7.0503201774439725
8530067;Les Salines;Transports Publics du Chablais;TRAIN;VD;Bex;5402;Bex;ch:1:sboid:100008;;2568306.273;1122684.441;458;46.25483999901063, 7.027639995820213
8530246;Foyer Dents-du-Midi;Transports Publics du Chablais;TRAIN;VD;Bex;5402;Bex;ch:1:sboid:100008;;2568476.821;1122855.856;471.7;46.25638999964525, 7.029840005915152
8530523;La Ruaz;Transports Publics du Chablais;TRAIN;VD;Bex;5402;Bex;ch:1:sboid:100008;;2566769.123;1122497.059;420.2;46.2530799960641, 7.007719998986622
8511117;Les Posses-sur-Bex, Hameau;Transports Publics du Chablais (Bus);BUS;VD;Bex;5402;Les Posses-sur-Bex;ch:1:sboid:100617;;2569829;1124481;954;46.271071189858475, 7.047269814403159
8530066;Grand-Moulin;Transports Publics du Chablais;TRAIN;VD;Bex;5402;Bex;ch:1:sboid:100008;;2567964.127;1122439.458;439.6;46.252620000085905, 7.023219998127118
8504691;Frenières-sur-Bex, bif.;Transports Publics du Chablais (Bus);BUS;VD;Bex;5402;Frenières-sur-Bex;ch:1:sboid:100617;;2571572;1123242;868;46.26000195071752, 7.069955222223409
8570647;Bex, route des Monts bif.;Transports Publics du Chablais (Bus);BUS;VD;Bex;5402;Bex;ch:1:sboid:100617;;2569035;1123755;595;46.264504251667496, 7.037018680762522
8570648;Bex, Les Véneresses;Transports Publics du Chablais (Bus);BUS;VD;Bex;5402;Frenières-sur-Bex;ch:1:sboid:100617;;2570701;1123688;768;46.26397644068502, 7.058631092902527
8512359;Bex, Valentines;Transports Publics du Chablais (Bus);BUS;VD;Bex;5402;Bex;ch:1:sboid:100617;;2568300.16;1121854.708;448.1;46.24737586369449, 7.027617265156749
8593772;Gryon-Chalméry;Transports Publics du Chablais;TRAIN;VD;Bex;5402;Gryon;ch:1:sboid:100008;;2570188.12;1124764.779;1093.7;46.273639994112585, 7.051909995439043
8501490;Fontannaz-Seulaz;Transports Publics du Chablais;TRAIN;VD;Bex;5402;Les Posses-sur-Bex;ch:1:sboid:100008;;2570488.551;1124091.855;808.7;46.267599999752434, 7.055849997044436
8501709;Gryon, Combe à Jordan;Transports Publics du Chablais (Bus);BUS;VD;Bex;5402;Gryon;ch:1:sboid:100617;arrêt ligne 12.161;2575676;1126001;1366;46.28498216669191, 7.123035836503789
8501488;Bévieux;Transports Publics du Chablais;TRAIN;VD;Bex;5402;Bex;ch:1:sboid:100008;;2568558.522;1123144.463;482.7;46.258989996088324, 7.0308800049877735
8570646;Bévieux, gare;Transports Publics du Chablais (Bus);BUS;VD;Bex;5402;Bex;ch:1:sboid:100617;;2568575;1123097;484;46.25856381582986, 7.031096911448927
8501778;Les Plans-sur-Bex, village;Transports Publics du Chablais (Bus);BUS;VD;Bex;5402;Les Plans-sur-Bex;ch:1:sboid:100617;bis 2018: Les Plans-sur-Bex, poste;2573346;1122890;1086;46.25690842333612, 7.092982506316987
8570637;Bex, place de la gare;Transports Publics du Chablais (Bus);BUS;VD;Bex;5402;Bex;ch:1:sboid:100617;;2566250;1122300;417;46.25128143433952, 7.0010026561309395
8570649;Les Plans-sur-Bex, Le Chamois;Transports Publics du Chablais (Bus);BUS;VD;Bex;5402;Les Plans-sur-Bex;ch:1:sboid:100617;;2573118;1122752;1070;46.25565793579709, 7.090033709976112
8570643;Bex, Les Luisances;Transports Publics du Chablais (Bus);BUS;VD;Bex;5402;Bex;ch:1:sboid:100617;;2568237;1123845;511;46.26527651166969, 7.02666241278948
8519320;Bière-Jonction;Transports de la région Morges-Bière-Cossonay;;VD;Bière;5425;Bière;ch:1:sboid:100012;(Zug);2516635;1155082;697;46.541819802489364, 6.351796489459302
8501192;Bière-Casernes;Transports de la région Morges-Bière-Cossonay;;VD;Bière;5425;Bière;ch:1:sboid:100012;Güterverkehr;2516627.815;1153604.59;669.1;46.52853000243222, 6.351970004487234
8570119;Bière, gare;Automobiles MBC;BUS;VD;Bière;5425;Bière;ch:1:sboid:100566;;2515500;1154625;692;46.537566608438816, 6.337085016650491
8501096;Bière;Transports de la région Morges-Bière-Cossonay;TRAIN;VD;Bière;5425;Bière;ch:1:sboid:100012;;2515486.377;1154611.115;691.7;46.53743999364509, 6.336909994066487
8595652;Bière, collège;Automobiles MBC;BUS;VD;Bière;5425;Bière;ch:1:sboid:100566;(Bus) ohne Fahrplandaten 2016 [zu löschen];2515676;1154492;686;46.53639255133148, 6.339403405998071
8507654;Bioley-Magnoux, collège;PostAuto AG;BUS;VD;Bioley-Magnoux;5903;Bioley-Magnoux;ch:1:sboid:100602;;2544347;1175203;573;46.72569536114465, 6.710617602078139
8570398;Bioley-Magnoux, Moulin agr.;PostAuto AG;BUS;VD;Bioley-Magnoux;5903;Bioley-Magnoux;ch:1:sboid:100602;;2544438;1174220;578;46.71686080742512, 6.711927280343712
8501261;Clies;Montreux-Vevey-Riviera (cev);;VD;Blonay - Saint-Légier;5892;St-Légier-La Chiésaz;ch:1:sboid:100023;;2555163.297;1146437.734;460;46.467760001915, 6.854909996765118
8501265;La Chiésaz;Montreux-Vevey-Riviera (cev);TRAIN;VD;Blonay - Saint-Légier;5892;St-Légier-La Chiésaz;ch:1:sboid:100023;;2557255.428;1146617.039;576;46.46950999820902, 6.88213000031258
8501287;Lally;Montreux-Vevey-Riviera (cev);TRAIN;VD;Blonay - Saint-Légier;5892;Blonay;ch:1:sboid:100023;;2559712.798;1147678.395;1231.6;46.479209995866945, 6.914029995211585
8507282;St-Légier, gare;Transports publics Vevey-Montreux-Chillon-Villeneuve;BUS;VD;Blonay - Saint-Légier;5892;St-Légier-La Chiésaz;ch:1:sboid:100675;arrêt provisoire été 2020, utilisable aussi pour bus de remplacement;2556474;1146779;534;46.470916462327224, 6.871941321888595
8587596;Chantemerle-près-Blonay;Montreux-Vevey-Riviera (cev);TRAIN;VD;Blonay - Saint-Légier;5892;Blonay;ch:1:sboid:100023;Bedarfshalt;2559124.345;1145730.261;664.9;46.46164999640413, 6.906540001927894
8511611;St-Légier, route de la Gare;Montreux-Vevey-Riviera (cev);BUS;VD;Blonay - Saint-Légier;5892;St-Légier-La Chiésaz;ch:1:sboid:100023;;2556456;1146905;546.9;46.472048707422495, 6.871695091381628
8511643;Château-de-Blonay, gare;Montreux-Vevey-Riviera (cev);BUS;VD;Blonay - Saint-Légier;5892;Blonay;ch:1:sboid:100023;;2558020;1146438;614.4;46.46794793725102, 6.892100259070412
8595969;St-Légier, collège La Chiésaz;Transports publics Vevey-Montreux-Chillon-Villeneuve;BUS;VD;Blonay - Saint-Légier;5892;St-Légier-La Chiésaz;ch:1:sboid:100675;;2557123.815;1146758.685;576;46.470775728597964, 6.880403380536096
8595968;St-Légier, Bottassioux;Transports publics Vevey-Montreux-Chillon-Villeneuve;BUS;VD;Blonay - Saint-Légier;5892;St-Légier-La Chiésaz;ch:1:sboid:100675;;2556276;1146979;537;46.47270261269957, 6.869344554385279
8593906;Blonay, Champ Dodoz;Transports publics Vevey-Montreux-Chillon-Villeneuve;BUS;VD;Blonay - Saint-Légier;5892;Blonay;ch:1:sboid:100675;;2557859.651;1146015.441;579;46.4641367616099, 6.890051286634981
8593911;Blonay, Novalles;Transports publics Vevey-Montreux-Chillon-Villeneuve;BUS;VD;Blonay - Saint-Légier;5892;Blonay;ch:1:sboid:100675;;2557156;1145915;521;46.46318851878554, 6.88090067690959
8593905;Blonay, Antiquaire;Transports publics Vevey-Montreux-Chillon-Villeneuve;BUS;VD;Blonay - Saint-Légier;5892;Blonay;ch:1:sboid:100675;;2557618;1145842;538;46.4625613105622, 6.886921460353604
8501266;Château-de-Blonay;Montreux-Vevey-Riviera (cev);TRAIN;VD;Blonay - Saint-Légier;5892;Blonay;ch:1:sboid:100023;;2557993.409;1146482.882;613.8;46.46834999771031, 6.891749997286764
8501280;St-Légier-Gare;Montreux-Vevey-Riviera (cev);TRAIN;VD;Blonay - Saint-Légier;5892;St-Légier-La Chiésaz;ch:1:sboid:100023;;2556472.819;1146736.046;533.1;46.47052999791263, 6.87192999514584
8501283;Tusinge;Montreux-Vevey-Riviera (cev);TRAIN;VD;Blonay - Saint-Légier;5892;Blonay;ch:1:sboid:100023;;2558343.285;1147091.871;725.3;46.47384999687032, 6.896250000779065
8501282;Prélaz-sur-Blonay;Montreux-Vevey-Riviera (cev);TRAIN;VD;Blonay - Saint-Légier;5892;Blonay;ch:1:sboid:100023;;2558464.343;1146417.602;661.4;46.46779221317629, 6.897886839543974
8579213;Blonay, gare;Transports publics Vevey-Montreux-Chillon-Villeneuve;BUS;VD;Blonay - Saint-Légier;5892;Blonay;ch:1:sboid:100675;;2558298;1146174;620;46.465590557165726, 6.895743285592778
8512567;Les Chevalleyres, gare;Montreux-Vevey-Riviera (cev);BUS;VD;Blonay - Saint-Légier;5892;Blonay;ch:1:sboid:100023;;2558413.033;1147385.427;761.9;46.476494990848764, 6.897131682807365
8595114;St-Légier, Pont de Fenil;Transports publics Vevey-Montreux-Chillon-Villeneuve;BUS;VD;Blonay - Saint-Légier;5892;St-Légier-La Chiésaz;ch:1:sboid:100675;;2556014.022;1147661.45;535;46.47882431266202, 6.865868639212175
8595112;St-Légier, Grangette;Transports publics Vevey-Montreux-Chillon-Villeneuve;BUS;VD;Blonay - Saint-Légier;5892;St-Légier-La Chiésaz;ch:1:sboid:100675;;2556052.31;1147416.122;540;46.47662001536361, 6.866390554815359
8595874;St-Légier, village;Transports publics Vevey-Montreux-Chillon-Villeneuve;BUS;VD;Blonay - Saint-Légier;5892;St-Légier-La Chiésaz;ch:1:sboid:100675;;2556847.101;1146867.863;564;46.471740014836584, 6.876790547350572
8595111;St-Légier, Ferreyres;Transports publics Vevey-Montreux-Chillon-Villeneuve;BUS;VD;Blonay - Saint-Légier;5892;St-Légier-La Chiésaz;ch:1:sboid:100675;;2556034.248;1147125.57;514;46.47400520349722, 6.866183049541511
8531441;La Châ;Coopérative des Pléiades;CHAIRLIFT;VD;Blonay - Saint-Légier;5892;St-Légier-La Chiésaz;ch:1:sboid:100988;SBA.74.006.9;2559676;1148865;1393;46.48988177176069, 6.913447143239351
8501263;Château-d'Hauteville;Montreux-Vevey-Riviera (cev);TRAIN;VD;Blonay - Saint-Légier;5892;St-Légier-La Chiésaz;ch:1:sboid:100023;;2555961.155;1146510.766;505.1;46.46846999966136, 6.865290004267839
8501288;Les Pléiades;Montreux-Vevey-Riviera (cev);TRAIN;VD;Blonay - Saint-Légier;5892;Blonay;ch:1:sboid:100023;;2559401.83;1148141.834;1347.6;46.483359994184944, 6.909939996396287
8595116;St-Légier, tennis;Transports publics Vevey-Montreux-Chillon-Villeneuve;BUS;VD;Blonay - Saint-Légier;5892;St-Légier-La Chiésaz;ch:1:sboid:100675;;2555416;1147344;490;46.475929101545034, 6.858112322501199
8579210;Blonay, Portaz;Transports publics Vevey-Montreux-Chillon-Villeneuve;BUS;VD;Blonay - Saint-Légier;5892;Blonay;ch:1:sboid:100675;;2558055.733;1145733.412;602;46.46161213289501, 6.892629451479852
8579211;Blonay, village;Transports publics Vevey-Montreux-Chillon-Villeneuve;BUS;VD;Blonay - Saint-Légier;5892;Blonay;ch:1:sboid:100675;;2558166;1146016;614;46.46416103466257, 6.894039210929408
8579209;Blonay, Planaz;Transports publics Vevey-Montreux-Chillon-Villeneuve;BUS;VD;Blonay - Saint-Légier;5892;Blonay;ch:1:sboid:100675;;2558341.807;1145542.203;580;46.45991002220859, 6.896370556093767
8530261;Bois-de-Chexbres;Montreux-Vevey-Riviera (cev);TRAIN;VD;Blonay - Saint-Légier;5892;Blonay;ch:1:sboid:100023;;2558748.358;1147025.712;835.8;46.47327999986844, 6.901529994631869
8531440;Les Motalles;Coopérative des Pléiades;CHAIRLIFT;VD;Blonay - Saint-Légier;5892;Blonay;ch:1:sboid:100988;SBA.74.006.1;2560127;1148642;1210;46.48790286866705, 6.919340218328184
8595113;St-Légier, Plateau de la Veyre;Transports publics Vevey-Montreux-Chillon-Villeneuve;BUS;VD;Blonay - Saint-Légier;5892;St-Légier-La Chiésaz;ch:1:sboid:100675;;2555602;1147036;488;46.47317091147093, 6.860563759025952
8501262;Hauteville;Montreux-Vevey-Riviera (cev);TRAIN;VD;Blonay - Saint-Légier;5892;St-Légier-La Chiésaz;ch:1:sboid:100023;;2555621.385;1146267.582;489.8;46.46625999502058, 6.8608899965644365
8501264;St-Légier-Village;Montreux-Vevey-Riviera (cev);TRAIN;VD;Blonay - Saint-Légier;5892;St-Légier-La Chiésaz;ch:1:sboid:100023;;2556829.587;1146787.946;553.2;46.47101999970897, 6.876569995069464
8501281;Blonay;Montreux-Vevey-Riviera (cev);TRAIN;VD;Blonay - Saint-Légier;5892;Blonay;ch:1:sboid:100023;;2558313.187;1146184.949;619.7;46.46568999526654, 6.895940002913107
8501285;Fayaux;Montreux-Vevey-Riviera (cev);TRAIN;VD;Blonay - Saint-Légier;5892;Blonay;ch:1:sboid:100023;;2559214.36;1146655.678;968.3;46.46997999961394, 6.907630005853654
8501284;Les Chevalleyres;Montreux-Vevey-Riviera (cev);TRAIN;VD;Blonay - Saint-Légier;5892;Blonay;ch:1:sboid:100023;;2558488.238;1147284.301;773.6;46.47559000215196, 6.898119996016441
8501286;Ondallaz-L'Alliaz;Montreux-Vevey-Riviera (cev);TRAIN;VD;Blonay - Saint-Légier;5892;Blonay;ch:1:sboid:100023;;2559702.914;1147005.896;1085.9;46.473159995180886, 6.913960000840379
8511596;Château-d'Hauteville, gare;Montreux-Vevey-Riviera (cev);BUS;VD;Blonay - Saint-Légier;5892;St-Légier-La Chiésaz;ch:1:sboid:100023;;2555853;1146525;502.5;46.468590904460854, 6.863880601575637
8595117;St-Légier, La Veyre-d'En-Haut;Transports publics Vevey-Montreux-Chillon-Villeneuve;BUS;VD;Blonay - Saint-Légier;5892;St-Légier-La Chiésaz;ch:1:sboid:100675;;2555809.609;1147445.636;519;46.476869500827114, 6.863227592179004
8512566;Blonay, Tusinge;Montreux-Vevey-Riviera (cev);BUS;VD;Blonay - Saint-Légier;5892;Blonay;ch:1:sboid:100023;;2558257.742;1147191.947;720.7;46.47474488418433, 6.89512717673873
8593910;Blonay, Mottex;Transports publics Vevey-Montreux-Chillon-Villeneuve;BUS;VD;Blonay - Saint-Légier;5892;Blonay;ch:1:sboid:100675;;2557492;1145645;525;46.460781216764445, 6.88529940490059
8593907;Blonay, Champsavaux;Transports publics Vevey-Montreux-Chillon-Villeneuve;BUS;VD;Blonay - Saint-Légier;5892;Blonay;ch:1:sboid:100675;;2557747.172;1145819.496;538;46.462367058707365, 6.888604999008433
8570570;Bains-de-l'Alliaz;PostAuto AG;BUS;VD;Blonay - Saint-Légier;5892;Blonay;ch:1:sboid:100602;;2560725;1147875;1044;46.481038810924325, 6.9271935461542995
8593908;Blonay, Forchex;Transports publics Vevey-Montreux-Chillon-Villeneuve;BUS;VD;Blonay - Saint-Légier;5892;Blonay;ch:1:sboid:100675;;2557804.567;1145344.428;494;46.45809725893559, 6.8893955164393015
8583451;Bofflens, Sur Chaumy;PostAuto AG;BUS;VD;Bofflens;5747;Bofflens;ch:1:sboid:100602;;2528185;1172930;573;46.70370242897971, 6.499570568588654
8570234;Bofflens, laiterie;PostAuto AG;BUS;VD;Bofflens;5747;Bofflens;ch:1:sboid:100602;;2528104;1173078;577;46.705024923363865, 6.498488270910315
8579316;Bogis-Bossey;Transports Publics de la Région Nyonnaise;BUS;VD;Bogis-Bossey;5705;Bogis-Bossey;ch:1:sboid:100540;;2501980;1134201;469;46.35201752839267, 6.165192530219492
8504246;Onnens-Bonvillars PMP;Schweizerische Bundesbahnen SBB;;VD;Bonvillars;5551;Bonvillars;ch:1:sboid:100001;Güterverkehr;2542475;1186943;439;46.831137299809505, 6.684652022000772
8507678;Bonvillars, Flusel;PostAuto AG;BUS;VD;Bonvillars;5551;Bonvillars;ch:1:sboid:100602;;2540870;1187240;454;46.8336678350387, 6.66357804918676
8557045;Bonvillars, la Croix;PostAuto AG;BUS;VD;Bonvillars;5551;Bonvillars;ch:1:sboid:100602;;2542292;1187256;457;46.833936834308105, 6.682213954234318
8507658;Bonvillars, village;PostAuto AG;BUS;VD;Bonvillars;5551;Bonvillars;ch:1:sboid:100602;;2541491;1187795;471;46.83871500394617, 6.671646136823744
8570275;Bonvillars, La Cour;PostAuto AG;BUS;VD;Bonvillars;5551;Bonvillars;ch:1:sboid:100602;;2541190;1187602;471;46.836952401366105, 6.66772552037879
8582968;Bonvillars, bas du village;PostAuto AG;BUS;VD;Bonvillars;5551;Bonvillars;ch:1:sboid:100602;;2541551;1187618;467;46.837128189917884, 6.672455321760901
8579312;Borex, centre;Transports Publics de la Région Nyonnaise;BUS;VD;Borex;5706;Borex;ch:1:sboid:100540;;2502931.731;1137136.371;470.8;46.37855811174729, 6.1769409278399054
8570178;Bottens, croisée;PostAuto AG;BUS;VD;Bottens;5514;Bottens;ch:1:sboid:100602;;2540360;1163133;730;46.61677960834887, 6.660035251039706
8570179;Bottens, La Rustériaz;Transports Publics de la Région Lausannoise sa;BUS;VD;Bottens;5514;Bottens;ch:1:sboid:100122;;2540835;1161982;730;46.60646854819286, 6.66638417844937
8570043;Bougy-Villars, Dessus;PostAuto AG;BUS;VD;Bougy-Villars;5426;Bougy-Villars;ch:1:sboid:100602;;2517141;1148219;545;46.480151788135075, 6.359624834137733
8500734;Bougy-Villars, centre;PostAuto AG;BUS;VD;Bougy-Villars;5426;Bougy-Villars;ch:1:sboid:100602;;2516765;1148070;545;46.478764875376854, 6.354755911824212
8570222;Boulens, Moulin de l'Augine;PostAuto AG;BUS;VD;Boulens;5661;Boulens;ch:1:sboid:100602;;2545404;1169827;712;46.67742523454164, 6.7250847282068085
8570223;Boulens, croisée;PostAuto AG;BUS;VD;Boulens;5661;Boulens;ch:1:sboid:100602;;2545005;1170154;719;46.68033381137865, 6.7198309828183165
8501317;Cully (lac);CGN SA;BOAT;VD;Bourg-en-Lavaux;5613;Cully;ch:1:sboid:100143;;2545713;1148707;373;46.4874719542918, 6.731615508497017
8509221;Cully, Maison de Commune;Service d'automobiles TPF;BUS;VD;Bourg-en-Lavaux;5613;Cully;ch:1:sboid:100633;;2545567.363;1148765.071;379.3;46.487982472365765, 6.729712016040308
8510138;Villette (Lavaux), gare;Service d'automobiles TPF;BUS;VD;Bourg-en-Lavaux;5613;Villette (Lavaux);ch:1:sboid:100633;;2543852.211;1149596.792;385.3;46.49532208500827, 6.707274036153384
8582777;Grandvaux, Le Tronchet;PostAuto AG;BUS;VD;Bourg-en-Lavaux;5613;Grandvaux;ch:1:sboid:100602;;2545464;1151670;723;46.514104565118515, 6.728022528480152
8588454;Grandvaux, Pra Grana;Transports Publics de la Région Lausannoise sa;BUS;VD;Bourg-en-Lavaux;5613;Grandvaux;ch:1:sboid:100122;;2544426.558;1150424.39;644;46.50281452437497, 6.7146552271566495
8588453;Aran, Pra Forny;Transports Publics de la Région Lausannoise sa;BUS;VD;Bourg-en-Lavaux;5613;Aran;ch:1:sboid:100122;;2544176.092;1150705.787;638;46.50532487580781, 6.711358410148335
8512258;Grandvaux, Chincuz;PostAuto AG;BUS;VD;Bourg-en-Lavaux;5613;Grandvaux;ch:1:sboid:100602;;2545091.774;1151318.981;727.4;46.51091658045317, 6.723214394267437
8504011;Grandvaux;Schweizerische Bundesbahnen SBB;TRAIN;VD;Bourg-en-Lavaux;5613;Grandvaux;ch:1:sboid:100001;;2545034.274;1149766.646;565.065;46.49694824046734, 6.722650186115819
8510137;Epesses, gare;Service d'automobiles TPF;BUS;VD;Bourg-en-Lavaux;5613;Cully;ch:1:sboid:100633;;2546773;1148920;389.8;46.489473207494974, 6.7453954869973
8501297;Riex, fontaine;PostAuto AG;BUS;VD;Bourg-en-Lavaux;5613;Riex;ch:1:sboid:100602;;2546034;1149360;442;46.49337184811767, 6.735719586613959
8510004;Cully, Hôpital de Lavaux;PostAuto AG;BUS;VD;Bourg-en-Lavaux;5613;Cully;ch:1:sboid:100602;;2545203;1149048;420;46.49049770874658, 6.724933236311269
8570561;Epesses, village;PostAuto AG;BUS;VD;Bourg-en-Lavaux;5613;Epesses;ch:1:sboid:100602;;2546858;1149182;456;46.49183672972652, 6.746472329666485
8570560;Epesses, Crêt-Dessus;PostAuto AG;BUS;VD;Bourg-en-Lavaux;5613;Epesses;ch:1:sboid:100602;;2546657;1149235;460;46.492297463624006, 6.743848340095784
8582779;Grandvaux, Le Signal;PostAuto AG;BUS;VD;Bourg-en-Lavaux;5613;Grandvaux;ch:1:sboid:100602;;2544460;1150639;672;46.50474777361111, 6.715065039444638
8582778;Grandvaux, Crêt-Mouton;PostAuto AG;BUS;VD;Bourg-en-Lavaux;5613;Grandvaux;ch:1:sboid:100602;;2544668;1151089;708;46.508812882029815, 6.717720734196449
8582780;Grandvaux, gare;PostAuto AG;BUS;VD;Bourg-en-Lavaux;5613;Grandvaux;ch:1:sboid:100602;;2545010;1149764;564;46.496922441926756, 6.722334322962578
8582781;Grandvaux, Le Bougnon;PostAuto AG;BUS;VD;Bourg-en-Lavaux;5613;Grandvaux;ch:1:sboid:100602;;2544512;1149539;498;46.494857348800956, 6.715874737132626
8501123;Villette VD;Schweizerische Bundesbahnen SBB;TRAIN;VD;Bourg-en-Lavaux;5613;Villette (Lavaux);ch:1:sboid:100001;;2543860.245;1149608.137;387.487;46.49542481880895, 6.707377298812546
8595731;Riex, Mouniaz;PostAuto AG;BUS;VD;Bourg-en-Lavaux;5613;Cully;ch:1:sboid:100602;;2545919;1149393;439;46.493659394118986, 6.734217895955771
8595729;Grandvaux, gare sud;PostAuto AG;BUS;VD;Bourg-en-Lavaux;5613;Grandvaux;ch:1:sboid:100602;;2544882;1149730;562;46.49660605828709, 6.720671134369956
8501125;Epesses;Schweizerische Bundesbahnen SBB;TRAIN;VD;Bourg-en-Lavaux;5613;Cully;ch:1:sboid:100001;;2546755.241;1148904.103;383.09;46.48932879519122, 6.745166034120104
8501124;Cully;Schweizerische Bundesbahnen SBB;TRAIN;VD;Bourg-en-Lavaux;5613;Cully;ch:1:sboid:100001;;2545371.351;1148831.252;391.66;46.48856179169186, 6.727151466849018
8595730;Grandvaux, Chenaux;PostAuto AG;BUS;VD;Bourg-en-Lavaux;5613;Chenaux;ch:1:sboid:100602;;2545458;1149466;518;46.494278578796774, 6.7282049218068405
8595728;Grandvaux, Genevrey;PostAuto AG;BUS;VD;Bourg-en-Lavaux;5613;Grandvaux;ch:1:sboid:100602;;2544540;1149975;599;46.49878159111072, 6.7161870350620445
8570559;Cully, gare;PostAuto AG;BUS;VD;Bourg-en-Lavaux;5613;Cully;ch:1:sboid:100602;;2545352;1148830;391;46.48854894759959, 6.726899599534595
8570066;Bournens, école;PostAuto AG;BUS;VD;Bournens;5472;Bournens;ch:1:sboid:100602;;2532950;1161763;561;46.6037526076271, 6.5635047876114
8570067;Bournens, Au Mont;PostAuto AG;BUS;VD;Bournens;5472;Bournens;ch:1:sboid:100602;;2532949;1161452;575;46.600955063513155, 6.56353709024505
8581344;Boussens, village;PostAuto AG;BUS;VD;Boussens;5473;Boussens;ch:1:sboid:100602;;2534495;1161642;591;46.602817717750355, 6.58368568333111
8583636;Boussens, Chevrine;PostAuto AG;BUS;VD;Boussens;5473;Boussens;ch:1:sboid:100602;;2534472;1162130;604;46.60720502796239, 6.58331595982913
8570092;Bremblens, bas du village;Automobiles MBC;BUS;VD;Bremblens;5622;Bremblens;ch:1:sboid:100566;;2529116.919;1155267.305;452.2;46.54492789593728, 6.51448040882846
8570176;Bretigny-sur-Morrens, croisée;Transports Publics de la Région Lausannoise sa;BUS;VD;Bretigny-sur-Morrens;5515;Bretigny-sur-Morrens;ch:1:sboid:100122;;2539332;1161067;725;46.59810301012002, 6.646888256320964
8511376;Bretonnières, rue de la Gare;SBB Infrastruktur AG Bahnersatz;BUS;VD;Bretonnières;5748;Bretonnières;ch:1:sboid:1100021;;2526287.084;1173906.229;670;46.712276023470935, 6.474598433484571
8501105;Bretonnières;Schweizerische Bundesbahnen SBB;TRAIN;VD;Bretonnières;5748;Bretonnières;ch:1:sboid:100001;;2526301.137;1174215.047;673.276;46.715055329929, 6.474732504265312
8577591;Buchillon, Grands-Bois;PostAuto AG;BUS;VD;Buchillon;5623;Buchillon;ch:1:sboid:100602;;2521241.321;1147347.936;408.2;46.472812200938215, 6.413162752627645
8577592;Buchillon, collège;PostAuto AG;BUS;VD;Buchillon;5623;Buchillon;ch:1:sboid:100602;;2521804;1147210;402;46.47163751179448, 6.420511633791021
8579287;Les Rasses, Grand-Hôtel;Transports Vallée de Joux-Yverdon-Ste-Croix;BUS;VD;Bullet;5552;Les Rasses;ch:1:sboid:100694;;2531015.321;1186702.997;1181;46.82788725688412, 6.534498096697381
8504272;Bullet, village;Transports Vallée de Joux-Yverdon-Ste-Croix;BUS;VD;Bullet;5552;Bullet;ch:1:sboid:100694;;2532557.746;1187018.152;1143;46.83088037457349, 6.55466527487357
8504275;Bullet, bif. Granges Champod;Transports Vallée de Joux-Yverdon-Ste-Croix;BUS;VD;Bullet;5552;Bullet;ch:1:sboid:100694;;2534415.257;1188829.721;1174;46.84736104627469, 6.578749107628847
8504274;Bullet, Les Cluds;Transports Vallée de Joux-Yverdon-Ste-Croix;BUS;VD;Bullet;5552;Bullet;ch:1:sboid:100694;;2533120.212;1188463.603;1211;46.843938742459066, 6.561824847650254
8504273;Bullet, bif. Les Cluds;Transports Vallée de Joux-Yverdon-Ste-Croix;BUS;VD;Bullet;5552;Bullet;ch:1:sboid:100694;;2533356;1187771;1197;46.8377326415398, 6.565017101652887
8504299;Les Rasses, village;Transports Vallée de Joux-Yverdon-Ste-Croix;BUS;VD;Bullet;5552;Les Rasses;ch:1:sboid:100694;;2531345.706;1186821.503;1190;46.828987415989985, 6.538810010058542
8587261;Bullet, Grande Salle;Transports Vallée de Joux-Yverdon-Ste-Croix;BUS;VD;Bullet;5552;Bullet;ch:1:sboid:100694;;2532247.294;1186780.464;1153;46.828710841811116, 6.55063183917477
8501032;Gilly-Bursinel;Schweizerische Bundesbahnen SBB;;VD;Bursinel;5852;Bursinel;ch:1:sboid:100001;(Zug);2512994.886;1144377.056;428.895;46.445068155021595, 6.30636325595947
8579649;Bursinel, village;PostAuto AG;BUS;VD;Bursinel;5852;Bursinel;ch:1:sboid:100602;;2512909;1143702;428;46.43898507131791, 6.305372773118576
8581660;Gilly-Bursinel, gare sud;PostAuto AG;BUS;VD;Bursinel;5852;Bursinel;ch:1:sboid:100602;;2513041;1144207;428;46.443544552948225, 6.306995259257782
8583459;Bursinel, Château;PostAuto AG;BUS;VD;Bursinel;5852;Bursinel;ch:1:sboid:100602;;2513062;1143916;428;46.44092982720027, 6.307323191901461
8570059;Bursins, village;PostAuto AG;BUS;VD;Bursins;5853;Bursins;ch:1:sboid:100602;;2511829;1145198;469;46.452299672331804, 6.2910361486991855
8582697;Bursins, Bourdouzan;PostAuto AG;BUS;VD;Bursins;5853;Bursins;ch:1:sboid:100602;;2511561;1145039;459;46.45083415314107, 6.287578853374848
8501852;Burtigny, village;PostAuto AG;BUS;VD;Burtigny;5854;Burtigny;ch:1:sboid:100602;;2509274;1146897;738;46.4672399411349, 6.2574526566997655
8570029;Burtigny, Le Battoir;PostAuto AG;BUS;VD;Burtigny;5854;Burtigny;ch:1:sboid:100602;;2509527;1146645;721;46.46500756670003, 6.260795365895952
8582794;Burtigny, Les Oches;PostAuto AG;BUS;VD;Burtigny;5854;Burtigny;ch:1:sboid:100602;;2509136;1147262;747;46.47050423749145, 6.2555845093810705
8501147;Archy (bif);Schweizerische Bundesbahnen SBB;;VD;Bussigny;5624;Bussigny;ch:1:sboid:100001;(Zug);2532512.118;1154928.645;404.4;46.5422333878847, 6.5587921121162704
8506905;Bussigny, Tatironne;Transports Publics de la Région Lausannoise sa;BUS;VD;Bussigny;5624;Bussigny;ch:1:sboid:100122;;2531816;1156111.6;438;46.55280336864576, 6.549542444415987
8581916;Bussigny, Condémine;Transports Publics de la Région Lausannoise sa;BUS;VD;Bussigny;5624;Bussigny;ch:1:sboid:100122;;2532675;1156402;468;46.55550268879043, 6.5607001333912685
8581924;Bussigny, Sullens;Transports Publics de la Région Lausannoise sa;BUS;VD;Bussigny;5624;Bussigny;ch:1:sboid:100122;;2532707;1156096;448;46.552753438746926, 6.561162094242082
8591930;Bussigny, Croix de Plan;Transports Publics de la Région Lausannoise sa;BUS;VD;Bussigny;5624;Bussigny;ch:1:sboid:100122;;2532879;1155575;426;46.548084343647645, 6.563480639591005
8594178;Bussigny, Rente;Transports Publics de la Région Lausannoise sa;BUS;VD;Bussigny;5624;Bussigny;ch:1:sboid:100122;;2532809;1156577;468;46.55709031605553, 6.5624218597455055
8591931;Bussigny, Buyère;Transports Publics de la Région Lausannoise sa;BUS;VD;Bussigny;5624;Bussigny;ch:1:sboid:100122;;2532885.1;1155781.4;426;46.549941530019495, 6.5635300990060195
8595215;Bussigny, Reculan;Automobiles MBC;BUS;VD;Bussigny;5624;Bussigny;ch:1:sboid:100566;;2532172.056;1154924.785;392.8;46.54216421401348, 6.5543596269747955
8515301;Archy A (bif);Schweizerische Bundesbahnen SBB;;VD;Bussigny;5624;Bussigny;ch:1:sboid:100001;(Zug);2532895.621;1155064.448;408.41;46.5434935850315, 6.563771693221457
8595217;Bussigny, Vallon;Automobiles MBC;BUS;VD;Bussigny;5624;Bussigny;ch:1:sboid:100566;;2532119.949;1155068.152;396;46.54344851231627, 6.553659240767924
8505529;Bussigny, St-Germain;Transports Publics de la Région Lausannoise sa;BUS;VD;Bussigny;5624;Bussigny;ch:1:sboid:100122;;2531518.487;1155924.575;407;46.551090627275705, 6.545691105217682
8506907;Bussigny, Jordil;Transports Publics de la Région Lausannoise sa;BUS;VD;Bussigny;5624;Bussigny;ch:1:sboid:100122;;2531636.31;1156046.169;417;46.55219643885844, 6.547209258018465
8509514;Bussigny, Colline;Transports Publics de la Région Lausannoise sa;BUS;VD;Bussigny;5624;Bussigny;ch:1:sboid:100122;;2532123.361;1156617.47;477;46.557384986332444, 6.553475439721557
8501117;Bussigny;Schweizerische Bundesbahnen SBB;TRAIN;VD;Bussigny;5624;Bussigny;ch:1:sboid:100001;;2531984.566;1155530.145;406.8;46.547590367464494, 6.551826149226752
8595216;Bussigny, gare sud;Automobiles MBC;BUS;VD;Bussigny;5624;Bussigny;ch:1:sboid:100566;;2531993.317;1155456.18;404.5;46.54692594120441, 6.551951157483463
8581914;Bussigny, gare;Transports Publics de la Région Lausannoise sa;BUS;VD;Bussigny;5624;Bussigny;ch:1:sboid:100122;;2532020;1155520;410;46.5475027212628, 6.552289609905032
8581920;Bussigny, Sauge;Transports Publics de la Région Lausannoise sa;BUS;VD;Bussigny;5624;Bussigny;ch:1:sboid:100122;;2532141;1156421;467;46.55561953382395, 6.553734394699015
8581921;Bussigny, Vieux-Four;Transports Publics de la Région Lausannoise sa;BUS;VD;Bussigny;5624;Bussigny;ch:1:sboid:100122;;2532420;1156200;470;46.553659933781475, 6.557404770270198
8515313;Bussigny-Scheuchzer (bif);Schweizerische Bundesbahnen SBB;;VD;Bussigny;5624;Bussigny;ch:1:sboid:100001;(Zug);2532268.258;1155225.247;406.3;46.54487664019374, 6.555569551049765
8515312;Bussigny Est (bif);Schweizerische Bundesbahnen SBB;;VD;Bussigny;5624;Bussigny;ch:1:sboid:100001;(Zug);2532488.449;1155231.902;410.49;46.54495879880434, 6.558439131141427
8506903;Bussigny, Sottelles;Transports Publics de la Région Lausannoise sa;BUS;VD;Bussigny;5624;Bussigny;ch:1:sboid:100122;;2531901;1156383.4;460;46.55525688590014, 6.550610537611016
8581917;Bussigny, Dallaz;Transports Publics de la Région Lausannoise sa;BUS;VD;Bussigny;5624;Bussigny;ch:1:sboid:100122;;2531961;1156056;440;46.552318037424754, 6.551441247689841
8581922;Bussigny, Riettaz;Transports Publics de la Région Lausannoise sa;BUS;VD;Bussigny;5624;Bussigny;ch:1:sboid:100122;;2532570;1156183;462;46.55352218388739, 6.559363075708922
8581918;Bussigny, Grand-Record;Transports Publics de la Région Lausannoise sa;BUS;VD;Bussigny;5624;Bussigny;ch:1:sboid:100122;;2531996;1155800;415;46.55001888056769, 6.551935384515484
8594177;Bussigny, Cocagne;Transports Publics de la Région Lausannoise sa;BUS;VD;Bussigny;5624;Bussigny;ch:1:sboid:100122;;2532760;1156315;460;46.554728687762726, 6.561821168602274
8595214;Bussigny, Bosquet;Automobiles MBC;BUS;VD;Bussigny;5624;Bussigny;ch:1:sboid:100566;;2532192;1155291;412;46.545460350601964, 6.554565725446675
8570359;Bussy-sur-Moudon, collège;PostAuto AG;BUS;VD;Bussy-sur-Moudon;5663;Bussy-sur-Moudon;ch:1:sboid:100602;;2552004;1170792;640;46.686613994744576, 6.811239628756275
8570360;Bussy-sur-Moudon, La Cauderie;PostAuto AG;BUS;VD;Bussy-sur-Moudon;5663;Bussy-sur-Moudon;ch:1:sboid:100602;;2551755;1171262;675;46.69082374123718, 6.807935377943582
8570358;Bussy-sur-Moudon, village;PostAuto AG;BUS;VD;Bussy-sur-Moudon;5663;Bussy-sur-Moudon;ch:1:sboid:100602;;2551858;1170602;628;46.68489436478712, 6.809351181891898
8570357;Bussy-sur-Moudon,Foulaz-Verney;PostAuto AG;BUS;VD;Bussy-sur-Moudon;5663;Bussy-sur-Moudon;ch:1:sboid:100602;;2551718;1170510;628;46.68405666830593, 6.807530951900503
8579303;Chamblon, village-hôpital;Transports Vallée de Joux-Yverdon-Ste-Croix;BUS;VD;Chamblon;5904;Chamblon;ch:1:sboid:100694;;2536413.442;1181170.785;520;46.77866438171928, 6.606012976529116
8579302;Chamblon, réservoir;Transports Vallée de Joux-Yverdon-Ste-Croix;BUS;VD;Chamblon;5904;Chamblon;ch:1:sboid:100694;;2536043.719;1181113.858;528;46.778116866121145, 6.601180040350855
8579301;Chamblon, casernes;Transports Vallée de Joux-Yverdon-Ste-Croix;BUS;VD;Chamblon;5904;Chamblon;ch:1:sboid:100694;;2535800;1181100.001;532;46.777968738644645, 6.597990931220629
8595656;Chamblon, La Meunière;Transports Vallée de Joux-Yverdon-Ste-Croix;BUS;VD;Chamblon;5904;Chamblon;ch:1:sboid:100694;;2536409;1181000.001;504;46.77712777264153, 6.6059785874588295
8570274;Champagne, Le Moulin;PostAuto AG;BUS;VD;Champagne;5553;Champagne;ch:1:sboid:100602;;2540623;1186460;447;46.8266297784171, 6.660442265465451
8511686;Champagne, Chèzeaux;PostAuto AG;BUS;VD;Champagne;5553;Champagne;ch:1:sboid:100602;;2540343.959;1186959.754;459.5;46.8311000104769, 6.656720006561959
8504989;Champagne, collège;PostAuto AG;BUS;VD;Champagne;5553;Champagne;ch:1:sboid:100602;;2540551;1187007;457;46.83154354770385, 6.659427366769623
8570389;Champtauroz, église;PostAuto AG;BUS;VD;Champtauroz;5812;Champtauroz;ch:1:sboid:100602;;2550264;1178994;692;46.76026449450373, 6.787604052613625
8570390;La Gaité (Champtauroz);PostAuto AG;BUS;VD;Champtauroz;5812;Champtauroz;ch:1:sboid:100602;;2549729;1178702;691;46.757597689334546, 6.780633488446678
8579740;Champvent, Croix fédérale;Transports Vallée de Joux-Yverdon-Ste-Croix;BUS;VD;Champvent;5905;Champvent;ch:1:sboid:100694;;2533871.447;1181664.088;528;46.78285361453897, 6.572658530067841
8510929;Essert-sous-Ch., bif. gare;Transports Vallée de Joux-Yverdon-Ste-Croix;BUS;VD;Champvent;5905;Essert-sous-Champvent;ch:1:sboid:100694;;2534401.999;1182749.61;483;46.79267027513069, 6.579449793575529
8595250;Essert-sous-Champvent, gare;Transports Vallée de Joux-Yverdon-Ste-Croix;BUS;VD;Champvent;5905;Essert-sous-Champvent;ch:1:sboid:100694;(Bus) hors service [zu löschen];2534425;1183025.001;507;46.7951496482146, 6.579711469750071
8570336;Champvent, village;Transports Vallée de Joux-Yverdon-Ste-Croix;BUS;VD;Champvent;5905;Champvent;ch:1:sboid:100694;;2534037.818;1181757.993;515;46.78371479677669, 6.574823469814778
8595204;Champvent, Le Battoir;Transports Vallée de Joux-Yverdon-Ste-Croix;BUS;VD;Champvent;5905;Champvent;ch:1:sboid:100694;;2533554.369;1181645.861;531.1;46.78265805484526, 6.568509263901435
8570334;Essert-sous-Champvent, village;Transports Vallée de Joux-Yverdon-Ste-Croix;BUS;VD;Champvent;5905;Essert-sous-Champvent;ch:1:sboid:100694;;2534727;1182763.001;482;46.79282272197204, 6.58370431432517
8504293;Essert-sous-Champvent;Transports Vallée de Joux-Yverdon-Ste-Croix;TRAIN;VD;Champvent;5905;Essert-sous-Champvent;ch:1:sboid:100074;;2534459.22;1183047.529;507;46.79535565452993, 6.5801564221418465
8570335;Villars-sous-Champvent;Transports Vallée de Joux-Yverdon-Ste-Croix;BUS;VD;Champvent;5905;Villars-sous-Champvent;ch:1:sboid:100694;;2534681.103;1182053.192;463;46.786433581676334, 6.583204751412106
8510432;La Baume, chemin des Roches;Montreux-Vevey-Riviera (vcp);BUS;VD;Chardonne;5882;Chardonne;ch:1:sboid:100126;;2553722;1147700;658;46.47901628462446, 6.836019911583143
8510434;Mont-Pèlerin, funi;Montreux-Vevey-Riviera (vcp);BUS;VD;Chardonne;5882;Le Mont-Pèlerin;ch:1:sboid:100126;;2553393;1148057;812;46.482204757248496, 6.831699881708842
8510433;Chardonne, funi;Montreux-Vevey-Riviera (vcp);BUS;VD;Chardonne;5882;Chardonne;ch:1:sboid:100126;;2553481;1147465;590;46.47688564615531, 6.832905472212347
8501255;Mont-Pèlerin;Montreux-Vevey-Riviera (vcp);CABLE_RAILWAY;VD;Chardonne;5882;Le Mont-Pèlerin;ch:1:sboid:100126;SBA.61.050.9;2553384;1148022;806;46.481889292537396, 6.831586218203728
8579154;Corseaux, Gonelles;Transports publics Vevey-Montreux-Chillon-Villeneuve;BUS;VD;Chardonne;5882;Chardonne;ch:1:sboid:100675;;2551911.304;1146854.18;398;46.47128001723722, 6.812530544565111
8501254;La Baume;Montreux-Vevey-Riviera (vcp);CABLE_RAILWAY;VD;Chardonne;5882;Chardonne;ch:1:sboid:100126;SBA.61.050.5;2553447;1147702;657;46.479015174901996, 6.832438869737848
8501252;Beau-Site;Montreux-Vevey-Riviera (vcp);CABLE_RAILWAY;VD;Chardonne;5882;Chardonne;ch:1:sboid:100126;SBA.61.050.3;2553649;1147126;496;46.47384789690553, 6.8351269861969985
8501253;Chardonne-Jongny;Montreux-Vevey-Riviera (vcp);CABLE_RAILWAY;VD;Chardonne;5882;Chardonne;ch:1:sboid:100126;SBA.61.050.4;2553493;1147479;589;46.47701241615621, 6.833060310677547
8504712;Chardonne, rte de Châtel;Transports publics Vevey-Montreux-Chillon-Villeneuve;BUS;VD;Chardonne;5882;Chardonne;ch:1:sboid:100675;;2553808;1147490;599;46.47713321177095, 6.837160749921604
8501345;L'Etivaz, Devant-de-l'Etivaz;Transports Publics du Chablais (Bus);BUS;VD;Château-d'Oex;5841;L'Etivaz;ch:1:sboid:100617;;2576073;1142571;1093;46.434052772044694, 7.127330642577882
8501700;L'Etivaz, Bains-de-l'Etivaz;Transports Publics du Chablais (Bus);BUS;VD;Château-d'Oex;5841;L'Etivaz;ch:1:sboid:100617;;2576646;1141597;1208;46.42531138619178, 7.134835046715854
8507929;L'Etivaz, Les Vieux Bains;Transports Publics du Chablais (Bus);BUS;VD;Château-d'Oex;5841;L'Etivaz;ch:1:sboid:100617;;2577120;1141668;1127;46.42596647696509, 7.140997620804385
8501394;Château-d'Oex;Montreux-Oberland Bernois;TRAIN;VD;Château-d'Oex;5841;Château-d'Oex;ch:1:sboid:100045;;2576457.23;1147094.493;968;46.47475772503844, 7.132098927359337
8501348;Les Moulins, Pont-de-Pierre;Transports Publics du Chablais (Bus);BUS;VD;Château-d'Oex;5841;Les Moulins;ch:1:sboid:100617;;2575075;1145975;891;46.464637094824546, 7.1141621232534735
8501372;Pra-Perron;Château-d'Oex-La Braye;CABLE_CAR;VD;Château-d'Oex;5841;Château-d'Oex;ch:1:sboid:100189;SBA.71.012.9  Anlagen sind seit mehreren Jahren ausser Betrieb aber nicht zurückgebaut. Eine Übernahme der Anlagen mit anschliessender Wiederaufnahme des Betriebs beider Anlagen ist derzeit im Gang. Wann der Betrieb wieder aufgenommen werden kann, ist jedoch noch nicht klar. Wird der Betrieb bis 31. Dezember 2024 nicht wiederaufgenommen, werden wir den Rückbau dieser beiden Seilbahnanlagen verfügen.;2577254;1145635;1216;46.46165642058336, 7.142545280794608
8501701;L'Etivaz, Le Bouraz;Transports Publics du Chablais (Bus);BUS;VD;Château-d'Oex;5841;L'Etivaz;ch:1:sboid:100617;;2576525;1142366;1110;46.43222472502282, 7.133221912599838
8501799;La Lécherette, village;Transports Publics du Chablais (Bus);BUS;VD;Château-d'Oex;5841;La Lécherette;ch:1:sboid:100617;bis 2018: La Lécherette, poste;2574481;1141040;1383;46.42022166986607, 7.106702171924018
8507221;Château-d'Oex, Granges d'Oex;Transports Publics du Chablais (Bus);BUS;VD;Château-d'Oex;5841;Les Moulins;ch:1:sboid:100617;;2575792;1145837;927;46.463422097269564, 7.123503317621698
8507925;Les Moulins, Les Crêts;Transports Publics du Chablais (Bus);BUS;VD;Château-d'Oex;5841;Les Moulins;ch:1:sboid:100617;;2575125;1145203;932;46.45769440394718, 7.114854651685578
8507931;L'Etivaz, four à pain;Transports Publics du Chablais (Bus);BUS;VD;Château-d'Oex;5841;L'Etivaz;ch:1:sboid:100617;;2575866;1142940;1096;46.437364681270545, 7.124618136594453
8501388;Les Combes;Montreux-Oberland Bernois;TRAIN;VD;Château-d'Oex;5841;Flendruz;ch:1:sboid:100045;;2579509.639;1147384.808;990.8;46.477470000670024, 7.1718299957100795
8570619;Château-d'Oex, Le Petit-Pré;Transports Publics du Chablais (Bus);BUS;VD;Château-d'Oex;5841;Château-d'Oex;ch:1:sboid:100617;;2575971;1146715;934;46.471326651084915, 7.125787753047292
8511913;Château-d'Oex La Palaz, gare;Montreux-Oberland Bernois;BUS;VD;Château-d'Oex;5841;Château-d'Oex;ch:1:sboid:100045;;2577336;1147218;984.6;46.475899165544305, 7.143534893384292
8511914;Les Granges-Gérignoz, gare;Montreux-Oberland Bernois;BUS;VD;Château-d'Oex;5841;Château-d'Oex;ch:1:sboid:100045;;2578279;1146967;999;46.473672648787584, 7.155825327878392
8530674;Château-d'Oex (téléphérique);Château-d'Oex-La Braye;CABLE_CAR;VD;Château-d'Oex;5841;Château-d'Oex;ch:1:sboid:100189;SBA.71.012.1  Anlagen sind seit mehreren Jahren ausser Betrieb aber nicht zurückgebaut. Eine Übernahme der Anlagen mit anschliessender Wiederaufnahme des Betriebs beider Anlagen ist derzeit im Gang. Wann der Betrieb wieder aufgenommen werden kann, ist jedoch noch nicht klar. Wird der Betrieb bis 31. Dezember 2024 nicht wiederaufgenommen, werden wir den Rückbau dieser beiden Seilbahnanlagen verfügen.;2576606;1147068;958;46.47452463957224, 7.1340373375254815
8570618;Château-d'Oex, gare;Transports Publics du Chablais (Bus);BUS;VD;Château-d'Oex;5841;Château-d'Oex;ch:1:sboid:100617;;2576481;1147064;963;46.47448426356586, 7.132409985838166
8501198;Château-d'Oex La Palaz;Montreux-Oberland Bernois;TRAIN;VD;Château-d'Oex;5841;Château-d'Oex;ch:1:sboid:100045;;2577359;1147218;985;46.475899946402855, 7.143834371407269
8501347;Les Moulins, village;Transports Publics du Chablais (Bus);BUS;VD;Château-d'Oex;5841;Les Moulins;ch:1:sboid:100617;;2574470;1145545;889;46.4607461523642, 7.106309997108878
8501349;Les Moulins, La Rosettaz;Transports Publics du Chablais (Bus);BUS;VD;Château-d'Oex;5841;Les Moulins;ch:1:sboid:100617;;2575617;1145293;977;46.45852215312176, 7.12125396112683
8501763;L'Etivaz, Maison de L'Etivaz;Transports Publics du Chablais (Bus);BUS;VD;Château-d'Oex;5841;L'Etivaz;ch:1:sboid:100617;;2577439;1141432;1137;46.42385437761792, 7.145158954590578
8501395;Les Granges-Gérignoz;Montreux-Oberland Bernois;TRAIN;VD;Château-d'Oex;5841;Château-d'Oex;ch:1:sboid:100045;;2578212;1147022;1002;46.47416521951939, 7.154950370976045
8501343;Les Moulins, Les Chabloz;Transports Publics du Chablais (Bus);BUS;VD;Château-d'Oex;5841;Les Moulins;ch:1:sboid:100617;;2575340;1144986;999;46.45575034755749, 7.117664773610451
8501344;La Lécherette,cont.de la Borne;Transports Publics du Chablais (Bus);BUS;VD;Château-d'Oex;5841;La Lécherette;ch:1:sboid:100617;;2574991;1141795;1340;46.4270325912136, 7.1132950711141385
8501373;La Montagnette (La Braye);Château-d'Oex-La Braye;CHAIRLIFT;VD;Château-d'Oex;5841;Château-d'Oex;ch:1:sboid:100189;SBA.73.073.9  Anlagen sind seit mehreren Jahren ausser Betrieb aber nicht zurückgebaut. Eine Übernahme der Anlagen mit anschliessender Wiederaufnahme des Betriebs beider Anlagen ist derzeit im Gang. Wann der Betrieb wieder aufgenommen werden kann, ist jedoch noch nicht klar. Wird der Betrieb bis 31. Dezember 2024 nicht wiederaufgenommen, werden wir den Rückbau dieser beiden Seilbahnanlagen verfügen.;2577500;1144100;1630;46.44785658377916, 7.1458224204655325
8511915;Les Combes, gare;Montreux-Oberland Bernois;BUS;VD;Château-d'Oex;5841;Flendruz;ch:1:sboid:100045;;2579526;1147393;991;46.4775441947169, 7.172042671202223
8531214;Pra-Perron (2ème sect.);Château-d'Oex-La Braye;;VD;Château-d'Oex;5841;Château-d'Oex;ch:1:sboid:100189;SBA.73.073.1 reiner Betriebspunkt, VP=8501372  Anlagen sind seit mehreren Jahren ausser Betrieb aber nicht zurückgebaut. Eine Übernahme der Anlagen mit anschliessender Wiederaufnahme des Betriebs beider Anlagen ist derzeit im Gang. Wann der Betrieb wieder aufgenommen werden kann, ist jedoch noch nicht klar. Wird der Betrieb bis 31. Dezember 2024 nicht wiederaufgenommen, werden wir den Rückbau dieser beiden Seilbahnanlagen verfügen.;2577243;1145627;1216;46.461584081191425, 7.142402484575175
8594263;Chavannes-de-Bogis, poste;Transports Publics de la Région Nyonnaise;BUS;VD;Chavannes-de-Bogis;5707;Chavannes-de-Bogis;ch:1:sboid:100540;;2501902.829;1133674.571;477.9;46.34727130512804, 6.164301358121526
8579319;Chavannes-de-Bogis, douane;Transports Publics de la Région Nyonnaise;BUS;VD;Chavannes-de-Bogis;5707;Chavannes-de-Bogis;ch:1:sboid:100540;;2501030.446;1133501.352;467.6;46.34558508764741, 6.153007514393238
8595239;Chavannes-de-Bogis,La Sallivaz;Transports Publics de la Région Nyonnaise;BUS;VD;Chavannes-de-Bogis;5707;Chavannes-de-Bogis;ch:1:sboid:100540;;2501466.809;1133211.273;472.5;46.34304026599855, 6.1587365067886966
8579317;Chavannes-de-Bogis, village;Transports Publics de la Région Nyonnaise;BUS;VD;Chavannes-de-Bogis;5707;Chavannes-de-Bogis;ch:1:sboid:100540;;2501729;1133266;479;46.34357097929476, 6.162130083134939
8579318;Chavannes-de-B., centre comm.;Transports Publics de la Région Nyonnaise;BUS;VD;Chavannes-de-Bogis;5707;Chavannes-de-Bogis;ch:1:sboid:100540;(Bus) fermé le 08.12.2012, réouverture possible;2501249;1132214;471;46.334038316640495, 6.156119806560918
8588298;Chavannes-des-Bois;Transports Publics de la Région Nyonnaise;BUS;VD;Chavannes-des-Bois;5708;Chavannes-des-Bois;ch:1:sboid:100540;;2499419;1130099;468;46.31474322398248, 6.132814912372972
8504987;Chavannes-le-Chêne, Hôtel;PostAuto AG;BUS;VD;Chavannes-le-Chêne;5907;Chavannes-le-Chêne;ch:1:sboid:100602;;2549542;1180828;659;46.776707097602944, 6.777951117279361
8570135;Chavannes-le-Veyron, St-Denis;Automobiles MBC;BUS;VD;Chavannes-le-Veyron;5475;Chavannes-le-Veyron;ch:1:sboid:100566;;2524925;1162250;572;46.60727826259263, 6.458693637370935
8570136;Chavannes-le-Veyron, croisée;Automobiles MBC;BUS;VD;Chavannes-le-Veyron;5475;Chavannes-le-Veyron;ch:1:sboid:100566;;2524267.267;1162486.664;611.5;46.60933267204505, 6.450070248407399
8507227;Chavannes-R., Cèdres;Transports Publics de la Région Lausannoise sa;BUS;VD;Chavannes-près-Renens;5627;Chavannes-près-Renens;ch:1:sboid:100122;;2533580;1153574;404;46.53015536077546, 6.5729082905317595
8593866;Chavannes-R., Préfaully;Transports Publics de la Région Lausannoise sa;BUS;VD;Chavannes-près-Renens;5627;Chavannes-près-Renens;ch:1:sboid:100122;;2534059;1153950;409;46.53358495932188, 6.579097384192819
8593869;Chavannes-R., Glycines;Transports Publics de la Région Lausannoise sa;BUS;VD;Chavannes-près-Renens;5627;Chavannes-près-Renens;ch:1:sboid:100122;;2533869;1154252;416;46.536282678931194, 6.576577599853879
8593867;Chavannes-R., Plaine;Transports Publics de la Région Lausannoise sa;BUS;VD;Chavannes-près-Renens;5627;Chavannes-près-Renens;ch:1:sboid:100122;;2533535.1;1153397.8;398;46.52856596753229, 6.5723485052124655
8512025;Chavannes-R., Plaine/collège;Transports Publics de la Région Lausannoise sa;BUS;VD;Chavannes-près-Renens;5627;Chavannes-près-Renens;ch:1:sboid:100122;;2533454.711;1153127.158;396.1;46.52612352930865, 6.571339873536613
8512033;Chavannes-R., Hôtel de Ville;Transports Publics de la Région Lausannoise sa;BUS;VD;Chavannes-près-Renens;5627;Chavannes-près-Renens;ch:1:sboid:100122;;2533928.592;1153897.984;408.3;46.53310418593937, 6.577405100964074
8593868;Chavannes-R., Concorde;Transports Publics de la Région Lausannoise sa;BUS;VD;Chavannes-près-Renens;5627;Chavannes-près-Renens;ch:1:sboid:100122;;2533691;1153816;405;46.5323431904716, 6.574320159721632
8501216;Ecublens (VD) VD, Cerisaie;Transports Publics de la Région Lausannoise sa;BUS|METRO;VD;Chavannes-près-Renens;5627;Chavannes-près-Renens;ch:1:sboid:100122;;2533089;1153312;396;46.52774965708211, 6.566547049552765
8510422;Chavannes-R., Talluchet;Transports Publics de la Région Lausannoise sa;BUS;VD;Chavannes-près-Renens;5627;Chavannes-près-Renens;ch:1:sboid:100122;;2534386.711;1153398.279;404;46.52865446727222, 6.583447296605436
8501211;Chavannes-R., UNIL-Chamberonne;Transports Publics de la Région Lausannoise sa;METRO;VD;Chavannes-près-Renens;5627;Chavannes-près-Renens;ch:1:sboid:100122;;2534478;1152904;388;46.52421736051204, 6.584707286509311
8595602;Chavannes-R., Dorigny;Transports Publics de la Région Lausannoise sa;BUS;VD;Chavannes-près-Renens;5627;Chavannes-près-Renens;ch:1:sboid:100122;;2534420.247;1153186.975;393;46.52675707132441, 6.583914420551607
8591933;Chavannes-R., Planta;Transports Publics de la Région Lausannoise sa;BUS;VD;Chavannes-près-Renens;5627;Chavannes-près-Renens;ch:1:sboid:100122;;2533594;1154023;410;46.5341955280614, 6.573026073100299
8594986;Chavannes-R., Berges;Transports Publics de la Région Lausannoise sa;BUS;VD;Chavannes-près-Renens;5627;Chavannes-près-Renens;ch:1:sboid:100122;;2533735;1153276;395;46.527490230863265, 6.574971260323647
8501217;Chavannes-R., Crochy;Transports Publics de la Région Lausannoise sa;METRO;VD;Chavannes-près-Renens;5627;Chavannes-près-Renens;ch:1:sboid:100122;;2533358;1153861;403;46.53271482596744, 6.569973444786963
8501212;Chavannes-R., UNIL-Mouline;Transports Publics de la Région Lausannoise sa;METRO;VD;Chavannes-près-Renens;5627;Chavannes-près-Renens;ch:1:sboid:100122;;2534033;1152995;385;46.524992115589, 6.578895151801527
8511875;Renens VD, gare/Epenex;Transports Publics de la Région Lausannoise sa;BUS;VD;Chavannes-près-Renens;5627;Chavannes-près-Renens;ch:1:sboid:100122;;2533963.986;1154361.007;416.2;46.5372726013495, 6.577800091677204
8512032;Chavannes-R., Blancherie;Transports Publics de la Région Lausannoise sa;BUS;VD;Chavannes-près-Renens;5627;Chavannes-près-Renens;ch:1:sboid:100122;;2534041.53;1153756.534;403.9;46.53184300115742, 6.578897365363326
8594987;Chavannes-R., Mouline;Transports Publics de la Région Lausannoise sa;BUS;VD;Chavannes-près-Renens;5627;Chavannes-près-Renens;ch:1:sboid:100122;;2534069;1153126;401;46.52617402195309, 6.579345568474897
8577649;Chavannes-sur-Moudon, La Puçaz;PostAuto AG;BUS;VD;Chavannes-sur-Moudon;5665;Chavannes-sur-Moudon;ch:1:sboid:100602;;2552796;1167911;727;46.66075537875841, 6.821888813862646
8577650;Chavannes-sur-Moudon, village;PostAuto AG;BUS;VD;Chavannes-sur-Moudon;5665;Chavannes-sur-Moudon;ch:1:sboid:100602;;2551792;1167562;686;46.65754413646474, 6.808808193217393
8577648;Chavannes-sur-Moudon, Burinaux;PostAuto AG;BUS;VD;Chavannes-sur-Moudon;5665;Chavannes-sur-Moudon;ch:1:sboid:100602;;2553363;1168599;711;46.666984045746105, 6.829226732117346
8504903;Chavannes-sur-Moudon, La Croix;PostAuto AG;BUS;VD;Chavannes-sur-Moudon;5665;Chavannes-sur-Moudon;ch:1:sboid:100602;;2551212;1166853;617;46.65112429739561, 6.801306331410796
8501111;Essert-Pittet;Schweizerische Bundesbahnen SBB;TRAIN;VD;Chavornay;5749;Essert-Pittet;ch:1:sboid:100001;;2534414.919;1175523.475;438.19;46.72767332068426, 6.580655818453199
8507443;Chavornay-Industrie;Transports Vallée de Joux-Yverdon-Ste-Croix;;VD;Chavornay;5749;Chavornay;ch:1:sboid:100074;;2532776;1173947;439;46.71332956913597, 6.559448846228569
8511085;Essert-Pittet, gare;PostAuto AG;BUS;VD;Chavornay;5749;Essert-Pittet;ch:1:sboid:100602;;2534430;1175521;440;46.727652544247235, 6.580853446134709
8570200;Chavornay, gare;PostAuto AG;BUS;VD;Chavornay;5749;Chavornay;ch:1:sboid:100602;;2533422;1173584;448;46.710129333411096, 6.567949622401504
8510402;Chavornay, route de Corcelles;PostAuto AG;BUS;VD;Chavornay;5749;Chavornay;ch:1:sboid:100602;;2534052;1173260;473;46.70727768041499, 6.576234560228073
8570198;Corcelles-sur-Chav., village;PostAuto AG;BUS;VD;Chavornay;5749;Corcelles-sur-Chavornay;ch:1:sboid:100602;;2535927;1172892;562;46.70415062040496, 6.600803524727558
8570197;Corcelles-sur-Chav., Longeraie;PostAuto AG;BUS;VD;Chavornay;5749;Corcelles-sur-Chavornay;ch:1:sboid:100602;;2536289;1172819;589;46.703528725923675, 6.6055469159996365
8515317;Chavornay Sud (bif);Schweizerische Bundesbahnen SBB;;VD;Chavornay;5749;Chavornay;ch:1:sboid:100001;(Zug);2533413.912;1173441.436;447.164;46.70884617310625, 6.567864586909136
8570196;Corcelles-sur-Chav., Tuilerie;PostAuto AG;BUS;VD;Chavornay;5749;Corcelles-sur-Chavornay;ch:1:sboid:100602;;2537238;1172186;605;46.69792503272467, 6.618041925326509
8501112;Chavornay;Schweizerische Bundesbahnen SBB;TRAIN;VD;Chavornay;5749;Chavornay;ch:1:sboid:100001;;2533438.279;1173578.838;447.09;46.71008452939175, 6.568163247022746
8570199;Corcelles-sur-Chav., rte Chav.;PostAuto AG;BUS;VD;Chavornay;5749;Corcelles-sur-Chavornay;ch:1:sboid:100602;;2535791;1172775;557;46.703085108207034, 6.599041694658889
8504988;Chêne-Pâquier, anc. poste;PostAuto AG;BUS;VD;Chêne-Pâquier;5908;Chêne-Pâquier;ch:1:sboid:100602;;2548841;1180142;670;46.77048289169374, 6.768849684838176
8570392;Chêne-Pâquier, La Cure;PostAuto AG;BUS;VD;Chêne-Pâquier;5908;Chêne-Pâquier;ch:1:sboid:100602;;2548492;1180189;637;46.77087871202045, 6.764275418255633
8570391;Chêne-Pâquier, En Braye;PostAuto AG;BUS;VD;Chêne-Pâquier;5908;Chêne-Pâquier;ch:1:sboid:100602;;2549587;1179575;683;46.76543966254719, 6.778678603458855
8504458;Cheseaux-N., gymnase d'Yverdon;Transports Vallée de Joux-Yverdon-Ste-Croix;BUS;VD;Cheseaux-Noréaz;5909;Cheseaux-Noréaz;ch:1:sboid:100694;;2541149;1181308.001;488;46.780334676829334, 6.668000021151687
8511679;Cheseaux-Noréaz, Le Pré;PostAuto AG;BUS;VD;Cheseaux-Noréaz;5909;Cheseaux-Noréaz;ch:1:sboid:100602;;2541576.549;1181597.368;560.4;46.78297523963167, 6.67356126196118
8501169;Cheseaux;Lausanne-Echallens-Bercher;TRAIN;VD;Cheseaux-sur-Lausanne;5582;Cheseaux-sur-Lausanne;ch:1:sboid:100036;;2536179.726;1159570.747;605.2;46.584349999896595, 6.605959999906374
8510738;Les Ripes, gare;Transports Publics de la Région Lausannoise sa;BUS;VD;Cheseaux-sur-Lausanne;5582;Cheseaux-sur-Lausanne;ch:1:sboid:100122;;2536270.156;1160312.153;617;46.591027636090324, 6.6070370560087035
8577645;Cheseaux-sur-L., Martheray;Transports Publics de la Région Lausannoise sa;BUS;VD;Cheseaux-sur-Lausanne;5582;Cheseaux-sur-Lausanne;ch:1:sboid:100122;;2535497;1159275;595;46.58162409364906, 6.597094448476301
8570064;Cheseaux-sur-L., Pâquis;PostAuto AG;BUS;VD;Cheseaux-sur-Lausanne;5582;Cheseaux-sur-Lausanne;ch:1:sboid:100602;;2536016;1159852;604;46.58686420689887, 6.603784870454417
8595147;Cheseaux-sur-L., Châtelard;Transports Publics de la Région Lausannoise sa;BUS;VD;Cheseaux-sur-Lausanne;5582;Cheseaux-sur-Lausanne;ch:1:sboid:100122;;2535123;1158887;578;46.57809776024438, 6.592270104907647
8570063;Cheseaux-sur-L., gare;PostAuto AG;BUS;VD;Cheseaux-sur-Lausanne;5582;Cheseaux-sur-Lausanne;ch:1:sboid:100602;;2536115;1159551;603;46.58416618069625, 6.605118309508782
8580603;Chéserex, Au Courtillet;Transports Publics de la Région Nyonnaise;BUS;VD;Chéserex;5709;Chéserex;ch:1:sboid:100540;;2502675;1139450;532;46.399330722475746, 6.173118757968279
8570006;Chéserex, A l'Oche;Transports Publics de la Région Nyonnaise;BUS;VD;Chéserex;5709;Chéserex;ch:1:sboid:100540;;2502851.757;1139562.075;527.6;46.40036443929461, 6.175393252072154
8501966;Chéserex, poste;Transports Publics de la Région Nyonnaise;BUS;VD;Chéserex;5709;Chéserex;ch:1:sboid:100540;;2502556.45;1139563.989;533.9;46.40033875960403, 6.171553540352913
8570590;Chessel, village;PostAuto AG;BUS;VD;Chessel;5403;Chessel;ch:1:sboid:100602;bis 2018: Chessel, poste;2558041;1133295;380;46.349722641900115, 6.893565312042277
8570589;Chessel, Grand-Bois;PostAuto AG;BUS;VD;Chessel;5403;Chessel;ch:1:sboid:100602;;2558514;1133952;380;46.355662095070485, 6.899650949807908
8595610;Chevilly, Fontaines;Automobiles MBC;BUS;VD;Chevilly;5476;Chevilly;ch:1:sboid:100566;;2526489;1166133;577;46.642379510122694, 6.478485002905539
8504563;Chevroux;Lacs de Neuchâtel et Morat;BOAT;VD;Chevroux;5813;Chevroux;ch:1:sboid:100148;;2558702;1194435;430;46.89973593112839, 6.8966518513747825
8583485;Chevroux, La Motte;PostAuto AG;BUS;VD;Chevroux;5813;Chevroux;ch:1:sboid:100602;;2559729;1193135;466;46.88810554206082, 6.910244632542726
8570416;Chevroux, port;PostAuto AG;BUS;VD;Chevroux;5813;Chevroux;ch:1:sboid:100602;;2559226;1193448;434;46.890890255573815, 6.903616986340332
8570415;Chevroux, village;PostAuto AG;BUS;VD;Chevroux;5813;Chevroux;ch:1:sboid:100602;;2559393;1193144;453;46.888166007047815, 6.905835365916997
8505039;Chevroux, Eglise;PostAuto AG;BUS;VD;Chevroux;5813;Chevroux;ch:1:sboid:100602;;2559474;1193088;456;46.887667239055496, 6.906903113617769
8570565;Chexbres, Les Pergolas;PostAuto AG;BUS;VD;Chexbres;5601;Chexbres;ch:1:sboid:100602;;2548965;1148347;595;46.484489907278906, 6.774006732933673
8504013;Chexbres-Village;Schweizerische Bundesbahnen SBB;TRAIN;VD;Chexbres;5601;Chexbres;ch:1:sboid:100001;;2549309.699;1147962.476;559.646;46.48105723603592, 6.778537790555145
8570564;Chexbres-Village, gare;PostAuto AG;BUS;VD;Chexbres;5601;Chexbres;ch:1:sboid:100602;;2549329;1147975;555;46.481171356698965, 6.778787746989401
8501757;Chexbres, poste;PostAuto AG;BUS;VD;Chexbres;5601;Chexbres;ch:1:sboid:100602;;2549151;1148067;579;46.48198540430548, 6.77645975500724
8510994;Chigny, village;Automobiles MBC;BUS;VD;Chigny;5628;Chigny;ch:1:sboid:100566;;2526190.917;1152538.917;447;46.52006930389871, 6.476772356482542
8501081;Chigny;Transports de la région Morges-Bière-Cossonay;TRAIN;VD;Chigny;5628;Chigny;ch:1:sboid:100012;;2525838.357;1152093.079;432.5;46.51601999349658, 6.472250001212633
8570076;Clarmont, village;Automobiles MBC;BUS;VD;Clarmont;5629;Clarmont;ch:1:sboid:100566;;2524171;1155546;527;46.54689147354841, 6.4499572751531495
8570011;Coinsins, Les Vettanes;PostAuto AG;BUS;VD;Coinsins;5710;Coinsins;ch:1:sboid:100602;;2508123;1142528;478;46.427785533817, 6.243337565671632
8501296;Coinsins, Auberge;PostAuto AG;BUS;VD;Coinsins;5710;Coinsins;ch:1:sboid:100602;;2507498;1142149;475;46.424290521211326, 6.235283425181369
8587581;Commugny, Monthoux;Transports Publics de la Région Nyonnaise;BUS;VD;Commugny;5711;Commugny;ch:1:sboid:100540;;2502560;1130896;428;46.322375388536194, 6.173419799261759
8512304;Commugny, Pins/centre comm.;Transports Publics de la Région Nyonnaise;BUS;VD;Commugny;5711;Commugny;ch:1:sboid:100540;;2501316;1131792;464.9;46.33025252954004, 6.15707945668391
8587575;Commugny, centre;Transports Publics de la Région Nyonnaise;BUS;VD;Commugny;5711;Commugny;ch:1:sboid:100540;;2502700;1130400;415;46.31793445804558, 6.175341178795124
8504203;Concise;Schweizerische Bundesbahnen SBB;TRAIN;VD;Concise;5554;Concise;ch:1:sboid:100001;;2545432.736;1189110.287;429.5;46.85088154377158, 6.723157409168141
8507656;Concise, Les Biolles;PostAuto AG;BUS;VD;Concise;5554;Concise;ch:1:sboid:100602;;2545889;1191620;684;46.873493584921654, 6.7288412389032235
8573440;Concise, Camp de Vaumarcus;PostAuto AG;BUS;VD;Concise;5554;Concise;ch:1:sboid:100602;;2547627;1191179;479;46.869666263786904, 6.7516887437467465
8504556;Concise (bateau);Lacs de Neuchâtel et Morat;BOAT;VD;Concise;5554;Concise;ch:1:sboid:100148;;2545237.256;1188748.012;431;46.847606804747905, 6.720638006887824
8570282;Concise, Prise-Gaulaz;PostAuto AG;BUS;VD;Concise;5554;Concise;ch:1:sboid:100602;;2545913;1190392;579;46.86244977544945, 6.729301961473859
8581625;Concise, La Raisse;PostAuto AG;BUS;VD;Concise;5554;Concise;ch:1:sboid:100602;;2547431;1190580;457;46.8642627940679, 6.749187244187812
8515758;La Lance (diag);Schweizerische Bundesbahnen SBB;;VD;Concise;5554;Concise;ch:1:sboid:100001;(Zug);2546828.794;1190060.14;437.546;46.859538709811005, 6.741350395801742
8570283;Concise, Platet-Christine;PostAuto AG;BUS;VD;Concise;5554;Concise;ch:1:sboid:100602;;2546057;1191323;645;46.87083577166307, 6.731080036571241
8583309;Concise, village;PostAuto AG;BUS;VD;Concise;5554;Concise;ch:1:sboid:100602;;2545179;1189211;445;46.85176654654877, 6.719818529548706
8570281;Concise, haut du village;PostAuto AG;BUS;VD;Concise;5554;Concise;ch:1:sboid:100602;;2545196;1189812;491;46.85717390422557, 6.719969095736718
8570280;Concise, Bas-du-Pavé;PostAuto AG;BUS;VD;Concise;5554;Concise;ch:1:sboid:100602;;2545131;1189565;468;46.85494678718092, 6.719146536507618
8501316;Coppet (lac);CGN SA;BOAT;VD;Coppet;5712;Coppet;ch:1:sboid:100143;;2504046.738;1130051.019;374;46.3149895466107, 6.1928957433092116
8587576;Coppet, Les Rojalets;Transports Publics de la Région Nyonnaise;BUS;VD;Coppet;5712;Coppet;ch:1:sboid:100540;;2503700;1130900;404;46.3225760070007, 6.188218945596087
8588669;Coppet, route du Jura;Transports Publics de la Région Nyonnaise;BUS;VD;Coppet;5712;Coppet;ch:1:sboid:100540;;2503577.59;1131236.504;409.3;46.32558509767003, 6.186559929142336
8587577;Coppet, gare;Transports Publics de la Région Nyonnaise;BUS;VD;Coppet;5712;Coppet;ch:1:sboid:100540;;2503685.866;1130302.351;393.6;46.31719843299809, 6.188159309527355
8595171;Coppet, chemin des Rannaux;Transports Publics de la Région Nyonnaise;BUS;VD;Coppet;5712;Coppet;ch:1:sboid:100540;;2503358.693;1131346.943;417.2;46.32654693868448, 6.183694977533398
8595172;Coppet, Les Marais;Transports Publics de la Région Nyonnaise;BUS;VD;Coppet;5712;Coppet;ch:1:sboid:100540;;2503022.523;1131606.263;422.9;46.328830864755524, 6.179276227942977
8501023;Coppet;Schweizerische Bundesbahnen SBB;TRAIN;VD;Coppet;5712;Coppet;ch:1:sboid:100001;;2503660.649;1130324.449;393.654;46.31739357074577, 6.187827380950365
8595173;Coppet, route de Tannay;Transports Publics de la Région Nyonnaise;BUS;VD;Coppet;5712;Coppet;ch:1:sboid:100540;;2503399.677;1130016.208;400;46.31458357245246, 6.184503698809015
8580398;Corbeyrier, Café de Luan;Transports Publics du Chablais (Bus);BUS;VD;Corbeyrier;5404;Corbeyrier;ch:1:sboid:100617;;2564504;1134391;1225;46.35995545137497, 6.977438290049358
8582430;Corbeyrier, Luan;Transports Publics du Chablais (Bus);BUS;VD;Corbeyrier;5404;Corbeyrier;ch:1:sboid:100617;;2564234;1134163;1188;46.35789011331809, 6.973947818906307
8583404;Corbeyrier, place Champillon;Transports Publics du Chablais (Bus);BUS;VD;Corbeyrier;5404;Corbeyrier;ch:1:sboid:100617;;2562857;1132359;782;46.341587330458445, 6.956201901224377
8583765;Corbeyrier, En Saconnex;Transports Publics du Chablais (Bus);BUS;VD;Corbeyrier;5404;Corbeyrier;ch:1:sboid:100617;;2563367;1132749;830;46.34512365183934, 6.962795193879262
8570606;Corbeyrier, Vers la Doey;Transports Publics du Chablais (Bus);BUS;VD;Corbeyrier;5404;Corbeyrier;ch:1:sboid:100617;;2563246;1133504;980;46.35190859287402, 6.96116364683682
8570605;Corbeyrier, Vers-la-Crête;Transports Publics du Chablais (Bus);BUS;VD;Corbeyrier;5404;Corbeyrier;ch:1:sboid:100617;;2563315;1132906;879;46.34653309220635, 6.962107331587967
8501759;Corbeyrier, poste;Transports Publics du Chablais (Bus);BUS;VD;Corbeyrier;5404;Corbeyrier;ch:1:sboid:100617;;2563191;1133134;911;46.34857725187912, 6.960478521266446
8504661;Corbeyrier, Vers-Cort;Transports Publics du Chablais (Bus);BUS;VD;Corbeyrier;5404;Corbeyrier;ch:1:sboid:100617;;2563194;1132514;759;46.343000232734354, 6.960566700291549
8570430;Corcelles-le-Jorat, Le Torel;PostAuto AG;BUS;VD;Corcelles-le-Jorat;5785;Corcelles-le-Jorat;ch:1:sboid:100602;;2546660;1161442;786;46.60210248060606, 6.742473748126652
8570431;Corcelles-le-Jorat, village;PostAuto AG;BUS;VD;Corcelles-le-Jorat;5785;Corcelles-le-Jorat;ch:1:sboid:100602;;2546649;1161925;779;46.60644628188937, 6.742274125111316
8570432;Corcelles-le-Jt, Champ-la-Dame;PostAuto AG;BUS;VD;Corcelles-le-Jorat;5785;Corcelles-le-Jorat;ch:1:sboid:100602;;2546746;1162523;766;46.61183316323615, 6.743470852238135
8507664;Corcelles-près-Concise,village;PostAuto AG;BUS;VD;Corcelles-près-Concise;5555;Corcelles-près-Concise;ch:1:sboid:100602;;2544374;1188713;461;46.84722011032607, 6.7093247534799225
8510142;Corcelles-Nord, gare;Service d'automobiles TPF;BUS;VD;Corcelles-près-Payerne;5816;Corcelles-près-Payerne;ch:1:sboid:100633;;2563563;1187235;448.3;46.83525603623571, 6.961021083246317
8504039;Bossy Bois (embr);Schweizerische Bundesbahnen SBB;;VD;Corcelles-près-Payerne;5816;Corcelles-près-Payerne;ch:1:sboid:100001;(Zug);2563515.463;1186466.156;454.286;46.82833754061834, 6.960459573091767
8504135;Corcelles-Sud;Schweizerische Bundesbahnen SBB;TRAIN;VD;Corcelles-près-Payerne;5816;Corcelles-près-Payerne;ch:1:sboid:100001;;2563266.514;1186524.361;451.88;46.828847373303596, 6.957192176936627
8504123;Corcelles-Nord;Schweizerische Bundesbahnen SBB;TRAIN;VD;Corcelles-près-Payerne;5816;Corcelles-près-Payerne;ch:1:sboid:100001;;2563507.572;1187236.014;448.16;46.835262111706534, 6.96029447415191
8504037;Corcelles-Sud, gare;Service d'automobiles TPF;BUS;VD;Corcelles-près-Payerne;5816;Corcelles-près-Payerne;ch:1:sboid:100633;;2563236.168;1186562.537;451.3;46.82918909444342, 6.956791381069689
8579158;Corseaux, collège;Transports publics Vevey-Montreux-Chillon-Villeneuve;BUS;VD;Corseaux;5883;Corseaux;ch:1:sboid:100675;;2553182.769;1146869.93;441;46.47151196677767, 6.829082628250711
8512019;Vevey, Corseaux Plage;Transports publics Vevey-Montreux-Chillon-Villeneuve;BUS;VD;Corseaux;5883;Corseaux;ch:1:sboid:100675;;2553508.403;1146485.024;379.6;46.46807232963877, 6.833360948049361
8593912;Corseaux, Félix-Cornu;Transports publics Vevey-Montreux-Chillon-Villeneuve;BUS;VD;Corseaux;5883;Corseaux;ch:1:sboid:100675;;2552559;1146955;442;46.47223321247665, 6.820952776227541
8504040;Corseaux-Cornalles;Schweizerische Bundesbahnen SBB;TRAIN;VD;Corseaux;5883;Corseaux;ch:1:sboid:100001;;2552851.449;1146754.617;419.939;46.47045139363703, 6.824780802917796
8510000;Corseaux, salle de gym;Transports publics Vevey-Montreux-Chillon-Villeneuve;BUS;VD;Corseaux;5883;Corseaux;ch:1:sboid:100675;;2553238.44;1146841.986;429;46.47126449287737, 6.829810263670987
8510445;Beau-Site, route de Châtel;Montreux-Vevey-Riviera (vcp);BUS;VD;Corseaux;5883;Corseaux;ch:1:sboid:100126;;2553919;1147100;504;46.47363268870595, 6.838644981622461
8579153;Corseaux, Châno;Transports publics Vevey-Montreux-Chillon-Villeneuve;BUS;VD;Corseaux;5883;Corseaux;ch:1:sboid:100675;;2552250;1146813;399;46.470933871549995, 6.816944406718527
8579155;Corseaux, Chatacombe;Transports publics Vevey-Montreux-Chillon-Villeneuve;BUS;VD;Corseaux;5883;Corseaux;ch:1:sboid:100675;;2552296;1146922;429;46.47191764730552, 6.817532033757591
8579159;Corseaux, village;Transports publics Vevey-Montreux-Chillon-Villeneuve;BUS;VD;Corseaux;5883;Corseaux;ch:1:sboid:100675;;2553454;1146907;439;46.47186436419722, 6.83261016257068
8579157;Corseaux, Grand-Pin;Transports publics Vevey-Montreux-Chillon-Villeneuve;BUS;VD;Corseaux;5883;Corseaux;ch:1:sboid:100675;;2552946.314;1146896.536;442;46.47173469230099, 6.8260014068229955
8504967;Corseaux, Délassement;Transports publics Vevey-Montreux-Chillon-Villeneuve;BUS;VD;Corseaux;5883;Corseaux;ch:1:sboid:100675;;2554044.857;1146819.261;415;46.47111600795157, 6.840311569323383
8579151;Corseaux, Cerisiers;Transports publics Vevey-Montreux-Chillon-Villeneuve;BUS;VD;Corseaux;5883;Corseaux;ch:1:sboid:100675;;2552988.036;1146753.173;419.4;46.4704480286521, 6.826559202465233
8579152;Corseaux, Maraîche;Transports publics Vevey-Montreux-Chillon-Villeneuve;BUS;VD;Corseaux;5883;Corseaux;ch:1:sboid:100675;;2552675.232;1146829.397;416.1;46.47111161078802, 6.822478947438901
8501251;Corseaux;Montreux-Vevey-Riviera (vcp);CABLE_RAILWAY;VD;Corseaux;5883;Corseaux;ch:1:sboid:100126;SBA.61.050.2;2553694;1146883;442;46.47166514688936, 6.835737254519253
8579160;Corsier-sur-Vevey, village;Transports publics Vevey-Montreux-Chillon-Villeneuve;BUS;VD;Corsier-sur-Vevey;5884;Corsier-sur-Vevey;ch:1:sboid:100675;;2554149.062;1146731.116;420;46.470330268717106, 6.841677008568165
8579187;Monts-de-Corsier, Mur-Blanc;Transports publics Vevey-Montreux-Chillon-Villeneuve;BUS;VD;Corsier-sur-Vevey;5884;Les Monts-de-Corsier;ch:1:sboid:100675;;2557921;1151067;806;46.50958136386343, 6.890389269739497
8579169;Fenil-sur-Corsier,zone indust.;Transports publics Vevey-Montreux-Chillon-Villeneuve;BUS;VD;Corsier-sur-Vevey;5884;Fenil-sur-Corsier;ch:1:sboid:100675;;2556036.521;1148190.781;551;46.48358732583628, 6.866111184269344
8579168;Fenil-sur-Corsier, Pont;Transports publics Vevey-Montreux-Chillon-Villeneuve;BUS;VD;Corsier-sur-Vevey;5884;Fenil-sur-Corsier;ch:1:sboid:100675;;2555794.379;1148001.394;538;46.48186774061802, 6.862976063967459
8579162;Corsier-sur-Vevey, Riant-Mont;Transports publics Vevey-Montreux-Chillon-Villeneuve;BUS;VD;Corsier-sur-Vevey;5884;Corsier-sur-Vevey;ch:1:sboid:100675;;2554632.7;1146907.647;446;46.47195123020204, 6.847956232330187
8579173;Corsier-sur-Vevey, Sous-Nant;Transports publics Vevey-Montreux-Chillon-Villeneuve;BUS;VD;Corsier-sur-Vevey;5884;Corsier-sur-Vevey;ch:1:sboid:100675;;2554971.43;1147546.072;539;46.47771700702842, 6.852304078393001
8504964;Corsier-sur-Vevey, Châtelard;Transports publics Vevey-Montreux-Chillon-Villeneuve;BUS;VD;Corsier-sur-Vevey;5884;Corsier-sur-Vevey;ch:1:sboid:100675;;2554425.76;1146732.451;427;46.47036120352638, 6.845279252770474
8504955;Monts-de-Corsier, Banderette;Transports publics Vevey-Montreux-Chillon-Villeneuve;BUS;VD;Corsier-sur-Vevey;5884;Les Monts-de-Corsier;ch:1:sboid:100675;;2557770;1150848;797;46.50760184374109, 6.888442000389895
8504954;Corsier-sur-Vevey, Nant;Transports publics Vevey-Montreux-Chillon-Villeneuve;BUS;VD;Corsier-sur-Vevey;5884;Corsier-sur-Vevey;ch:1:sboid:100675;;2555071;1147701;569;46.47911733968555, 6.853585499009893
8591902;Monts-de-Corsier, Dautère;Transports publics Vevey-Montreux-Chillon-Villeneuve;BUS;VD;Corsier-sur-Vevey;5884;Les Monts-de-Corsier;ch:1:sboid:100675;;2556753;1149830;765;46.49837947194931, 6.875287815043782
8593996;Vevey, Marronniers;Transports publics Vevey-Montreux-Chillon-Villeneuve;BUS;VD;Corsier-sur-Vevey;5884;Corsier-sur-Vevey;ch:1:sboid:100675;;2554054.539;1146488.351;389;46.46814002231814, 6.840470549037384
8579166;Corsier-sur-Vevey, Omballes;Transports publics Vevey-Montreux-Chillon-Villeneuve;BUS;VD;Corsier-sur-Vevey;5884;Corsier-sur-Vevey;ch:1:sboid:100675;;2555313;1147684;495;46.4789806456856, 6.856738297261021
8579184;Mts-de-Corsier, Petit Hautigny;Transports publics Vevey-Montreux-Chillon-Villeneuve;BUS;VD;Corsier-sur-Vevey;5884;Les Monts-de-Corsier;ch:1:sboid:100675;;2556970;1150156;763;46.501325978619164, 6.878084033353893
8579165;Corsier-sur-Vevey, Chaplin;Transports publics Vevey-Montreux-Chillon-Villeneuve;BUS;VD;Corsier-sur-Vevey;5884;Corsier-sur-Vevey;ch:1:sboid:100675;;2554923.634;1147353.332;492;46.47598001652993, 6.8517005505039625
8579170;Fenil-sur-Corsier, vieille rte;Transports publics Vevey-Montreux-Chillon-Villeneuve;BUS;VD;Corsier-sur-Vevey;5884;Fenil-sur-Corsier;ch:1:sboid:100675;;2556317.444;1148498.157;573;46.48637071197206, 6.8697403780292925
8579172;Corsier-sur-Vevey, Champ-Ban;Transports publics Vevey-Montreux-Chillon-Villeneuve;BUS;VD;Corsier-sur-Vevey;5884;Corsier-sur-Vevey;ch:1:sboid:100675;;2554759.027;1147465.83;521;46.476980852807735, 6.8495462504625495
8504961;Monts-de-Corsier, La Chaux;Transports publics Vevey-Montreux-Chillon-Villeneuve;BUS;VD;Corsier-sur-Vevey;5884;Les Monts-de-Corsier;ch:1:sboid:100675;;2555600.032;1148587.3;708;46.48712529438118, 6.8603889159025595
8593979;Vevey, av. de Corsier;Transports publics Vevey-Montreux-Chillon-Villeneuve;BUS;VD;Corsier-sur-Vevey;5884;Corsier-sur-Vevey;ch:1:sboid:100675;;2554225;1146542;394;46.468634309896714, 6.8426844011524794
8504963;Corsier-Vevey, Cure d'Attalens;Transports publics Vevey-Montreux-Chillon-Villeneuve;BUS;VD;Corsier-sur-Vevey;5884;Corsier-sur-Vevey;ch:1:sboid:100675;bis 2018: Corsier-sur-Vevey, Terreaux;2554511;1147044;447;46.47316950507528, 6.846358315175234
8504962;Monts-de-Corsier, Longpraz;Transports publics Vevey-Montreux-Chillon-Villeneuve;BUS;VD;Corsier-sur-Vevey;5884;Les Monts-de-Corsier;ch:1:sboid:100675;;2556417.413;1149347.235;757;46.49401501301707, 6.870962086840033
8504956;Monts-de-Corsier, L'Hautigny;Transports publics Vevey-Montreux-Chillon-Villeneuve;BUS;VD;Corsier-sur-Vevey;5884;Les Monts-de-Corsier;ch:1:sboid:100675;;2557294.221;1150444.268;767;46.50393986859208, 6.88228085940281
8509379;Cossonay-Ville, Chavannes;Automobiles MBC;BUS;VD;Cossonay;5477;Cossonay-Ville;ch:1:sboid:100566;;2528336.135;1162824.239;576;46.61281866799968, 6.503124922374987
8570109;Cossonay-Ville, centre;Automobiles MBC;BUS;VD;Cossonay;5477;Cossonay-Ville;ch:1:sboid:100566;;2528713.113;1162746.906;568;46.612163453078686, 6.508057587649797
8511041;Cossonay-Ville, Bicentenaire;Automobiles MBC;BUS;VD;Cossonay;5477;Cossonay-Ville;ch:1:sboid:100566;;2528285.183;1163026.79;581;46.614635113166266, 6.502428241062667
8510766;Cossonay-Ville, Tannaz;Automobiles MBC;BUS;VD;Cossonay;5477;Cossonay-Ville;ch:1:sboid:100566;;2528685.621;1163251.137;555;46.616696035865715, 6.507620503387257
8530003;Cossonay-Ville;Transports de la Région Morges-Bière-Cossonay;CABLE_RAILWAY;VD;Cossonay;5477;Cossonay-Ville;ch:1:sboid:100301;SBA.61.009.9;2528854;1162732;565;46.61204442053583, 6.50989886636899
8570096;Cossonay-Ville, Pré aux Moines;Automobiles MBC;BUS;VD;Cossonay;5477;Cossonay-Ville;ch:1:sboid:100566;;2528675;1162500;568;46.60993848311549, 6.50759841925459
8582737;Cossonay-Ville, La Condémine;Automobiles MBC;BUS;VD;Cossonay;5477;Cossonay-Ville;ch:1:sboid:100566;;2528247.45;1162519.736;576.7;46.61007015179851, 6.502014853503527
8511635;Cossonay-Ville, Champ-Vionnet;Automobiles MBC;BUS;VD;Cossonay;5477;Cossonay-Ville;ch:1:sboid:100566;;2528749.657;1163449.039;563.9;46.618482985674554, 6.508425741588336
8570095;Allens, village;Automobiles MBC;BUS;VD;Cossonay;5477;Allens;ch:1:sboid:100566;;2528844.738;1161388.844;543;46.599961849458545, 6.509985844607706
8583378;Cossonay-Ville, Chien-Boeuf;Automobiles MBC;BUS;VD;Cossonay;5477;Cossonay-Ville;ch:1:sboid:100566;;2528679;1162152;564;46.60680867930625, 6.507704617819958
8501017;Crans VD;Schweizerische Bundesbahnen SBB;;VD;Crans (VD);5713;Crans VD;ch:1:sboid:100001;(Zug);2505630.003;1134891.254;394.154;46.35874979020708, 6.212464218089284
8588662;Crans VD, La Versoix;Transports Publics de la Région Nyonnaise;BUS;VD;Crans (VD);5713;Crans VD;ch:1:sboid:100540;;2505254;1134953;422;46.35925212756032, 6.207566884019947
8593871;Crans VD, Les Landes;Transports Publics de la Région Nyonnaise;BUS;VD;Crans (VD);5713;Crans VD;ch:1:sboid:100540;;2506267.308;1135462.452;382.8;46.36397688917315, 6.220628201648693
8595502;Crans VD, Châtillon;Transports Publics de la Région Nyonnaise;BUS;VD;Crans (VD);5713;Crans VD;ch:1:sboid:100540;;2504902;1134671;421;46.356665825596515, 6.203051734270513
8588661;Crans VD, Port;Transports Publics de la Région Nyonnaise;BUS;VD;Crans (VD);5713;Crans VD;ch:1:sboid:100540;;2505873.347;1134903.894;379.6;46.3588977034515, 6.215622987510578
8588663;Crans VD, village;Transports Publics de la Région Nyonnaise;BUS;VD;Crans (VD);5713;Crans VD;ch:1:sboid:100540;;2505090.705;1134887.821;424.1;46.3586427745384, 6.20545879672217
8579313;Crassier, collège secondaire;Transports Publics de la Région Nyonnaise;BUS;VD;Crassier;5714;Crassier;ch:1:sboid:100540;;2502426.872;1137008.614;477.4;46.377335681734166, 6.170406740823139
8579314;Crassier, Ancienne Gare;Transports Publics de la Région Nyonnaise;BUS;VD;Crassier;5714;Crassier;ch:1:sboid:100540;;2502078;1136558;471;46.37323176746382, 6.165968105964242
8593872;Crassier, La Scie du Verger;Transports Publics de la Région Nyonnaise;BUS;VD;Crassier;5714;Crassier;ch:1:sboid:100540;;2501529;1137320;491;46.38000508064098, 6.158672327044095
8595174;Crassier, Ferme du Château;Transports Publics de la Région Nyonnaise;BUS;VD;Crassier;5714;Crassier;ch:1:sboid:100540;;2501779;1136758;475;46.37498689810889, 6.162040389306367
8588935;Crassier, Levrioux;Transports Publics de la Région Nyonnaise;BUS;VD;Crassier;5714;Crassier;ch:1:sboid:100540;;2502233;1136168;471;46.36974656217973, 6.1680644579202495
8588840;Crissier, Noutes;Transports Publics de la Région Lausannoise sa;BUS;VD;Crissier;5583;Crissier;ch:1:sboid:100122;;2534099;1155053;470;46.543510447911466, 6.57946101889275
8593815;Crissier, Jura;Transports Publics de la Région Lausannoise sa;BUS;VD;Crissier;5583;Crissier;ch:1:sboid:100122;;2533622;1154891;415;46.54200600858459, 6.57326601256219
8593816;Crissier, Marcolet;Transports Publics de la Région Lausannoise sa;BUS;VD;Crissier;5583;Crissier;ch:1:sboid:100122;;2533751;1155437;429;46.54693011105802, 6.5748691516720985
8588845;Crissier, Timonet;Transports Publics de la Région Lausannoise sa;BUS;VD;Crissier;5583;Crissier;ch:1:sboid:100122;;2533672;1156420;470;46.55576439024944, 6.573697672784948
8588846;Villars-Ste-Croix, Croix-Péage;Transports Publics de la Région Lausannoise sa;BUS;VD;Crissier;5583;Crissier;ch:1:sboid:100122;;2533051;1157027;479;46.56116238724293, 6.565512027157921
8588842;Crissier, Place Centrale;Transports Publics de la Région Lausannoise sa;BUS;VD;Crissier;5583;Crissier;ch:1:sboid:100122;;2534113.297;1155762.985;454.1;46.549898210222295, 6.579545872776358
8592214;Renens VD, Industrie;Transports Publics de la Région Lausannoise sa;BUS;VD;Crissier;5583;Crissier;ch:1:sboid:100122;;2534209;1154779;432;46.54105665033478, 6.580934140731431
8507632;Crissier, Montremoën;Transports Publics de la Région Lausannoise sa;BUS;VD;Crissier;5583;Crissier;ch:1:sboid:100122;;2533984;1157108;509.9;46.56198389968361, 6.577667313985899
8591936;Crissier, Closalet;Transports Publics de la Région Lausannoise sa;BUS;VD;Crissier;5583;Crissier;ch:1:sboid:100122;;2533350;1156170.8;448;46.55349076186171, 6.5695350771606105
8510421;Crissier, Chicorée;Transports Publics de la Région Lausannoise sa;BUS;VD;Crissier;5583;Crissier;ch:1:sboid:100122;;2534110.618;1154745.769;426;46.54074803580157, 6.579656406134062
8591935;Crissier, Arc-en-Ciel;Transports Publics de la Région Lausannoise sa;BUS;VD;Crissier;5583;Crissier;ch:1:sboid:100122;;2533201;1155270;415;46.545373148196305, 6.567722919241004
8591939;Crissier, Vernie;Transports Publics de la Région Lausannoise sa;BUS;VD;Crissier;5583;Crissier;ch:1:sboid:100122;;2533418.709;1155088.674;413.2;46.543763856567885, 6.570587349233487
8588841;Crissier, scierie;Transports Publics de la Région Lausannoise sa;BUS;VD;Crissier;5583;Crissier;ch:1:sboid:100122;;2534095;1155420;470;46.546811235500165, 6.579356377964512
8593817;Crissier, Feleire;Transports Publics de la Région Lausannoise sa;BUS;VD;Crissier;5583;Crissier;ch:1:sboid:100122;;2533436.552;1155951.275;438.8;46.551524765181256, 6.570695327818856
8595148;Crissier, Chisaz;Transports Publics de la Région Lausannoise sa;BUS;VD;Crissier;5583;Crissier;ch:1:sboid:100122;;2533916;1155821;450;46.550400556925574, 6.576965204581539
8595516;Crissier, Mongevon;Transports Publics de la Région Lausannoise sa;BUS;VD;Crissier;5583;Crissier;ch:1:sboid:100122;;2533644;1155602;437;46.54840366824516, 6.573450408130734
8595986;Crissier, Lentillières;Transports Publics de la Région Lausannoise sa;BUS;VD;Crissier;5583;Crissier;ch:1:sboid:100122;arrêt Taxibus 958 Crissier;2533574;1155873;445.3;46.550834363273545, 6.5724987044342695
8588843;Crissier, bourg;Transports Publics de la Région Lausannoise sa;BUS;VD;Crissier;5583;Crissier;ch:1:sboid:100122;;2533933.258;1156169.913;465.8;46.553540755525795, 6.577140175339357
8512046;Crissier, Ley-Outre;Transports Publics de la Région Lausannoise sa;BUS;VD;Crissier;5583;Crissier;ch:1:sboid:100122;;2534542.834;1155588.585;465.3;46.548371718398435, 6.5851709100948765
8583211;Cronay, Le Crêt;PostAuto AG;BUS;VD;Cronay;5910;Cronay;ch:1:sboid:100602;;2542925;1178553;612;46.7557082783772, 6.691598910782016
8507670;Cronay, village;PostAuto AG;BUS;VD;Cronay;5910;Cronay;ch:1:sboid:100602;;2543273;1178492;606;46.75518935518597, 6.696161071292389
8507690;Cronay, Moulin du Pont;PostAuto AG;BUS;VD;Cronay;5910;Cronay;ch:1:sboid:100602;;2544013;1177485;489;46.74619405682088, 6.705969359394639
8570309;Cronay, église;PostAuto AG;BUS;VD;Cronay;5910;Cronay;ch:1:sboid:100602;;2543406;1178783;627;46.757818237958055, 6.697865715182386
8570224;Croy, anc. Battoir;PostAuto AG;BUS;VD;Croy;5752;Croy;ch:1:sboid:100602;;2526077;1171898;657;46.69418912190379, 6.472175224446469
8570233;Croy, En Fochau;PostAuto AG;BUS;VD;Croy;5752;Croy;ch:1:sboid:100602;;2526719;1172180;643;46.696796606019745, 6.4805227305433695
8584677;Croy, collège;PostAuto AG;BUS;VD;Croy;5752;Croy;ch:1:sboid:100602;;2526406;1171908;652;46.694315504608014, 6.476474497671153
8570137;Cuarnens, Le Pont;Automobiles MBC;BUS;VD;Cuarnens;5479;Cuarnens;ch:1:sboid:100566;;2523385;1164176;631;46.62442719315645, 6.438273315347191
8570321;Cuarny, église;PostAuto AG;BUS;VD;Cuarny;5911;Cuarny;ch:1:sboid:100602;;2542704;1180147;579;46.77002731805498, 6.688506630224559
8507683;Yvonand, La Grand'Moille;PostAuto AG;BUS;VD;Cuarny;5911;Cuarny;ch:1:sboid:100602;;2544061;1181317;522;46.78066703448999, 6.70612836484112
8579746;Cudrefin, camping;PostAuto AG;BUS;VD;Cudrefin;5456;Cudrefin;ch:1:sboid:100602;;2568764;1201081;433;46.96006777584851, 7.028241848789287
8583709;Montet (Vully), La Fenette;PostAuto AG;BUS;VD;Cudrefin;5456;Cudrefin;ch:1:sboid:100602;;2568912;1199460;494;46.945493774669345, 7.030297470184104
8570530;Cudrefin, place de la Tour;PostAuto AG;BUS;VD;Cudrefin;5456;Cudrefin;ch:1:sboid:100602;;2568078;1200554;434;46.95529466539286, 7.019266210470071
8570528;Montet (Vully), village;PostAuto AG;BUS;VD;Cudrefin;5456;Cudrefin;ch:1:sboid:100602;;2568839;1199724;475;46.9478650372715, 7.029320501584521
8583708;Cudrefin, mini-golf;PostAuto AG;BUS;VD;Cudrefin;5456;Cudrefin;ch:1:sboid:100602;(Bus) ohne Fahrplandaten 2016/2018;2568332;1200265;436;46.95270729896949, 7.022623190456047
8581750;Cudrefin, La Sauge;PostAuto AG;BUS;VD;Cudrefin;5456;Cudrefin;ch:1:sboid:100602;;2570752;1202646;433;46.97423584908239, 7.054259458844224
8570529;Cudrefin, Vers-chez-Jacot;PostAuto AG;BUS;VD;Cudrefin;5456;Cudrefin;ch:1:sboid:100602;;2568427;1200243;439;46.95251394579915, 7.023872674394065
8504561;Cudrefin;Lacs de Neuchâtel et Morat;BOAT;VD;Cudrefin;5456;Cudrefin;ch:1:sboid:100148;;2567678.235;1200997.811;430;46.959267362198254, 7.0139828633105035
8504571;La Sauge (bateau);Lacs de Neuchâtel et Morat;BOAT;VD;Cudrefin;5456;Cudrefin;ch:1:sboid:100148;;2570735.347;1202813.902;431;46.97574539454502, 7.054029758709886
8570527;Champmartin;PostAuto AG;BUS;VD;Cudrefin;5456;Cudrefin;ch:1:sboid:100602;;2566433;1198928;464;46.94058737608919, 6.997776311112488
8583829;Cudrefin, Le Moulin;PostAuto AG;BUS;VD;Cudrefin;5456;Cudrefin;ch:1:sboid:100602;;2568165;1200123;442;46.95142199327665, 7.020439395758781
8591940;Cugy (VD) VD, Cavenette;Transports Publics de la Région Lausannoise sa;BUS;VD;Cugy (VD) (VD);5516;Cugy (VD) VD;ch:1:sboid:100122;;2538452;1159076;693;46.58011316841779, 6.635670992495257
8507540;Cugy (VD) VD, Grillon;Transports Publics de la Région Lausannoise sa;BUS;VD;Cugy (VD) (VD);5516;Cugy (VD) VD;ch:1:sboid:100122;;2538814;1159933;701.8;46.58785526053463, 6.640279411590169
8504178;Cugy (VD) VD, poste;Transports Publics de la Région Lausannoise sa;BUS;VD;Cugy (VD) (VD);5516;Cugy (VD) VD;ch:1:sboid:100122;;2538705;1159474;700;46.58371650582963, 6.638918429543164
8573634;Cugy (VD) VD, village;Transports Publics de la Région Lausannoise sa;BUS;VD;Cugy (VD) (VD);5516;Cugy (VD) VD;ch:1:sboid:100122;;2538831;1159667;699;46.58546412299946, 6.640536584935372
8570164;Cugy (VD) VD, Le Moulin;Transports Publics de la Région Lausannoise sa;BUS;VD;Cugy (VD) (VD);5516;Cugy (VD) VD;ch:1:sboid:100122;;2538992;1160050;700;46.58892398733085, 6.642586290421303
8591865;Curtilles, village;PostAuto AG;BUS;VD;Curtilles;5669;Curtilles;ch:1:sboid:100602;;2554903;1172208;520;46.69955393489173, 6.8489940739032775
8515319;Daillens (bif);Schweizerische Bundesbahnen SBB;;VD;Daillens;5480;Daillens;ch:1:sboid:100001;(Zug);2531684.457;1165528.873;445.045;46.63749808706161, 6.5464284818957905
8501298;Daillens, village;PostAuto AG;BUS;VD;Daillens;5480;Daillens;ch:1:sboid:100602;;2531705;1163651;499;46.620608806619856, 6.546975955707627
8501146;Daillens;Schweizerische Bundesbahnen SBB;;VD;Daillens;5480;Daillens;ch:1:sboid:100001;Güterverkehr;2531375.397;1164952.434;444.3;46.632281307449375, 6.542478607885003
8583673;Daillens, Les Montets;PostAuto AG;BUS;VD;Daillens;5480;Daillens;ch:1:sboid:100602;;2532301;1163851;527;46.622468571443946, 6.554727224559517
8507672;Démoret, haut du village;PostAuto AG;BUS;VD;Démoret;5912;Démoret;ch:1:sboid:100602;;2547777;1177350;732;46.74528589280928, 6.755239290295907
8507434;Démoret, La Rapas;PostAuto AG;BUS;VD;Démoret;5912;Démoret;ch:1:sboid:100602;;2547804;1178256;695;46.75343756526604, 6.755489153039477
8570313;Démoret, bas du village;PostAuto AG;BUS;VD;Démoret;5912;Démoret;ch:1:sboid:100602;;2548003;1177839;712;46.74970220104165, 6.75814098924213
8511636;Denens, village;Automobiles MBC;BUS;VD;Denens;5631;Denens;ch:1:sboid:100566;;2524449.03;1152361.379;506;46.518277685316235, 6.454103816287358
8570085;Denens, Chatagny;Automobiles MBC;BUS;VD;Denens;5631;Denens;ch:1:sboid:100566;;2524200;1152100;504;46.51589840820114, 6.450901894857909
8501045;Denges-Echandens;Schweizerische Bundesbahnen SBB;TRAIN;VD;Denges;5632;Denges;ch:1:sboid:100001;;2531092.813;1153487.694;398.281;46.52912709914973, 6.5405054818833115
8515322;Denges A (bif);Schweizerische Bundesbahnen SBB;;VD;Denges;5632;Denges;ch:1:sboid:100001;(Zug);2531193.53;1153533.643;397.28;46.529550788897076, 6.541811253692842
8588872;Denges, Les Oches;Automobiles MBC;BUS;VD;Denges;5632;Denges;ch:1:sboid:100566;;2531178.628;1153155.795;395.3;46.526150508363216, 6.541673441021341
8592239;Denges, La Pale;Automobiles MBC;BUS;VD;Denges;5632;Denges;ch:1:sboid:100566;;2531209.318;1152347.68;389.6;46.51888466987755, 6.5421939459666865
8592241;Denges, Sur les Moulins;Automobiles MBC;BUS;VD;Denges;5632;Denges;ch:1:sboid:100566;;2531176.044;1151922.303;389.4;46.51505497041188, 6.541823845185614
8592242;Denges, village;Automobiles MBC;BUS;VD;Denges;5632;Denges;ch:1:sboid:100566;;2531088.484;1152835.776;401.2;46.523262643711085, 6.540546492742329
8501141;Lausanne-Triage A/B;Schweizerische Bundesbahnen SBB;;VD;Denges;5632;Denges;ch:1:sboid:100001;(Zug);2531359.434;1153559.113;395.75;46.529796960020974, 6.543969678575492
8501143;Lausanne-Triage Sud;Schweizerische Bundesbahnen SBB;;VD;Denges;5632;Denges;ch:1:sboid:100001;(Zug);2530587.955;1153032.737;392.3;46.524982489956976, 6.533994250118594
8515323;Denges B (bif);Schweizerische Bundesbahnen SBB;;VD;Denges;5632;Denges;ch:1:sboid:100001;(Zug);2531389.208;1153666.781;395.15;46.530768493496005, 6.544341699580195
8515339;Lausanne-Triage B;Schweizerische Bundesbahnen SBB;;VD;Denges;5632;Denges;ch:1:sboid:100001;(Zug);2530999.878;1153370.922;397.25;46.52806713793835, 6.5393117530816
8592240;Denges, Pierraz-Mur;Automobiles MBC;BUS;VD;Denges;5632;Denges;ch:1:sboid:100566;;2530776;1151938;396;46.51515483860664, 6.536609135496726
8501049;Lausanne-Triage;Schweizerische Bundesbahnen SBB;;VD;Denges;5632;Denges;ch:1:sboid:100001;Güterverkehr;2530997.57;1153269.505;395.5;46.52715465323297, 6.539296851724069
8595611;Dizy, village;Automobiles MBC;BUS;VD;Dizy;5481;Dizy;ch:1:sboid:100566;;2527669;1165321;576;46.63520474125588, 6.494023792074492
8570473;Dompierre VD, village;PostAuto AG;BUS;VD;Dompierre (VD);5671;Dompierre VD;ch:1:sboid:100602;;2557526;1173147;713;46.70817304947872, 6.883201459454632
8596057;Les Granges-de-Dompierre;PostAuto AG;BUS;VD;Dompierre (VD);5671;Dompierre VD;ch:1:sboid:100602;;2556769.39;1173712.884;642.2;46.71321458389978, 6.873254112849007
8507688;Mézery-près-Donneloye, village;PostAuto AG;BUS;VD;Donneloye;5913;Mézery-près-Donneloye;ch:1:sboid:100602;;2545644;1177782;626;46.74900087230752, 6.727276729894382
8507674;Donneloye, poste;PostAuto AG;BUS;VD;Donneloye;5913;Donneloye;ch:1:sboid:100602;;2544745;1177302;538;46.74460917062086, 6.7155701493545665
8507682;Gossens, village;PostAuto AG;BUS;VD;Donneloye;5913;Gossens;ch:1:sboid:100602;;2543602;1176877;539;46.74069035219313, 6.700666162092589
8507954;Prahins, village;PostAuto AG;BUS;VD;Donneloye;5913;Prahins;ch:1:sboid:100602;;2546623;1176130;693;46.73422028131173, 6.740281085930969
8557044;Donneloye, collège;PostAuto AG;BUS;VD;Donneloye;5913;Donneloye;ch:1:sboid:100602;;2544839;1177381;543;46.74532758170648, 6.716790631776714
8579735;Gossens, La Cernia;PostAuto AG;BUS;VD;Donneloye;5913;Gossens;ch:1:sboid:100602;;2543349;1176267;555;46.73518187959624, 6.69743139714554
8570316;Prahins, Les Ivuez;PostAuto AG;BUS;VD;Donneloye;5913;Prahins;ch:1:sboid:100602;;2546477;1176335;681;46.73605254466595, 6.73834701637369
8570310;Donneloye, croisée;PostAuto AG;BUS;VD;Donneloye;5913;Donneloye;ch:1:sboid:100602;;2544624;1177119;535;46.74295301356608, 6.714008996918938
8570311;Donneloye, En Jon;PostAuto AG;BUS;VD;Donneloye;5913;Donneloye;ch:1:sboid:100602;;2545171;1178019;553;46.75109387735106, 6.721058480097804
8570009;Duillier, croisée de Trélex;PostAuto AG;BUS;VD;Duillier;5715;Duillier;ch:1:sboid:100602;;2506865;1140957;454;46.413481249371856, 6.227289785942561
8501733;Changins;PostAuto AG;BUS;VD;Duillier;5715;Duillier;ch:1:sboid:100602;;2507429;1139482;432;46.40029246647125, 6.234918995748448
8501289;Duillier, centre communal;PostAuto AG;BUS;VD;Duillier;5715;Duillier;ch:1:sboid:100602;;2507361;1140701;455;46.41124744433322, 6.2337911534501576
8581672;Dully, St-Bonnet;PostAuto AG;BUS;VD;Dully;5855;Dully;ch:1:sboid:100602;;2512539;1143394;429;46.43616646002076, 6.300617053022863
8500730;Dully, Bourg d'Amont;PostAuto AG;BUS;VD;Dully;5855;Dully;ch:1:sboid:100602;;2512262;1142994;423;46.43253233636428, 6.297089132773319
8570061;Dully, Sous-Dully;PostAuto AG;BUS;VD;Dully;5855;Dully;ch:1:sboid:100602;;2512478;1142778;401;46.43061776460038, 6.299939945093656
8583460;Luins, Le Vernay;PostAuto AG;BUS;VD;Dully;5855;Dully;ch:1:sboid:100602;;2511737;1143595;410;46.4378691045532, 6.290144738347161
8501173;Echallens;Lausanne-Echallens-Bercher;TRAIN;VD;Echallens;5518;Echallens;ch:1:sboid:100036;;2538279.982;1165681.027;616.8;46.63950999622753, 6.632540001869276
8501174;Sur Roche;Lausanne-Echallens-Bercher;TRAIN;VD;Echallens;5518;Echallens;ch:1:sboid:100036;;2538769.526;1165780.51;623.7;46.64045000112851, 6.638920006041292
8570204;Echallens, La Robellaz;PostAuto AG;BUS;VD;Echallens;5518;Echallens;ch:1:sboid:100602;;2539014;1165808;617;46.64071968850282, 6.642109155489073
8570180;Echallens, Château;PostAuto AG;BUS;VD;Echallens;5518;Echallens;ch:1:sboid:100602;;2538207;1165837;614;46.64090621998286, 6.631565890188947
8570202;Echallens, Les Coulisses;PostAuto AG;BUS;VD;Echallens;5518;Echallens;ch:1:sboid:100602;;2537935;1166081;612;46.64307574028791, 6.627980591146583
8570203;Echallens, place Emile Gardaz;PostAuto AG;BUS;VD;Echallens;5518;Echallens;ch:1:sboid:100602;;2538684;1165776;622;46.64040157135935, 6.637803649659371
8570301;Echallens, La Fontaine;PostAuto AG;BUS;VD;Echallens;5518;Echallens;ch:1:sboid:100602;;2538672;1166389;625;46.64591443792981, 6.637565035098586
8570205;Echallens, Les Trois-Sapins;PostAuto AG;BUS;VD;Echallens;5518;Echallens;ch:1:sboid:100602;;2539323;1165607;636;46.638939880046046, 6.646171246339338
8580485;Echallens, collège/parc;PostAuto AG;BUS;VD;Echallens;5518;Echallens;ch:1:sboid:100602;;2539496;1165602;646;46.63891063042364, 6.648431203292007
8501178;Grésaley;Lausanne-Echallens-Bercher;TRAIN;VD;Echallens;5518;Echallens;ch:1:sboid:100036;;2539021.535;1166089.524;625;46.64325270497102, 6.642170166817398
8570181;Echallens, route de Cossonay;PostAuto AG;BUS;VD;Echallens;5518;Echallens;ch:1:sboid:100602;;2537838;1165782;612;46.640377182079185, 6.626754210206442
8570238;Echallens, gare;PostAuto AG;BUS;VD;Echallens;5518;Echallens;ch:1:sboid:100602;;2538277;1165699;617;46.639671388223675, 6.632498641727357
8515341;Lausanne-Triage D;Schweizerische Bundesbahnen SBB;;VD;Echandens;5633;Echandens;ch:1:sboid:100001;Güterverkehr;2531643.291;1153848.633;397;46.532430304201235, 6.547626259415407
8592243;Echandens, Riaz;Automobiles MBC;BUS;VD;Echandens;5633;Echandens;ch:1:sboid:100566;;2531227.402;1154311.996;430.1;46.53655557014461, 6.5421365870369925
8515340;Lausanne-Triage C;Schweizerische Bundesbahnen SBB;;VD;Echandens;5633;Echandens;ch:1:sboid:100001;(Zug);2531445.672;1153673.719;395.79;46.53083669813202, 6.545076576506979
8501148;Lécheires (bif);Schweizerische Bundesbahnen SBB;;VD;Echandens;5633;Echandens;ch:1:sboid:100001;(Zug);2531895.696;1154107.782;398.74;46.534787136450376, 6.550877729312099
8588875;Echandens, centre;Automobiles MBC;BUS;VD;Echandens;5633;Echandens;ch:1:sboid:100566;;2531142;1154096;428;46.53460388271976, 6.541055667696309
8588874;Echandens, poste;Automobiles MBC;BUS;VD;Echandens;5633;Echandens;ch:1:sboid:100566;;2531133.095;1153602.272;405.4;46.53016188019689, 6.5410133548770375
8592244;Echandens, Chocolatière;Automobiles MBC;BUS;VD;Echandens;5633;Echandens;ch:1:sboid:100566;;2531587.785;1154297.107;399.7;46.536458649945345, 6.546836255088227
8595213;Echandens, collège;Automobiles MBC;BUS;VD;Echandens;5633;Echandens;ch:1:sboid:100566;;2531135.132;1153844.133;422.9;46.532337632853505, 6.541003781958677
8504655;Monnaz, village;Automobiles MBC;BUS;VD;Echichens;5634;Monnaz;ch:1:sboid:100566;;2526389.852;1153466.787;485.7;46.52843737393678, 6.479216477134322
8592269;Morges, hôpital;Automobiles MBC;BUS;VD;Echichens;5634;Echichens;ch:1:sboid:100566;;2527980;1152900;432;46.52351247312148, 6.500028748004946
8592246;Echichens, église;Automobiles MBC;BUS;VD;Echichens;5634;Echichens;ch:1:sboid:100566;;2527893.163;1153194.725;466;46.52615414233437, 6.498851059340792
8596052;Echichens, Crêt;Automobiles MBC;BUS;VD;Echichens;5634;Echichens;ch:1:sboid:100566;;2528271.201;1153005.074;436.4;46.52448893255061, 6.503807162647537
8501268;Colombier VD, poste;Automobiles MBC;BUS;VD;Echichens;5634;Colombier VD;ch:1:sboid:100566;;2526030.865;1156559.361;519.3;46.5562151478072, 6.474041597982321
8570098;Echichens, Haute-Pierre;Automobiles MBC;BUS;VD;Echichens;5634;Echichens;ch:1:sboid:100566;;2527456;1153900;490;46.53245072350949, 6.493042968238295
8570099;St-Saphorin-sur-Morges, Pavé;Automobiles MBC;BUS;VD;Echichens;5634;St-Saphorin-sur-Morges;ch:1:sboid:100566;;2527034.194;1155011.801;508;46.542405350730384, 6.48736935361023
8512376;Colombier, collège;Automobiles MBC;;VD;Echichens;5634;Colombier VD;ch:1:sboid:100566;;2526190.786;1156352.698;495.2;46.554373924486754, 6.4761599541540145
8570072;Monnaz, Trésy;Automobiles MBC;BUS;VD;Echichens;5634;Monnaz;ch:1:sboid:100566;;2526738;1153258;480;46.526597620126466, 6.483786911741941
8570091;Echichens, Gravelines;Automobiles MBC;BUS;VD;Echichens;5634;Echichens;ch:1:sboid:100566;;2528514.718;1152879.727;419.2;46.52338754923426, 6.507000017005947
8504652;Echichens, village;Automobiles MBC;BUS;VD;Echichens;5634;Echichens;ch:1:sboid:100566;;2527984.803;1153302.944;470.9;46.5271374504116, 6.500028409034803
8570071;Echichens, Signal;Automobiles MBC;BUS;VD;Echichens;5634;Echichens;ch:1:sboid:100566;;2527261.191;1152883.799;466.3;46.52328887230147, 6.490664229139261
8570102;Colombier VD, En Plan;Automobiles MBC;BUS;VD;Echichens;5634;Colombier VD;ch:1:sboid:100566;;2526450;1155850;510;46.54988080484822, 6.479620053954225
8570100;St-Saphorin-sur-Morges,village;Automobiles MBC;BUS;VD;Echichens;5634;St-Saphorin-sur-Morges;ch:1:sboid:100566;;2527004.929;1155414.992;530;46.546028827727504, 6.486923977868825
8570097;Echichens, croisée;Automobiles MBC;BUS;VD;Echichens;5634;Echichens;ch:1:sboid:100566;;2527359.781;1153058.581;469.4;46.52487175859582, 6.491921458315526
8501109;Eclépens Ciment (embr);Schweizerische Bundesbahnen SBB;;VD;Eclépens;5482;Eclépens;ch:1:sboid:100001;(Zug) Güterverkehr;2531876;1167594;451;46.656093392696, 6.548623365156384
8515327;Eclépens Nord (bif);Schweizerische Bundesbahnen SBB;;VD;Eclépens;5482;Eclépens;ch:1:sboid:100001;(Zug);2532130.34;1167889.522;454.448;46.65877754616343, 6.551902226004031
8518421;Eclépens sud;Schweizerische Bundesbahnen SBB;;VD;Eclépens;5482;Eclépens;ch:1:sboid:100001;Güterverkehr;2532091.19;1166880.78;450.1;46.64969998049801, 6.551540036244414
8570139;Eclépens, gare;PostAuto AG;BUS;VD;Eclépens;5482;Eclépens;ch:1:sboid:100602;;2532153;1167692;458;46.65700315471225, 6.5522274660585005
8570140;Eclépens, Cinq-Sous;PostAuto AG;BUS;VD;Eclépens;5482;Eclépens;ch:1:sboid:100602;;2531081;1166954;453;46.650254900262944, 6.538334009335422
8570141;Eclépens, collège;PostAuto AG;BUS;VD;Eclépens;5482;Eclépens;ch:1:sboid:100602;;2530498;1166907;453;46.64977160148448, 6.5307259503112425
8501114;Eclépens;Schweizerische Bundesbahnen SBB;TRAIN;VD;Eclépens;5482;Eclépens;ch:1:sboid:100001;;2532168.058;1167712.675;454.77;46.65719065799183, 6.55242112332029
8504659;Eclépens, village;PostAuto AG;BUS;VD;Eclépens;5482;Eclépens;ch:1:sboid:100602;;2530186;1167186;460;46.65224857590384, 6.526608191415507
8501142;Lausanne-Triage Nord;Schweizerische Bundesbahnen SBB;;VD;Ecublens;5635;Ecublens (VD) VD;ch:1:sboid:100001;(Zug);2532295.94;1154574.658;399.98;46.539027386822916, 6.556026017750899
8501215;Ecublens (VD) VD, Bassenges;Transports Publics de la Région Lausannoise sa;METRO;VD;Ecublens;5635;Ecublens (VD) VD;ch:1:sboid:100122;;2532935;1152962;398;46.52458595072872, 6.564590945898884
8588873;Ecublens (VD) VD, Pontet;Transports Publics de la Région Lausannoise sa;BUS;VD;Ecublens;5635;Ecublens (VD) VD;ch:1:sboid:100122;;2533051;1153539;399;46.529787723269564, 6.566018848936407
8591949;Ecublens (VD) VD, En Enjalin;Transports Publics de la Région Lausannoise sa;BUS;VD;Ecublens;5635;Ecublens (VD) VD;ch:1:sboid:100122;;2532358;1152927;419;46.52421295028538, 6.557076749150455
8591948;Ecublens (VD) VD, Croset;Transports Publics de la Région Lausannoise sa;BUS;VD;Ecublens;5635;Ecublens (VD) VD;ch:1:sboid:100122;;2533084;1154084;404;46.534693325010544, 6.5663698259327
8591946;Ecublens (VD) VD, Cocarde;Automobiles MBC;BUS;VD;Ecublens;5635;Ecublens (VD) VD;ch:1:sboid:100566;;2532620;1153341;415;46.52796337046594, 6.560430551250507
8591950;Ecublens (VD) VD, allée de Dorigny;Automobiles MBC;BUS;VD;Ecublens;5635;Lausanne;ch:1:sboid:100566;;2534284;1152491;378;46.52048334409465, 6.582237988040274
8591955;Ecublens (VD) VD, place de sport;Transports Publics de la Région Lausannoise sa;BUS;VD;Ecublens;5635;Ecublens (VD) VD;ch:1:sboid:100122;;2532890;1154149;412;46.53525853775227, 6.563831724149807
8591951;Ecublens (VD) VD, Motty;Automobiles MBC;BUS;VD;Ecublens;5635;Ecublens (VD) VD;ch:1:sboid:100566;;2532705;1153108;421;46.5258760961862, 6.561572328940204
8591954;Ecublens (VD) VD, Perrettes;Transports Publics de la Région Lausannoise sa;BUS;VD;Ecublens;5635;Ecublens (VD) VD;ch:1:sboid:100122;;2532466;1153147;420;46.526202783430136, 6.558451948926345
8591959;Ecublens (VD) VD, Champs-Courbes;Transports Publics de la Région Lausannoise sa;BUS;VD;Ecublens;5635;Ecublens (VD) VD;ch:1:sboid:100122;;2531812;1152058;398;46.51634077012093, 6.5500899435567765
8591960;Ecublens (VD) VD, Veilloud;Transports Publics de la Région Lausannoise sa;BUS;VD;Ecublens;5635;Ecublens (VD) VD;ch:1:sboid:100122;;2532936;1153704;398;46.531260368072424, 6.564496046668102
8591945;Ecublens (VD) VD, Champagne;Automobiles MBC;BUS;VD;Ecublens;5635;Ecublens (VD) VD;ch:1:sboid:100566;;2533572.505;1152258.178;393.7;46.518318732216414, 6.573000171902802
8591944;Ecublens (VD) VD, Argand;Transports Publics de la Région Lausannoise sa;BUS;VD;Ecublens;5635;Lausanne;ch:1:sboid:100122;;2533488;1152483;396;46.52033261039717, 6.571866617930086
8592248;Ecublens (VD) VD, Larges Pièces;Automobiles MBC;BUS;VD;Ecublens;5635;Ecublens (VD) VD;ch:1:sboid:100566;;2532232.119;1153795.578;405.4;46.53201307349758, 6.55530863460505
8501129;Renens VD Larges Pièces (embr);Schweizerische Bundesbahnen SBB;;VD;Ecublens;5635;Ecublens (VD) VD;ch:1:sboid:100001;Güterverkehr;2533712;1154678;418;46.540099003957714, 6.574469891961416
8579233;Ecublens (VD) VD, EPFL (bus);Automobiles MBC;BUS;VD;Ecublens;5635;Lausanne;ch:1:sboid:100566;;2533107;1152679;395;46.52205759919677, 6.5668734666299855
8579234;Ecublens (VD) VD, EPFL Piccard;Automobiles MBC;BUS;VD;Ecublens;5635;Lausanne;ch:1:sboid:100566;;2533226.626;1152482.702;395.5;46.52030385872919, 6.568460757780506
8594890;Ecublens (VD) VD, Montaney;Transports Publics de la Région Lausannoise sa;BUS;VD;Ecublens;5635;Ecublens (VD) VD;ch:1:sboid:100122;;2532022;1152331;398;46.518817810631525, 6.552785960860003
8596053;Ecublens (VD) VD, Blévallaire;Automobiles MBC;BUS;VD;Ecublens;5635;Ecublens (VD) VD;ch:1:sboid:100566;;2533903.218;1152393.156;389.3;46.51956566383704, 6.577290114771214
8591953;Ecublens (VD) VD, Parc;Transports Publics de la Région Lausannoise sa;BUS;VD;Ecublens;5635;Ecublens (VD) VD;ch:1:sboid:100122;;2533217;1154336;419;46.53697338602492, 6.568066864709049
8591952;Ecublens (VD) VD, Ormet;Automobiles MBC;BUS;VD;Ecublens;5635;Ecublens (VD) VD;ch:1:sboid:100566;;2532495;1152858;427;46.52360615079551, 6.55887219087143
8591958;Ecublens (VD) VD, Suchet-Forêt;Transports Publics de la Région Lausannoise sa;BUS;VD;Ecublens;5635;Ecublens (VD) VD;ch:1:sboid:100122;;2533411;1154656;415;46.5398711689048, 6.570549376007095
8591957;Ecublens (VD) VD, Stand;Transports Publics de la Région Lausannoise sa;BUS;VD;Ecublens;5635;Ecublens (VD) VD;ch:1:sboid:100122;;2532783;1153872;402;46.532756154471464, 6.562477441880304
8591956;Ecublens (VD) VD, Renges;Transports Publics de la Région Lausannoise sa;BUS;VD;Ecublens;5635;Ecublens (VD) VD;ch:1:sboid:100122;;2532177;1152742;408;46.522530519245095, 6.554745225591768
8591947;Ecublens (VD) VD, Coquerellaz;Automobiles MBC;BUS;VD;Ecublens;5635;Ecublens (VD) VD;ch:1:sboid:100566;;2532646.403;1152941.463;423.8;46.52437218247561, 6.560833008549573
8512023;Ecublens (VD) VD, Ruchoz;Transports Publics de la Région Lausannoise sa;BUS;VD;Ecublens;5635;Ecublens (VD) VD;ch:1:sboid:100122;;2532533.437;1152069.393;404.1;46.51651648346558, 6.559488451608793
8510721;Ecublens (VD) VD, Epenex/Pont-Bleu;Transports Publics de la Région Lausannoise sa;BUS;VD;Ecublens;5635;Ecublens (VD) VD;ch:1:sboid:100122;;2533763.328;1154498.167;417;46.53848648991755, 6.575164829670477
8515355;Renens VD Ouest (bif);Schweizerische Bundesbahnen SBB;;VD;Ecublens;5635;Ecublens (VD) VD;ch:1:sboid:100001;(Zug);2533530.071;1154756.64;414.148;46.54078829139081, 6.57208700736796
8515639;Lausanne-Triage Est;Schweizerische Bundesbahnen SBB;;VD;Ecublens;5635;Ecublens (VD) VD;ch:1:sboid:100001;(Zug);2532096.006;1154205.144;400.25;46.53568330389942, 6.5534742705801134
8591961;Ecublens (VD) VD, Villars;Transports Publics de la Région Lausannoise sa;BUS;VD;Ecublens;5635;Ecublens (VD) VD;ch:1:sboid:100122;;2532675;1153514;417;46.529525056425555, 6.5611220806208825
8511813;Ecublens (VD) VD, Campus des médias;Transports Publics de la Région Lausannoise sa;BUS;VD;Ecublens;5635;Ecublens (VD) VD;ch:1:sboid:100122;;2533321.798;1152163.774;397.7;46.517444589844395, 6.569747035484668
8501214;Ecublens (VD) VD, EPFL;Transports Publics de la Région Lausannoise sa;BUS|METRO;VD;Ecublens;5635;Ecublens (VD) VD;ch:1:sboid:100122;;2533051;1152695;396;46.52219591027445, 6.566141397820636
8512022;Ecublens (VD) VD, Plantaz;Transports Publics de la Région Lausannoise sa;BUS;VD;Ecublens;5635;Ecublens (VD) VD;ch:1:sboid:100122;;2532421.218;1152393.417;416.9;46.51941974894315, 6.557978780152063
8512028;Ecublens (VD) VD, Dévent sud;Transports Publics de la Région Lausannoise sa;BUS;VD;Ecublens;5635;Ecublens (VD) VD;ch:1:sboid:100122;;2532415.732;1153908.538;409.4;46.53304775377957, 6.55768521291109
8512029;Ecublens (VD) VD, Dévent nord;Transports Publics de la Région Lausannoise sa;BUS;VD;Ecublens;5635;Ecublens (VD) VD;ch:1:sboid:100122;;2532435.24;1154133.644;405.7;46.53507456413037, 6.557906482206134
8512030;Ecublens (VD) VD, Bochet;Transports Publics de la Région Lausannoise sa;BUS;VD;Ecublens;5635;Ecublens (VD) VD;ch:1:sboid:100122;;2533370.894;1154524.014;406.6;46.538679951452856, 6.570045659155006
8501218;Ecublens (VD) VD, Epenex;Transports Publics de la Région Lausannoise sa;BUS|METRO;VD;Ecublens;5635;Ecublens (VD) VD;ch:1:sboid:100122;;2533641;1154414;417;46.53771726160134, 6.57358238233915
8501213;Ecublens (VD) VD, UNIL-Sorge;Transports Publics de la Région Lausannoise sa;BUS|METRO;VD;Ecublens;5635;Lausanne;ch:1:sboid:100122;;2533622;1152717;391;46.52245077934366, 6.573579060234286
8512020;Ecublens (VD) VD, Verney;Transports Publics de la Région Lausannoise sa;BUS;VD;Ecublens;5635;Ecublens (VD) VD;ch:1:sboid:100122;;2531682.292;1152213.922;393.4;46.517730045903086, 6.548376784895287
8512024;Ecublens (VD) VD, Crausaz;Transports Publics de la Région Lausannoise sa;BUS;VD;Ecublens;5635;Ecublens (VD) VD;ch:1:sboid:100122;;2532907.683;1153113.569;407;46.525946579179134, 6.56421290351683
8512026;Ecublens (VD) VD, Vignes;Transports Publics de la Région Lausannoise sa;BUS;VD;Ecublens;5635;Ecublens (VD) VD;ch:1:sboid:100122;;2532628.948;1153819.397;426.9;46.53226746887394, 6.5604772520019505
8512027;Ecublens (VD) VD, Pontet/collège;Transports Publics de la Région Lausannoise sa;BUS;VD;Ecublens;5635;Ecublens (VD) VD;ch:1:sboid:100122;;2533085.615;1153821.485;400;46.53233215833035, 6.566428978225156
8510727;Ecublens (VD) VD, EPFL/Colladon;Transports Publics de la Région Lausannoise sa;BUS;VD;Ecublens;5635;Lausanne;ch:1:sboid:100122;;2532850.467;1152239.538;396;46.51807888513919, 6.563594528852189
8512021;Ecublens (VD) VD, Renges/village;Transports Publics de la Région Lausannoise sa;BUS;VD;Ecublens;5635;Ecublens (VD) VD;ch:1:sboid:100122;;2532069.247;1152892.573;398.5;46.52387397754137, 6.553318885476292
8512034;Ecublens (VD) VD, Epenex/école;Transports Publics de la Région Lausannoise sa;BUS;VD;Ecublens;5635;Ecublens (VD) VD;ch:1:sboid:100122;;2533685.685;1154375.556;414.2;46.53737589070687, 6.574170380282646
8510528;St-Sulpice VD, Pré-Fleuri;Automobiles MBC;BUS;VD;Ecublens;5635;St-Sulpice VD;ch:1:sboid:100566;;2532618.276;1151924.214;395.7;46.515219158420535, 6.560615098540738
8587546;Epalinges, Lion d'Or;Transports Publics de la Région Lausannoise sa;BUS;VD;Epalinges;5584;Epalinges;ch:1:sboid:100122;;2541876.401;1155906.054;816;46.551906088260246, 6.680743825229965
8591962;Epalinges, Ballègue;Transports Publics de la Région Lausannoise sa;BUS;VD;Epalinges;5584;Epalinges;ch:1:sboid:100122;;2541045;1156245;812;46.55488205366598, 6.669860176634202
8591968;Epalinges, Grand Chemin;Transports Publics de la Région Lausannoise sa;BUS;VD;Epalinges;5584;Epalinges;ch:1:sboid:100122;;2542135.366;1156183.066;824;46.5544203492969, 6.684085558022591
8591964;Epalinges, Bois-Murat;Transports Publics de la Région Lausannoise sa;BUS;VD;Epalinges;5584;Epalinges;ch:1:sboid:100122;;2539851.709;1155168.425;720;46.54509166997288, 6.654441153648693
8591971;Epalinges, Tuileries;Transports Publics de la Région Lausannoise sa;BUS;VD;Epalinges;5584;Epalinges;ch:1:sboid:100122;;2540112.86;1155099.189;716;46.54449235561026, 6.657854751776475
8589525;Epalinges, Planches;Transports Publics de la Région Lausannoise sa;BUS;VD;Epalinges;5584;Epalinges;ch:1:sboid:100122;;2540791;1155095;747;46.544515152814654, 6.66669603038524
8593824;Epalinges, Praz-Buchilly;Transports Publics de la Région Lausannoise sa;BUS;VD;Epalinges;5584;Epalinges;ch:1:sboid:100122;arrêt taxibus TL 10.959;2541415;1156470;834;46.55693853698248, 6.674656083177061
8593819;Epalinges, Bois-de-Ban;Transports Publics de la Région Lausannoise sa;BUS;VD;Epalinges;5584;Epalinges;ch:1:sboid:100122;arrêt taxibus TL 10.959;2540707.751;1156238.884;802;46.554797169509364, 6.665463482163438
8591970;Epalinges, Pré-d'Yverdon;Transports Publics de la Région Lausannoise sa;BUS;VD;Epalinges;5584;Epalinges;ch:1:sboid:100122;;2541241;1155021;765;46.54388926409322, 6.672572015570449
8591969;Epalinges, Polny;Transports Publics de la Région Lausannoise sa;BUS;VD;Epalinges;5584;Epalinges;ch:1:sboid:100122;;2540711;1156155;797;46.55404291051967, 6.665516650952148
8591965;Epalinges, Girarde;Transports Publics de la Région Lausannoise sa;BUS;VD;Epalinges;5584;Epalinges;ch:1:sboid:100122;;2541317.671;1155626.468;791;46.54934228687424, 6.673494420842003
8591967;Epalinges, En Praz Bin;Transports Publics de la Région Lausannoise sa;BUS;VD;Epalinges;5584;Epalinges;ch:1:sboid:100122;;2541166;1155782;796;46.55072797296181, 6.671497074363182
8593827;Epalinges, Sylvana;Transports Publics de la Région Lausannoise sa;BUS;VD;Epalinges;5584;Epalinges;ch:1:sboid:100122;arrêt taxibus TL 10.959;2541517.069;1155159.534;807;46.54515963304386, 6.676153434026273
8593825;Epalinges, Près-les-bois;Transports Publics de la Région Lausannoise sa;BUS;VD;Epalinges;5584;Epalinges;ch:1:sboid:100122;arrêt taxibus TL 10.959;2540849;1156973;809;46.561413181244156, 6.667210963659548
8593828;Epalinges, Vulliettaz;Transports Publics de la Région Lausannoise sa;BUS;VD;Epalinges;5584;Epalinges;ch:1:sboid:100122;arrêt taxibus TL 10.959;2541582;1156073;835;46.55338209504274, 6.676884086501259
8593821;Epalinges, Giziaux;Transports Publics de la Région Lausannoise sa;BUS;VD;Epalinges;5584;Epalinges;ch:1:sboid:100122;;2541398;1155548;786;46.54864351096378, 6.674551724757158
8579239;Epalinges, Croisettes;Transports Publics de la Région Lausannoise sa;BUS|METRO;VD;Epalinges;5584;Epalinges;ch:1:sboid:100122;;2540394.497;1154941.152;718;46.54309598932941, 6.6615468275635985
8511383;Epalinges, Vaugueny;Transports Publics de la Région Lausannoise sa;BUS;VD;Epalinges;5584;Epalinges;ch:1:sboid:100122;;2540168.179;1155118.557;715;46.54467153275566, 6.658573403900704
8511382;Epalinges, Fontannins;Transports Publics de la Région Lausannoise sa;BUS;VD;Epalinges;5584;Epalinges;ch:1:sboid:100122;;2540495.455;1156645.463;791;46.55843551230472, 6.662642772240511
8593826;Epalinges, Raidillon;Transports Publics de la Région Lausannoise sa;BUS;VD;Epalinges;5584;Epalinges;ch:1:sboid:100122;arrêt taxibus TL 10.959;2541159;1154749;754;46.54143536001569, 6.671537750822488
8591963;Epalinges, Biolleyre;Transports Publics de la Région Lausannoise sa;BUS;VD;Epalinges;5584;Epalinges;ch:1:sboid:100122;;2540931;1155977;795;46.55246127636377, 6.6684080741726275
8591966;Epalinges, Croix-Blanche;Transports Publics de la Région Lausannoise sa;BUS;VD;Epalinges;5584;Epalinges;ch:1:sboid:100122;;2541117;1155439;787;46.54763831527976, 6.670902046721354
8593820;Epalinges, Florimont;Transports Publics de la Région Lausannoise sa;BUS;VD;Epalinges;5584;Epalinges;ch:1:sboid:100122;arrêt taxibus TL 10.959;2540197.61;1155513.889;716;46.548230239011126, 6.658905780578161
8593822;Epalinges, Montéclard;Transports Publics de la Région Lausannoise sa;BUS;VD;Epalinges;5584;Epalinges;ch:1:sboid:100122;arrêt taxibus TL 10.959;2540455.974;1155859.533;769;46.55136244890018, 6.662229547133998
8511098;Ependes VD, gare;PostAuto AG;BUS;VD;Ependes (VD);5914;Ependes VD;ch:1:sboid:100602;;2536513;1177567;440;46.746258159068105, 6.60781711571183
8501110;Ependes VD;Schweizerische Bundesbahnen SBB;TRAIN;VD;Ependes (VD);5914;Ependes VD;ch:1:sboid:100001;;2536501.324;1177584.684;439.95;46.74641611110667, 6.607661874433928
8501860;Essertines-sur-Rolle, village;PostAuto AG;BUS;VD;Essertines-sur-Rolle;5856;Essertines-sur-Rolle;ch:1:sboid:100602;;2513927;1149693;726;46.4930040176818, 6.317502017082455
8579691;Essertines-sur-Rolle,Le Pontet;PostAuto AG;BUS;VD;Essertines-sur-Rolle;5856;Essertines-sur-Rolle;ch:1:sboid:100602;;2514321;1149744;694;46.49351335414647, 6.322623882138789
8507675;Epautheyres, croisée;PostAuto AG;BUS;VD;Essertines-sur-Yverdon;5520;Epautheyres;ch:1:sboid:100602;;2539003;1176683;513;46.73853956489778, 6.640517951250458
8583030;Essertines-s.-Yv., Gde Salle;PostAuto AG;BUS;VD;Essertines-sur-Yverdon;5520;Essertines-sur-Yverdon;ch:1:sboid:100602;;2538908;1174154;600;46.71578252386513, 6.639612626541386
8587727;Les Ripes;Lausanne-Echallens-Bercher;TRAIN;VD;Etagnières;5521;Etagnières;ch:1:sboid:100036;;2536349.917;1160440.529;623.7;46.592189996855815, 6.608060005143686
8507626;Etagnières, village;Transports Publics de la Région Lausannoise sa;BUS;VD;Etagnières;5521;Etagnières;ch:1:sboid:100122;;2536719;1161272;628.6;46.59970423851143, 6.612761445459371
8501171;Etagnières;Lausanne-Echallens-Bercher;TRAIN;VD;Etagnières;5521;Etagnières;ch:1:sboid:100036;;2536865.645;1161600.561;624.5;46.60267355931282, 6.614630041557357
8577520;Etoy, L'Espérance;PostAuto AG;BUS;VD;Etoy;5636;Etoy;ch:1:sboid:100602;;2521615;1149411;478;46.491413054306946, 6.417677586673377
8577558;Etoy, Bas du Rossé;PostAuto AG;BUS;VD;Etoy;5636;Etoy;ch:1:sboid:100602;;2521478;1148512;439;46.483310610592774, 6.416046223413866
8501042;Etoy;Schweizerische Bundesbahnen SBB;TRAIN;VD;Etoy;5636;Etoy;ch:1:sboid:100001;;2522317.772;1147596.371;406.49;46.475172741371445, 6.427135355558961
8577557;Etoy, village;PostAuto AG;BUS;VD;Etoy;5636;Etoy;ch:1:sboid:100602;;2521745;1148836;454;46.48625624424618, 6.41946808332506
8577593;Etoy, Chenalette;PostAuto AG;BUS;VD;Etoy;5636;Etoy;ch:1:sboid:100602;;2522291;1147290;396;46.472413864674344, 6.426838321847372
8577562;Etoy, En Folliar;PostAuto AG;BUS;VD;Etoy;5636;Etoy;ch:1:sboid:100602;;2521324;1148066;422;46.47928080702694, 6.414116869443878
8577555;Etoy, Romanèche;PostAuto AG;BUS;VD;Etoy;5636;Etoy;ch:1:sboid:100602;;2521748;1149177;465;46.4893238397476, 6.419449368269466
8577604;Etoy, gare;PostAuto AG;BUS;VD;Etoy;5636;Etoy;ch:1:sboid:100602;;2522238;1147593;405;46.47513314851492, 6.426097321776166
8577590;Etoy, En Bellevue;PostAuto AG;BUS;VD;Etoy;5636;Etoy;ch:1:sboid:100602;;2521218;1147604;411;46.47511270890922, 6.412815472139842
8506407;Etoy, Route Suisse;Automobiles MBC;BUS;VD;Etoy;5636;Etoy;ch:1:sboid:100566;;2521235;1147480;411;46.47399935045185, 6.413057943870359
8583358;Etoy, collège Les Communaux;PostAuto AG;BUS;VD;Etoy;5636;Etoy;ch:1:sboid:100602;;2522012;1148435;432;46.48268050286068, 6.423012743109878
8594453;Etoy, Grosses-Terres;Automobiles MBC;BUS;VD;Etoy;5636;Etoy;ch:1:sboid:100566;;2521673;1147499;407;46.47422169541191, 6.418757186235056
8579308;Eysins, est;Transports Publics de la Région Nyonnaise;BUS;VD;Eysins;5716;Eysins;ch:1:sboid:100540;;2505336;1137649;436;46.383512955383736, 6.208081978187837
8595202;Nyon, Terre-Bonne sud;Transports Publics de la Région Nyonnaise;BUS;VD;Eysins;5716;Eysins;ch:1:sboid:100540;;2505731;1137533;427;46.38252528368839, 6.213239427673624
8595175;Eysins, Petit-Eysins;Transports Publics de la Région Nyonnaise;BUS;VD;Eysins;5716;Eysins;ch:1:sboid:100540;;2505124;1137967;443;46.38634322523353, 6.205261517483214
8579309;Eysins, centre;Transports Publics de la Région Nyonnaise;BUS;VD;Eysins;5716;Eysins;ch:1:sboid:100540;;2505100;1137369;436;46.38096110324711, 6.205071968074001
8516946;Eysins (embr);Schweizerische Bundesbahnen SBB;;VD;Eysins;5716;Eysins;ch:1:sboid:100001;(Zug);2505019.449;1137418.869;435;46.381398236944186, 6.204014872848077
8594847;Nyon, Terre-Bonne;Bus Nyon-Prangins;BUS;VD;Eysins;5716;Eysins;ch:1:sboid:100543;;2505783;1137642;428;46.38351300250603, 6.2138931171088965
8595905;Eysins, Terre-Bonne nord;Transports Publics de la Région Nyonnaise;BUS;VD;Eysins;5716;Eysins;ch:1:sboid:100540;;2505862;1137839;433;46.385296031157026, 6.2148798913031165
8510143;Faoug, gare;Service d'automobiles TPF;BUS;VD;Faoug;5458;Faoug;ch:1:sboid:100633;;2572294;1195293;434.9;46.90816133817411, 7.074973254690983
8504127;Faoug;Schweizerische Bundesbahnen SBB;TRAIN;VD;Faoug;5458;Faoug;ch:1:sboid:100001;;2572261.544;1195309.717;433.567;46.90831034781733, 7.074546229779951
8530821;Faoug débarcadère;Lacs de Neuchâtel et Morat;BOAT;VD;Faoug;5458;Faoug;ch:1:sboid:100148;;2572440.5;1195510.963;430;46.910128057654184, 7.076882899569316
8570044;Féchy, Cassivettes;PostAuto AG;BUS;VD;Féchy;5427;Féchy;ch:1:sboid:100602;;2517790;1148822;549;46.4856557378029, 6.367967940689
8581659;Féchy, Auberge;PostAuto AG;BUS;VD;Féchy;5427;Féchy;ch:1:sboid:100602;;2518158;1148139;442;46.4795574453722, 6.37288106004726
8511904;Perroy (bif);Schweizerische Bundesbahnen SBB;;VD;Féchy;5427;Féchy;ch:1:sboid:100001;;2518258.889;1147560.979;423.5;46.47437061051708, 6.374296951768587
8583527;Féchy, En Burnens;PostAuto AG;BUS;VD;Féchy;5427;Féchy;ch:1:sboid:100602;;2518755;1147499;425;46.473873573467486, 6.380766888615741
8570146;Ferreyres, La Tine;Automobiles MBC;BUS;VD;Ferreyres;5483;Ferreyres;ch:1:sboid:100566;;2527746.502;1167688.54;527.9;46.65650886764678, 6.494663215645641
8504651;Ferreyres, village;Automobiles MBC;BUS;VD;Ferreyres;5483;Ferreyres;ch:1:sboid:100566;;2527074.587;1167900.994;559.8;46.6583466833464, 6.4858519194579385
8510735;Fey, village;Transports Publics de la Région Lausannoise sa;BUS;VD;Fey;5522;Fey;ch:1:sboid:100122;;2542207.698;1169609.834;641;46.675202126900615, 6.6833399562964955
8501176;Fey;Lausanne-Echallens-Bercher;TRAIN;VD;Fey;5522;Fey;ch:1:sboid:100036;;2542339.891;1169510.492;646.1;46.67431999616349, 6.685080001272555
8507677;Fiez, village;PostAuto AG;BUS;VD;Fiez;5556;Fiez;ch:1:sboid:100602;;2537800;1186545;522;46.827136002871484, 6.623435167714082
8582422;Fiez, collège;PostAuto AG;BUS;VD;Fiez;5556;Fiez;ch:1:sboid:100602;;2537691;1186735;535;46.8288348102622, 6.621980739653849
8507679;Fontaines-sur-Grandson,collège;PostAuto AG;BUS;VD;Fontaines-sur-Grandson;5557;Fontaines-sur-Grandson;ch:1:sboid:100602;;2537487;1187421;564;46.83498610872211, 6.619213132055801
8587545;Essertes, Le Pralet;PostAuto AG;BUS;VD;Forel (Lavaux);5604;Forel (Lavaux);ch:1:sboid:100602;;2549615;1156584;761;46.55863335686165, 6.7815710655586
8582773;Forel (Lavaux) (Lavaux), Le Plane;PostAuto AG;BUS;VD;Forel (Lavaux);5604;Forel (Lavaux);ch:1:sboid:100602;;2547242;1153401;713;46.529818139117744, 6.750991004730478
8582776;Forel (Lavaux) (Lavaux), La Tuilière;PostAuto AG;BUS;VD;Forel (Lavaux);5604;Forel (Lavaux);ch:1:sboid:100602;;2545897;1151982;721;46.516946289086164, 6.733627714587446
8591975;Forel (Lavaux) (Lavaux), Les Confréries;PostAuto AG;BUS;VD;Forel (Lavaux);5604;Forel (Lavaux);ch:1:sboid:100602;;2548372;1154800;729;46.5424908283942, 6.765561956670354
8596091;Forel (Lavaux) (Lavaux), Pra Pélisson;PostAuto AG;BUS;VD;Forel (Lavaux);5604;Forel (Lavaux);ch:1:sboid:100602;;2547722;1154848;727;46.542872017442846, 6.757082841227557
8579251;Forel (Lavaux) (Lavaux), Cornes de Cerf;PostAuto AG;BUS;VD;Forel (Lavaux);5604;Forel (Lavaux);ch:1:sboid:100602;;2548697;1154694;725;46.54156238521643, 6.769810601835107
8582774;Forel (Lavaux) (Lavaux), La Chesaude;PostAuto AG;BUS;VD;Forel (Lavaux);5604;Forel (Lavaux);ch:1:sboid:100602;;2546249;1152388;724;46.52062677481234, 6.738167026273656
8591973;Forel (Lavaux) (Lavaux), Casard;PostAuto AG;BUS;VD;Forel (Lavaux);5604;Forel (Lavaux);ch:1:sboid:100602;;2549285;1155923;755;46.55266249370113, 6.777340565383282
8582775;Forel (Lavaux) (Lavaux), La Chercotte;PostAuto AG;BUS;VD;Forel (Lavaux);5604;Forel (Lavaux);ch:1:sboid:100602;;2546422;1152587;729;46.522430727784204, 6.740398283819834
8582772;Forel (Lavaux) (Lavaux), Grand Champ;PostAuto AG;BUS;VD;Forel (Lavaux);5604;Forel (Lavaux);ch:1:sboid:100602;;2547647;1153848;690;46.53387089133474, 6.756218734130802
8557076;Forel (Lavaux) (Lavaux), rte Industrie;PostAuto AG;BUS;VD;Forel (Lavaux);5604;Forel (Lavaux);ch:1:sboid:100602;;2548536.947;1153462.582;681.4;46.530473138282005, 6.767861655503713
8501016;Founex;Schweizerische Bundesbahnen SBB;;VD;Founex;5717;Founex;ch:1:sboid:100001;(Zug);2504185.665;1131582.423;393.679;46.32878361239696, 6.194383368544965
8587707;Chavannes-de-B., Champs-Blancs;Transports Publics de la Région Nyonnaise;BUS;VD;Founex;5717;Founex;ch:1:sboid:100540;;2502070.365;1132627.237;470.4;46.33787560436951, 6.166698240907564
8588666;Founex, est;Transports Publics de la Région Nyonnaise;BUS;VD;Founex;5717;Founex;ch:1:sboid:100540;;2504240;1132246;396;46.33475991636679, 6.194952064423382
8588668;Founex, ouest;Transports Publics de la Région Nyonnaise;BUS;VD;Founex;5717;Founex;ch:1:sboid:100540;;2503977.11;1131729.482;399.7;46.33007650298271, 6.191645103004551
8588667;Founex, village;Transports Publics de la Région Nyonnaise;BUS;VD;Founex;5717;Founex;ch:1:sboid:100540;;2504066.375;1132066.753;397.6;46.33312286560996, 6.192734489303355
8587579;Châtaigneriaz;Transports Publics de la Région Nyonnaise;BUS;VD;Founex;5717;Founex;ch:1:sboid:100540;;2502365;1132271;444;46.334714409249976, 6.17059928193812
8570168;Froideville, croisée;Transports Publics de la Région Lausannoise sa;BUS;VD;Froideville;5523;Froideville;ch:1:sboid:100122;;2541825;1161390;820;46.60123052020449, 6.679380310839971
8570167;Froideville, village;Transports Publics de la Région Lausannoise sa;BUS;VD;Froideville;5523;Froideville;ch:1:sboid:100122;;2541581;1161247;820;46.59992289009296, 6.676214169799952
8570169;Froideville, Laiterie;Transports Publics de la Région Lausannoise sa;BUS;VD;Froideville;5523;Froideville;ch:1:sboid:100122;;2542060;1161375;806;46.601116048600495, 6.682449061532976
8510726;Genolier, route de la Colonie;Nyon-St-Cergue-Morez Ersatzverkehr;BUS;VD;Genolier;5718;Genolier;ch:1:sboid:1100073;;2505759.431;1143723.684;570.7;46.43821158933179, 6.212349414109258
8501066;Genolier;Nyon-St-Cergue-Morez;TRAIN;VD;Genolier;5718;Genolier;ch:1:sboid:100047;;2505926.663;1143502.982;560.1;46.43624999980792, 6.214570005306242
8570010;Coinsins, Mimorey;PostAuto AG;BUS;VD;Genolier;5718;Genolier;ch:1:sboid:100602;;2506599;1141860;475;46.421566277604036, 6.223648499103398
8501058;Genolier clinique/campus;Nyon-St-Cergue-Morez;TRAIN;VD;Genolier;5718;Genolier;ch:1:sboid:100047;;2506112.467;1144622.886;660.9;46.44634910256822, 6.216760017714058
8501056;Genolier Sus-Châtel;Nyon-St-Cergue-Morez;TRAIN;VD;Genolier;5718;Genolier;ch:1:sboid:100047;;2505261.248;1143762.457;599.3;46.43848999896733, 6.205859997815138
8510729;Genolier, village;Nyon-St-Cergue-Morez Ersatzverkehr;BUS;VD;Genolier;5718;Genolier;ch:1:sboid:1100073;;2506154.928;1143337.939;549.7;46.434797555612604, 6.217573149608113
8510731;Genolier clinique/campus, gare;Nyon-St-Cergue-Morez Ersatzverkehr;BUS;VD;Genolier;5718;Genolier;ch:1:sboid:1100073;;2506219.631;1144511.147;639.3;46.44535908515479, 6.218177111685648
8507681;Giez, place du Collège;PostAuto AG;BUS;VD;Giez;5559;Giez;ch:1:sboid:100602;;2537386;1184776;523;46.81118519809026, 6.61825250291529
8570256;Giez, La Pommelaz;PostAuto AG;BUS;VD;Giez;5559;Giez;ch:1:sboid:100602;;2537735;1184651;505;46.81009363318056, 6.622841906166087
8570257;Giez, La Croix;PostAuto AG;BUS;VD;Giez;5559;Giez;ch:1:sboid:100602;;2536957;1184858;544;46.81188221389896, 6.612620734465058
8500738;Gilly, village;PostAuto AG;BUS;VD;Gilly;5857;Gilly;ch:1:sboid:100602;;2512238;1145790;485;46.457678286382276, 6.296246448534148
8583860;Gilly, Condémines;PostAuto AG;BUS;VD;Gilly;5857;Gilly;ch:1:sboid:100602;;2512281;1145477;467;46.454868594607994, 6.2968654775446575
8570056;Tartegnin, La Vissenche;PostAuto AG;BUS;VD;Gilly;5857;Gilly;ch:1:sboid:100602;;2513236;1146445;502;46.463699977591276, 6.309112644443955
8583433;Gilly, église;PostAuto AG;BUS;VD;Gilly;5857;Gilly;ch:1:sboid:100602;;2512530;1145982;496;46.459443503565694, 6.300010543227988
8579086;Gimel, La Vernette;PostAuto AG;BUS;VD;Gimel;5428;Gimel;ch:1:sboid:100602;;2513163;1151595;735;46.510013091049345, 6.307194161575354
8579840;Gimel, En Péry-Béliaux;PostAuto AG;BUS;VD;Gimel;5428;Gimel;ch:1:sboid:100602;;2512222;1151392;758;46.5080642609779, 6.294973705682457
8583862;Gimel, Sapin Siméon;PostAuto AG;BUS;VD;Gimel;5428;Gimel;ch:1:sboid:100602;;2509181;1155191;1339;46.54182838723199, 6.254610153506299
8501872;Gimel, Le Prunier;PostAuto AG;BUS;VD;Gimel;5428;Gimel;ch:1:sboid:100602;;2514059.001;1151488.001;693;46.509166478329675, 6.3188869667513385
8505917;Gimel, place de L'Union;PostAuto AG;BUS;VD;Gimel;5428;Gimel;ch:1:sboid:100602;;2513188;1151451;726;46.50872110627056, 6.307546943517867
8570021;Gimel, Le Signal;PostAuto AG;BUS;VD;Gimel;5428;Gimel;ch:1:sboid:100602;;2512765;1151367;728;46.50791048201564, 6.302052227974232
8570127;Gimel, bas du village;PostAuto AG;BUS;VD;Gimel;5428;Gimel;ch:1:sboid:100602;;2513503;1151384;710;46.50815930092894, 6.311663141886974
8570022;Le Marchairuz, col;PostAuto AG;BUS;VD;Gimel;5428;Gimel;ch:1:sboid:100602;;2508891;1156383;1443;46.552510409665985, 6.250594279055715
8570020;Gimel, Côte Réviol;PostAuto AG;BUS;VD;Gimel;5428;Gimel;ch:1:sboid:100602;;2511287;1151713;826;46.51082809711351, 6.2827315642708434
8531457;La Dôle;Télésiège Les Dappes - La Dôle;CHAIRLIFT;VD;Gingins;5719;Gingins;ch:1:sboid:101006;SBA.73.194.9;2497041;1142498;1660;46.42590310376747, 6.099195803365229
8570007;Gingins, ouest;Transports Publics de la Région Nyonnaise;BUS;VD;Gingins;5719;Gingins;ch:1:sboid:100540;;2502950;1140350;540;46.40746564453239, 6.176505467093504
8501967;Gingins, poste;Transports Publics de la Région Nyonnaise;BUS;VD;Gingins;5719;Gingins;ch:1:sboid:100540;;2503125;1140375;542;46.407715843467905, 6.1787757251019295
8531456;Les Dappes;Télésiège Les Dappes - La Dôle;CHAIRLIFT;VD;Gingins;5719;Gingins;ch:1:sboid:101006;SBA.73.194.1;2495817;1143911;1233;46.438422681466896, 6.082957272308044
8501067;Givrins;Nyon-St-Cergue-Morez;TRAIN;VD;Givrins;5720;Givrins;ch:1:sboid:100047;;2505195.198;1142691.732;550.9;46.428849995357496, 6.205220004914785
8510723;Givrins, gare;Nyon-St-Cergue-Morez Ersatzverkehr;BUS;VD;Givrins;5720;Givrins;ch:1:sboid:1100073;;2505174.418;1142700.688;551;46.42892760331932, 6.204947869148998
8505427;Gland, La Falaise;PostAuto AG;BUS;VD;Gland;5721;Gland;ch:1:sboid:100602;;2511216;1141539;392.7;46.419307190955884, 6.283760723176317
8505428;Gland, UICN;PostAuto AG;BUS;VD;Gland;5721;Gland;ch:1:sboid:100602;;2510792;1141190;399;46.41611169933903, 6.278313470296841
8581929;Gland, Malagny;PostAuto AG;BUS;VD;Gland;5721;Gland;ch:1:sboid:100602;ohne Fahrplandaten, von PAG benötigt;2510527;1141040;403;46.41472714383453, 6.274896101435281
8581941;Gland, Golf Impérial;PostAuto AG;BUS;VD;Gland;5721;Gland;ch:1:sboid:100602;ohne Fahrplandaten, von PAG benötigt;2510563;1140242;401;46.40755423072443, 6.2755183666720695
8581932;Gland, Lignière;PostAuto AG;BUS;VD;Gland;5721;Gland;ch:1:sboid:100602;ohne Fahrplandaten, von PAG benötigt;2511555;1142272;399;46.42594514570279, 6.288029688150738
8588688;Gland, Domaine Impérial;Transports Publics de la Région Nyonnaise;BUS;VD;Gland;5721;Gland;ch:1:sboid:100540;;2510358.345;1140496.967;405;46.40982020539464, 6.272807886957344
8581925;Gland, rue du Midi;PostAuto AG;BUS;VD;Gland;5721;Gland;ch:1:sboid:100602;ohne Fahrplandaten, von PAG benötigt;2510278;1141391;408;46.41785094053995, 6.271589910866187
8594161;Gland, Mont Blanc sud;Transports Publics de la Région Nyonnaise;BUS;VD;Gland;5721;Gland;ch:1:sboid:100540;;2510300;1141171;407;46.41587506899651, 6.271918647714758
8519355;Gland Ouest;Schweizerische Bundesbahnen SBB;;VD;Gland;5721;Gland;ch:1:sboid:100001;(Zug);2509822.679;1141285.782;416;46.416843373699905, 6.265688728881072
8519356;Gland Ballastière;Schweizerische Bundesbahnen SBB;;VD;Gland;5721;Gland;ch:1:sboid:100001;(Zug);2509439.272;1141493.197;423;46.418657243327104, 6.260661866290118
8583804;Gland, Perron/Riant-Coteau;PostAuto AG;BUS;VD;Gland;5721;Gland;ch:1:sboid:100602;;2511120;1141675;394;46.42051772599873, 6.282486052163911
8511672;Gland, Lavasson;PostAuto AG;BUS;VD;Gland;5721;Gland;ch:1:sboid:100602;;2510385.046;1142131.096;414.6;46.42452216858492, 6.27283885335092
8570032;Gland, Mont-Blanc/Dôle;PostAuto AG;BUS;VD;Gland;5721;Gland;ch:1:sboid:100602;;2509573;1141815;428;46.421569812669034, 6.262338241003474
8511671;Gland, Grand'Rue;PostAuto AG;BUS;VD;Gland;5721;Gland;ch:1:sboid:100602;;2509825.115;1142094.434;432.4;46.42411722047806, 6.265562912381215
8583803;Gland, Perron/Fleurs;PostAuto AG;BUS;VD;Gland;5721;Gland;ch:1:sboid:100602;;2510771;1141626;405;46.420030565613, 6.277956345839493
8581940;Gland, Sous-les-Vignes;PostAuto AG;BUS;VD;Gland;5721;Gland;ch:1:sboid:100602;;2510283;1142215;418;46.425263187395956, 6.271495265266265
8581928;Gland, Riant-Coteau;PostAuto AG;BUS;VD;Gland;5721;Gland;ch:1:sboid:100602;;2511124;1141513;393;46.41906112357091, 6.282569172856548
8583430;Gland, Lignière-Dullive;PostAuto AG;BUS;VD;Gland;5721;Gland;ch:1:sboid:100602;;2511740;1142086;387;46.42429655506752, 6.290471536540363
8570030;Gland, gare nord;PostAuto AG;BUS;VD;Gland;5721;Gland;ch:1:sboid:100602;;2510075;1141643;418;46.420090352725744, 6.268900854447777
8570031;Gland, poste;PostAuto AG;BUS;VD;Gland;5721;Gland;ch:1:sboid:100602;;2509855;1141711;422;46.42067240168577, 6.266026289362791
8581927;Gland, Borgeaud;PostAuto AG;BUS;VD;Gland;5721;Gland;ch:1:sboid:100602;;2509592;1142091;430;46.42405489285853, 6.262531465299805
8581930;Gland, Mauverney;PostAuto AG;BUS;VD;Gland;5721;Gland;ch:1:sboid:100602;;2510559;1141383;404;46.4178165803552, 6.275246005149627
8581935;Gland, gare sud;PostAuto AG;BUS;VD;Gland;5721;Gland;ch:1:sboid:100602;;2510255;1141653;415;46.42020445156171, 6.271240003340848
8581936;Gland, Montoly;PostAuto AG;BUS;VD;Gland;5721;Gland;ch:1:sboid:100602;;2510527;1141900;417;46.42246253250787, 6.274729923230933
8583431;Gland, Les Tuillières;PostAuto AG;BUS;VD;Gland;5721;Gland;ch:1:sboid:100602;;2509374;1142028;434;46.42345875695062, 6.259708280095017
8501031;Gland;Schweizerische Bundesbahnen SBB;TRAIN;VD;Gland;5721;Gland;ch:1:sboid:100001;;2510093.198;1141631.179;415.571;46.41998647124227, 6.269139833631339
8501333;Gland, Grand-Champ;PostAuto AG;BUS;VD;Gland;5721;Gland;ch:1:sboid:100602;;2509351;1141958;433;46.422826020279835, 6.259422829315633
8583432;Gland, Communet;PostAuto AG;BUS;VD;Gland;5721;Gland;ch:1:sboid:100602;;2509892;1142488;430;46.42766620455777, 6.2663562818775596
8507269;Gollion, En Crausaz;Automobiles MBC;BUS;VD;Gollion;5484;Gollion;ch:1:sboid:100566;;2530106.035;1160794.273;449.6;46.59474704590419, 6.526535997453185
8507283;Gollion, L'Arzillier;Automobiles MBC;BUS;VD;Gollion;5484;Gollion;ch:1:sboid:100566;;2528796.138;1159651.572;497.8;46.58433002175478, 6.509620548089947
8511586;Gollion, grande salle;Automobiles MBC;BUS;VD;Gollion;5484;Gollion;ch:1:sboid:100566;;2528842.632;1159975.281;504.4;46.58724672507382, 6.510177048484745
8570094;Gollion, village;Automobiles MBC;BUS;VD;Gollion;5484;Gollion;ch:1:sboid:100566;;2528775;1159850;506;46.586112612972926, 6.5093140631181505
8570201;Goumoens-la-Ville, Tuilerie;PostAuto AG;BUS;VD;Goumoëns;5541;Goumoens-la-Ville;ch:1:sboid:100602;;2537030;1167145;614;46.65256156695803, 6.61601488899563
8570188;Eclagnens, collège;PostAuto AG;BUS;VD;Goumoëns;5541;Eclagnens;ch:1:sboid:100602;;2535145;1167039;594;46.65142732251833, 6.591406637366831
8570190;Goumoens-la-Ville, centre;PostAuto AG;BUS;VD;Goumoëns;5541;Goumoens-la-Ville;ch:1:sboid:100602;;2536117;1167767;616;46.65806956902865, 6.60400200783846
8570189;Goumoens-la-Ville, Eclagnens;PostAuto AG;BUS;VD;Goumoëns;5541;Goumoens-la-Ville;ch:1:sboid:100602;;2535997;1167628;612;46.65680774843271, 6.602453708407634
8570107;Grancy, collège;Automobiles MBC;BUS;VD;Grancy;5485;Grancy;ch:1:sboid:100566;;2525416.937;1160568.18;581.2;46.59220569977061, 6.4653869283552785
8570106;Grancy, Les Pâles;Automobiles MBC;BUS;VD;Grancy;5485;Grancy;ch:1:sboid:100566;;2525175;1160225;597;46.58909175638253, 6.4622859767522085
8577639;Rueyres-les-Prés, bif.;Service d'automobiles TPF;BUS;VD;Grandcour;5817;Grandcour;ch:1:sboid:100633;;2559923.394;1190654.695;496.7;46.865806783856954, 6.913013737008915
8577641;Ressudens;Service d'automobiles TPF;BUS;VD;Grandcour;5817;Grandcour;ch:1:sboid:100633;;2562481.707;1191221.732;447.8;46.871056974797405, 6.946519308401797
8557020;Grandcour, rte de Chevroux;PostAuto AG;BUS;VD;Grandcour;5817;Grandcour;ch:1:sboid:100602;;2560939;1191726;477;46.875503855539314, 6.926241416640986
8583724;Grandcour, rte d'Estavayer;PostAuto AG;BUS;VD;Grandcour;5817;Grandcour;ch:1:sboid:100602;;2560824;1191130;447;46.87013599764349, 6.924784252627788
8504986;Grandcour, poste;PostAuto AG;BUS;VD;Grandcour;5817;Grandcour;ch:1:sboid:100602;;2561134;1191316;481;46.87182732301342, 6.928834340389449
8580463;Grandevent, village;PostAuto AG;BUS;VD;Grandevent;5560;Grandevent;ch:1:sboid:100602;;2536574;1187912;679;46.83931601049467, 6.6071780793086345
8583823;Grandevent, Battoir;PostAuto AG;BUS;VD;Grandevent;5560;Grandevent;ch:1:sboid:100602;;2536325;1187662;648;46.837043479035984, 6.603949093808563
8504557;Grandson (bateau);Lacs de Neuchâtel et Morat;BOAT;VD;Grandson;5561;Grandson;ch:1:sboid:100148;;2539260;1184178.001;430;46.80598020290987, 6.642883960041703
8579855;Grandson, croisée de Fiez;PostAuto AG;BUS;VD;Grandson;5561;Grandson;ch:1:sboid:100602;;2539964;1185222;465;46.815434858495124, 6.65196900438413
8575769;Grandson, Borné Nau;PostAuto AG;BUS;VD;Grandson;5561;Grandson;ch:1:sboid:100602;;2539602;1185088;476;46.81419673207581, 6.647243698918593
8507950;Grandson, Péroset;PostAuto AG;BUS;VD;Grandson;5561;Grandson;ch:1:sboid:100602;;2538121;1185867;470;46.821067462369285, 6.627733932189088
8507965;Tuileries-de-Grandson, Kiosque;PostAuto AG;BUS;VD;Grandson;5561;Grandson;ch:1:sboid:100602;;2538126;1183323;434;46.79818494008907, 6.62814446996062
8507957;Grandson, Le Repuis;PostAuto AG;BUS;VD;Grandson;5561;Grandson;ch:1:sboid:100602;;2540028;1185228;464;46.81549460804064, 6.652806766182441
8570252;Grandson, gare;PostAuto AG;BUS;VD;Grandson;5561;Grandson;ch:1:sboid:100602;;2539202;1184250;437;46.80662252314371, 6.642114564191703
8570254;Grandson, Crêt-aux-Moines;PostAuto AG;BUS;VD;Grandson;5561;Grandson;ch:1:sboid:100602;;2539157;1184476;457;46.80865125265054, 6.641494917630104
8501981;Grandson, Corcelettes;PostAuto AG;BUS;VD;Grandson;5561;Grandson;ch:1:sboid:100602;;2540595;1185768;452;46.82040280012121, 6.660165478490643
8570255;Grandson, Le Revelin;PostAuto AG;BUS;VD;Grandson;5561;Grandson;ch:1:sboid:100602;;2538954;1184474;475;46.80861464441305, 6.638835747155326
8570253;Grandson, place du Château;PostAuto AG;BUS;VD;Grandson;5561;Grandson;ch:1:sboid:100602;;2539502;1184557;447;46.80941134022886, 6.646003915458705
8504201;Grandson;Schweizerische Bundesbahnen SBB;TRAIN;VD;Grandson;5561;Grandson;ch:1:sboid:100001;;2539188.578;1184212.433;435.59;46.80628338337734, 6.641943740303492
8501968;Grens, village;Transports Publics de la Région Nyonnaise;BUS;VD;Grens;5722;Grens;ch:1:sboid:100540;;2504109.648;1138921.97;496.6;46.39478828632725, 6.1918796791696895
8500003;Chaux Ronde (Gryon);Télé-Villars-Gryon;CHAIRLIFT;VD;Gryon;5405;Gryon;ch:1:sboid:100954;SBA.73.136.9;2575137;1126963;1983.2;46.293616083273456, 7.115990776140026
8579116;Gryon, télécabine;Transports Publics du Chablais (Bus);BUS;VD;Gryon;5405;Gryon;ch:1:sboid:100617;arrêt ligne 12.161;2572123;1125862;1212;46.28359334584082, 7.076943993293722
8510584;Gryon, Cergnement;Transports Publics du Chablais (Bus);BUS;VD;Gryon;5405;Gryon;ch:1:sboid:100617;;2574275;1125688;1266;46.282114218666386, 7.104875167811766
8510576;Alpe des Chaux, Combe du Scex;Transports Publics du Chablais (Bus);BUS;VD;Gryon;5405;Gryon;ch:1:sboid:100617;;2573409;1126709;1574.4;46.29126483704092, 7.093580935576044
8510579;Alpe des Chaux, Les Outanes;Transports Publics du Chablais (Bus);BUS;VD;Gryon;5405;Gryon;ch:1:sboid:100617;;2573570;1126451;1502.1;46.28895036261192, 7.095684840368583
8510580;Alpe des Chaux, Aiguerousse;Transports Publics du Chablais (Bus);BUS;VD;Gryon;5405;Gryon;ch:1:sboid:100617;;2573807;1126402;1482;46.288518891470154, 7.0987629083166075
8510583;Alpe des Chaux, Les Ernets;Transports Publics du Chablais (Bus);BUS;VD;Gryon;5405;Gryon;ch:1:sboid:100617;;2573732;1125995;1362.6;46.28485477336735, 7.097812741121306
8510585;Gryon, Le Closel;Transports Publics du Chablais (Bus);BUS;VD;Gryon;5405;Gryon;ch:1:sboid:100617;;2572816;1125792;1235.9;46.28299213681631, 7.08593954171653
8530041;Les Chaux (Barboleuse);Télé-Villars-Gryon;CABLE_CAR;VD;Gryon;5405;Gryon;ch:1:sboid:100954;SBA.72.003.9;2574261;1127130;1774;46.29508524161119, 7.104613591159394
8588193;Gryon Bois-Gentil;Transports Publics du Chablais;TRAIN;VD;Gryon;5405;Gryon;ch:1:sboid:100008;;2571395.897;1125213.599;1175.4;46.277729998201366, 7.067549998234472
8510577;Alpe des Chaux, Frience;Transports Publics du Chablais (Bus);BUS;VD;Gryon;5405;Gryon;ch:1:sboid:100617;;2574108;1126615;1552.4;46.29044664349044, 7.102656766006837
8510578;Alpe des Chaux, Les Fracherets;Transports Publics du Chablais (Bus);BUS;VD;Gryon;5405;Gryon;ch:1:sboid:100617;;2573866;1126517;1529.2;46.28955568230022, 7.09952201166952
8510581;Alpe des Chaux, Les Arsets;Transports Publics du Chablais (Bus);BUS;VD;Gryon;5405;Gryon;ch:1:sboid:100617;;2573706;1126247;1444.1;46.28712062693889, 7.097461123059975
8510582;Alpe des Chaux, Les Verneys;Transports Publics du Chablais (Bus);BUS;VD;Gryon;5405;Gryon;ch:1:sboid:100617;;2573491;1126191;1400.4;46.28660840307963, 7.094674581688337
8530040;La Barboleuse (télécabine);Télé-Villars-Gryon;CABLE_CAR;VD;Gryon;5405;Gryon;ch:1:sboid:100954;SBA.72.003.1;2572116;1125879;1219;46.28374597836807, 7.076852150087384
8531347;Sodoleuvre;Télé-Villars-Gryon;CHAIRLIFT;VD;Gryon;5405;Gryon;ch:1:sboid:100954;SBA.73.136.1;2573168;1127475;1437;46.2981458011408, 7.090409325562886
8510782;Gryon, Les Saves;Transports Publics du Chablais (Bus);BUS;VD;Gryon;5405;Gryon;ch:1:sboid:100617;;2571972;1125424;1115;46.27964700909821, 7.075011244840844
8510783;Gryon, Rabou;Transports Publics du Chablais (Bus);BUS;VD;Gryon;5405;Gryon;ch:1:sboid:100617;;2571528;1125051;1137;46.27627296279197, 7.069273769221922
8510790;Gryon, Maison du Terroir;Transports Publics du Chablais (Bus);BUS;VD;Gryon;5405;Gryon;ch:1:sboid:100617;;2571113.401;1124793.282;1117;46.273936915117076, 7.063911227022283
8511121;Gryon, Bois-Gentil;Transports Publics du Chablais (Bus);BUS;VD;Gryon;5405;Gryon;ch:1:sboid:100617;;2571403;1125210;1175;46.2776979265191, 7.067642368840321
8501703;Gryon, bifurcation Cergnement;Transports Publics du Chablais (Bus);BUS;VD;Gryon;5405;Gryon;ch:1:sboid:100617;arrêt ligne 12.161;2573880;1125737;1272;46.28253971384102, 7.099747549947848
8510785;Gryon, gare;Transports Publics du Chablais (Bus);BUS;VD;Gryon;5405;Gryon;ch:1:sboid:100617;;2570861.995;1124786.209;1132;46.27386240402634, 7.060650342479682
8510784;Gryon, Centre Gryonnais;Transports Publics du Chablais (Bus);BUS;VD;Gryon;5405;Gryon;ch:1:sboid:100617;;2571257.658;1124839.53;1118;46.274359142885785, 7.065779722748882
8510781;Gryon, Le Chardon Bleu;Transports Publics du Chablais (Bus);BUS;VD;Gryon;5405;Gryon;ch:1:sboid:100617;;2572198.001;1125430.781;1122;46.27971742747331, 7.0779429117660015
8510780;Gryon, Les Combes;Transports Publics du Chablais (Bus);BUS;VD;Gryon;5405;Gryon;ch:1:sboid:100617;;2572470;1125418;1111;46.27961368318147, 7.081472519110905
8511062;Gryon, La Cergnat;Transports Publics du Chablais (Bus);BUS;VD;Gryon;5405;Gryon;ch:1:sboid:100617;;2573010.496;1125342.885;1144;46.27895997298031, 7.088489133164206
8511061;Gryon, chemin du Proulard;Transports Publics du Chablais (Bus);BUS;VD;Gryon;5405;Gryon;ch:1:sboid:100617;;2571687.147;1125166.741;1122;46.27732085509622, 7.07133131119116
8510626;Alpe des Chaux, Ptes Maraîches;Transports Publics du Chablais (Bus);BUS;VD;Gryon;5405;Gryon;ch:1:sboid:100617;;2573784;1126639;1562;46.29064993266286, 7.098451082326023
8510786;Gryon, Sereunex;Transports Publics du Chablais (Bus);BUS;VD;Gryon;5405;Gryon;ch:1:sboid:100617;;2571521.746;1125479.491;1193;46.28012719365022, 7.069166371311377
8501493;Gryon Barboleuse;Transports Publics du Chablais;TRAIN;VD;Gryon;5405;Gryon;ch:1:sboid:100008;;2571625.139;1125770.571;1210.3;46.28274999476098, 7.070489997921464
8501492;Gryon;Transports Publics du Chablais;TRAIN;VD;Gryon;5405;Gryon;ch:1:sboid:100008;;2570789.356;1124755.166;1130.9;46.27357999522906, 7.059710002620567
8501708;Gryon, Les Châbles;Transports Publics du Chablais (Bus);BUS;VD;Gryon;5405;Gryon;ch:1:sboid:100617;;2573360;1125710;1248;46.28227635716687, 7.093002394322453
8587098;Gryon Barboleuse, gare;Transports Publics du Chablais (Bus);BUS;VD;Gryon;5405;Gryon;ch:1:sboid:100617;;2571678;1125832;1210;46.283304816886464, 7.071172095847199
8501710;Gryon, Les Roseyres;Transports Publics du Chablais (Bus);BUS;VD;Gryon;5405;Gryon;ch:1:sboid:100617;arrêt ligne 12.161;2572601;1125895;1233;46.28390991717657, 7.0831439415640975
8511003;Apples, Le Manège;Automobiles MBC;BUS;VD;Hautemorges;5656;Apples;ch:1:sboid:100566;;2522922.79;1156860.399;627;46.55857140499213, 6.4334645766184275
8519322;Apples nord;Transports de la région Morges-Bière-Cossonay;;VD;Hautemorges;5656;Apples;ch:1:sboid:100012;(Zug);2522133;1156034;642;46.551046447808076, 6.42330565344783
8501097;Pampigny-Sévery;Transports de la région Morges-Bière-Cossonay;TRAIN;VD;Hautemorges;5656;Pampigny;ch:1:sboid:100012;;2522849.82;1158907.91;625.4;46.57697999899786, 6.432169998621181
8511585;Apples, En Lèvremont;Automobiles MBC;BUS;VD;Hautemorges;5656;Apples;ch:1:sboid:100566;;2523406.956;1156800.525;609.1;46.55808855536497, 6.439787929067405
8511587;Pampigny, collège;Automobiles MBC;BUS;VD;Hautemorges;5656;Pampigny;ch:1:sboid:100566;;2522289.075;1159201.338;668;46.57955428201496, 6.4248060232128665
8519321;Apples ouest (bif);Transports de la région Morges-Bière-Cossonay;;VD;Hautemorges;5656;Apples;ch:1:sboid:100012;(Zug);2522049;1156011;639;46.55082976711834, 6.422214363389795
8501088;Tuilerie;Transports de la région Morges-Bière-Cossonay;TRAIN;VD;Hautemorges;5656;Pampigny;ch:1:sboid:100012;;2521496.952;1160684.24;668.8;46.59279999540201, 6.41421999542534
8501094;Apples;Transports de la région Morges-Bière-Cossonay;TRAIN;VD;Hautemorges;5656;Apples;ch:1:sboid:100012;;2522153.799;1156015.225;639;46.5508799946632, 6.423580000537289
8510993;Reverolle, Les Combettes;Automobiles MBC;BUS;VD;Hautemorges;5656;Reverolle;ch:1:sboid:100566;;2523001.802;1154532.335;575;46.537639930752064, 6.434883914777104
8511589;Sévery, village;Automobiles MBC;BUS;VD;Hautemorges;5656;Sévery;ch:1:sboid:100566;;2523454.969;1158778.097;607.6;46.57588202497068, 6.440085245637702
8511633;Cottens VD, village;Automobiles MBC;BUS;VD;Hautemorges;5656;Cottens VD;ch:1:sboid:100566;;2524538.262;1158432.615;578.1;46.57289780951798, 6.454272279340739
8570080;Apples, Hôtel de Commune;Automobiles MBC;BUS;VD;Hautemorges;5656;Apples;ch:1:sboid:100566;;2522482;1156162;642;46.552238389048675, 6.427834339027642
8510992;Bussy-Chardonney, rte village;Automobiles MBC;BUS;VD;Hautemorges;5656;Bussy-Chardonney;ch:1:sboid:100566;;2523731.717;1153398.331;507;46.527523454278366, 6.444585719817782
8510996;Reverolle, Le Moulin;Automobiles MBC;BUS;VD;Hautemorges;5656;Reverolle;ch:1:sboid:100566;;2522947.811;1154943.829;596;46.541335033781635, 6.434111363689205
8511000;Pampigny, Tuilerie;Automobiles MBC;BUS;VD;Hautemorges;5656;Pampigny;ch:1:sboid:100566;;2521458.629;1160423.185;675;46.590447348944345, 6.413764522426506
8570103;Cottens VD, La Caroline;Automobiles MBC;BUS;VD;Hautemorges;5656;Cottens VD;ch:1:sboid:100566;;2524813.572;1158185.299;570.4;46.57070429418414, 6.4579036003862065
8570078;Reverolle, village;Automobiles MBC;BUS;VD;Hautemorges;5656;Reverolle;ch:1:sboid:100566;;2523319;1154928;582;46.541235371143685, 6.4389526608228795
8501082;Chardonney-Château;Transports de la région Morges-Bière-Cossonay;TRAIN;VD;Hautemorges;5656;Bussy-Chardonney;ch:1:sboid:100012;;2522819.347;1154207.83;575.9;46.534700000223886, 6.432560003271974
8501087;Mauraz;Transports de la région Morges-Bière-Cossonay;TRAIN;VD;Hautemorges;5656;Pampigny;ch:1:sboid:100012;;2522673.396;1159792.909;640.8;46.5849199953343, 6.429719999107398
8501092;Bussy-Chardonney;Transports de la région Morges-Bière-Cossonay;TRAIN;VD;Hautemorges;5656;Bussy-Chardonney;ch:1:sboid:100012;;2523878.301;1153313.819;502.5;46.526779994188935, 6.446509997840909
8501083;Reverolle;Transports de la région Morges-Bière-Cossonay;TRAIN;VD;Hautemorges;5656;Apples;ch:1:sboid:100012;;2522705.572;1154846.323;602.3;46.5404299934489, 6.4309700001721515
8595648;Apples, gare;Automobiles MBC;BUS;VD;Hautemorges;5656;Apples;ch:1:sboid:100566;;2522186;1156023;638;46.55095368230547, 6.423998518812809
8595647;Apples, Fondation Baud;Automobiles MBC;BUS;VD;Hautemorges;5656;Apples;ch:1:sboid:100566;;2522675;1156305;630;46.55354702678313, 6.4303267057242595
8511590;Sévery, Moulin;Automobiles MBC;BUS;VD;Hautemorges;5656;Sévery;ch:1:sboid:100566;;2524127.034;1157881.496;574.2;46.56789395714611, 6.4489993760137345
8511591;Apples, collège;Automobiles MBC;BUS;VD;Hautemorges;5656;Apples;ch:1:sboid:100566;;2522747.549;1155979.2;619.5;46.55062490431433, 6.43132726932384
8501084;Le Manège;Transports de la région Morges-Bière-Cossonay;TRAIN;VD;Hautemorges;5656;Apples;ch:1:sboid:100012;;2522824.31;1156922.654;624.7;46.559119999278124, 6.432170000665143
8511001;Pampigny-Sévery, gare;Automobiles MBC;BUS;VD;Hautemorges;5656;Pampigny;ch:1:sboid:100566;;2522839.378;1158955.789;625.6;46.577409458341336, 6.432025761933335
8511002;Pampigny, village;Transports de la région Morges-Bière-Cossonay;BUS;VD;Hautemorges;5656;Pampigny;ch:1:sboid:100012;;2522528.207;1159257.983;653.6;46.5800915971816, 6.4279159051540695
8570079;Apples, La Mottaz;Automobiles MBC;BUS;VD;Hautemorges;5656;Apples;ch:1:sboid:100566;;2522875;1155411;615;46.54552876295302, 6.4330840528738245
8570105;Cottens VD, La Tuilière;Automobiles MBC;BUS;VD;Hautemorges;5656;Cottens VD;ch:1:sboid:100566;;2524569.49;1158831.054;588.3;46.57648524346851, 6.454614302910396
8570077;Reverolle, Chaniaz;Automobiles MBC;BUS;VD;Hautemorges;5656;Reverolle;ch:1:sboid:100566;;2523834.809;1154851.134;529.2;46.54060299225162, 6.445689216436016
8557130;Henniez, village;PostAuto AG;BUS;VD;Henniez;5819;Henniez;ch:1:sboid:100602;;2557537;1176953;483;46.74240960126753, 6.8829919776152515
8504141;Henniez;Schweizerische Bundesbahnen SBB;TRAIN;VD;Henniez;5819;Henniez;ch:1:sboid:100001;;2556546.264;1176136.544;475.86;46.73500140626439, 6.87010587846571
8570344;Hermenches, Moille-Robert;PostAuto AG;BUS;VD;Hermenches;5673;Hermenches;ch:1:sboid:100602;;2548257;1166297;661;46.645900030168406, 6.76276889444619
8570346;Peney-le-Jorat, Moulin Peney;PostAuto AG;BUS;VD;Hermenches;5673;Peney-le-Jorat;ch:1:sboid:100602;;2546608;1165577;730;46.639293419500056, 6.741314475479655
8570345;Hermenches, village;PostAuto AG;BUS;VD;Hermenches;5673;Hermenches;ch:1:sboid:100602;;2547916;1165899;671;46.642293378662345, 6.7583601324781615
8504728;Jongny, Reposoir;Transports publics Vevey-Montreux-Chillon-Villeneuve;BUS;VD;Jongny;5885;Jongny;ch:1:sboid:100675;;2554371.419;1148027.156;643;46.482003824939646, 6.844443819644243
8504966;Jongny, village;Transports publics Vevey-Montreux-Chillon-Villeneuve;BUS;VD;Jongny;5885;Jongny;ch:1:sboid:100675;;2554142;1147727;621;46.47928811257512, 6.841486153875533
8579181;Jongny, Combette;Transports publics Vevey-Montreux-Chillon-Villeneuve;BUS;VD;Jongny;5885;Jongny;ch:1:sboid:100675;;2554704;1148140;662;46.48304152514211, 6.848763610559754
8504959;Jongny, Châtillon;Transports publics Vevey-Montreux-Chillon-Villeneuve;BUS;VD;Jongny;5885;Jongny;ch:1:sboid:100675;;2554280.418;1147403.769;549;46.47639002020473, 6.843320548604369
8504958;Jongny, Chaudette;Transports publics Vevey-Montreux-Chillon-Villeneuve;BUS;VD;Jongny;5885;Jongny;ch:1:sboid:100675;;2554981;1148853;753;46.48947393527995, 6.8523012171512345
8570349;Sottens, Radio;PostAuto AG;BUS;VD;Jorat-Menthue;5804;Sottens;ch:1:sboid:100602;;2546291;1167534;774;46.65687148260953, 6.7369454815711745
8570174;Peney-le-Jorat, poste;PostAuto AG;BUS;VD;Jorat-Menthue;5804;Peney-le-Jorat;ch:1:sboid:100602;;2545490;1164895;837;46.633068215051836, 6.726794666601257
8570172;Villars-Tiercelin, village;PostAuto AG;BUS;VD;Jorat-Menthue;5804;Villars-Tiercelin;ch:1:sboid:100602;;2543822;1164005;825;46.62492404346403, 6.705122465723559
8570216;Villars-Tiercelin, Fontaines;PostAuto AG;BUS;VD;Jorat-Menthue;5804;Villars-Tiercelin;ch:1:sboid:100602;;2543725;1164172;816;46.62641805171545, 6.703835549951874
8570175;Villars-Mendraz, Praz-Longet;PostAuto AG;BUS;VD;Jorat-Menthue;5804;Villars-Mendraz;ch:1:sboid:100602;;2545497;1166029;800;46.643269299064684, 6.726751437610015
8570218;Montaubion, croisée;PostAuto AG;BUS;VD;Jorat-Menthue;5804;Montaubion-Chardonney;ch:1:sboid:100602;;2544560;1166551;752;46.64788747263151, 6.714450524378593
8511209;Villars-Tiercelin, sentier H&N;PostAuto AG;BUS;VD;Jorat-Menthue;5804;Villars-Tiercelin;ch:1:sboid:100602;;2544406.292;1163105.292;873;46.616880010301124, 6.712860006685932
8570347;Villars-Mendraz, croisée;PostAuto AG;BUS;VD;Jorat-Menthue;5804;Villars-Mendraz;ch:1:sboid:100602;;2545692;1166490;774;46.647431986229066, 6.729243722278623
8570348;Sottens, croisée;PostAuto AG;BUS;VD;Jorat-Menthue;5804;Sottens;ch:1:sboid:100602;;2546667;1167316;754;46.65494074268021, 6.741882894069769
8570173;Peney-le-Jorat, Chalet Renards;PostAuto AG;BUS;VD;Jorat-Menthue;5804;Peney-le-Jorat;ch:1:sboid:100602;;2545095;1164494;849;46.62942873590658, 6.721684616418081
8570219;Chardonney, village;PostAuto AG;BUS;VD;Jorat-Menthue;5804;Montaubion-Chardonney;ch:1:sboid:100602;;2544432;1166141;767;46.64418880397741, 6.712828257261318
8583395;Villars-Tiercelin, La Sapelle;PostAuto AG;BUS;VD;Jorat-Menthue;5804;Villars-Tiercelin;ch:1:sboid:100602;;2544050;1163666;862;46.621893861206274, 6.708140580122399
8583396;Villars-Mendraz, Petite Route;PostAuto AG;BUS;VD;Jorat-Menthue;5804;Villars-Mendraz;ch:1:sboid:100602;;2545736;1166347;778;46.64614926330528, 6.729835346514666
8504166;Mézières VD, station;PostAuto AG;BUS;VD;Jorat-Mézières;5806;Mézières VD;ch:1:sboid:100602;;2548883;1161133;740;46.599497054454346, 6.771520070975667
8504165;Carrouge VD, centre;PostAuto AG;BUS;VD;Jorat-Mézières;5806;Carrouge VD;ch:1:sboid:100602;;2549259;1161891;719;46.6063441559698, 6.776343260231331
8570422;Ferlens VD, Le Moulin;PostAuto AG;BUS;VD;Jorat-Mézières;5806;Ferlens VD;ch:1:sboid:100602;;2549767;1159789;763;46.58747461687953, 6.783203290767509
8570423;Ferlens VD, Champ des Oches;PostAuto AG;BUS;VD;Jorat-Mézières;5806;Ferlens VD;ch:1:sboid:100602;;2549840;1160084;747;46.590133709154316, 6.784123564990063
8591904;Carrouge VD, Ecorcheboeuf;PostAuto AG;BUS;VD;Jorat-Mézières;5806;Carrouge VD;ch:1:sboid:100602;;2548085;1161098;706;46.599120578754395, 6.761109988277313
8595475;Mézières VD, Praz Joret;PostAuto AG;BUS;VD;Jorat-Mézières;5806;Mézières VD;ch:1:sboid:100602;;2548959;1159382;730;46.58375221549116, 6.772706254520151
8511210;Carrouge VD, Gustave Roud;PostAuto AG;BUS;VD;Jorat-Mézières;5806;Carrouge VD;ch:1:sboid:100602;;2548916.631;1161553.327;722;46.60328056557733, 6.771912250455694
8511214;Carrouge VD, Champ du Trey;PostAuto AG;BUS;VD;Jorat-Mézières;5806;Carrouge VD;ch:1:sboid:100602;;2549079.367;1161432.6;738;46.60220704940641, 6.774049511794124
8570425;Carrouge VD, Croix d'Or;PostAuto AG;BUS;VD;Jorat-Mézières;5806;Carrouge VD;ch:1:sboid:100602;;2548345;1161045;722;46.59866402061948, 6.764508965552414
8504758;Mézières VD, village;PostAuto AG;BUS;VD;Jorat-Mézières;5806;Mézières VD;ch:1:sboid:100602;;2548788;1160758;742;46.596116554366084, 6.770322079199809
8595474;Mézières VD, centre médical;PostAuto AG;BUS;VD;Jorat-Mézières;5806;Mézières VD;ch:1:sboid:100602;;2548831;1160321;735;46.592188937625224, 6.770931837107442
8557075;Carrouge VD, Le Borgeau;PostAuto AG;BUS;VD;Jorat-Mézières;5806;Carrouge VD;ch:1:sboid:100602;;2550061;1161257;716;46.600701719068205, 6.786879741682326
8557141;Mézières VD, collège Raffort;PostAuto AG;BUS;VD;Jorat-Mézières;5806;Mézières VD;ch:1:sboid:100602;;2548673;1160783;737;46.59633259473604, 6.76881861117193
8501167;Le Lussex;Lausanne-Echallens-Bercher;;VD;Jouxtens-Mézery;5585;Jouxtens-Mézery;ch:1:sboid:100036;;2535760.021;1156521.326;588;46.55687999936858, 6.600910000052572
8510903;Jouxtens-Mézery, gare;Transports Publics de la Région Lausannoise sa;BUS;VD;Jouxtens-Mézery;5585;Jouxtens-Mézery;ch:1:sboid:100122;;2535776.208;1155647.456;554;46.5490210310028, 6.601242922450593
8501165;Jouxtens-Mézery;Lausanne-Echallens-Bercher;TRAIN;VD;Jouxtens-Mézery;5585;Jouxtens-Mézery;ch:1:sboid:100036;;2535809.686;1155571.386;551.9;46.548339998638944, 6.601689997274071
8510459;Juriens, église;PostAuto AG;BUS;VD;Juriens;5754;Juriens;ch:1:sboid:100602;;2524230;1171678;800;46.69200271567258, 6.4480666478492275
8570151;Juriens, Le Cosson;PostAuto AG;BUS;VD;Juriens;5754;Juriens;ch:1:sboid:100602;;2524069;1170455;815;46.68098377473168, 6.446164632165753
8570150;Juriens, village;PostAuto AG;BUS;VD;Juriens;5754;Juriens;ch:1:sboid:100602;;2524434;1171592;784;46.69125234004817, 6.450747514527027
8570134;La Chaux (Cossonay), village;Automobiles MBC;BUS;VD;La Chaux (Cossonay);5474;La Chaux (Cossonay);ch:1:sboid:100566;;2525997.807;1163166.092;553.9;46.61563826073739, 6.472547954177388
8570133;La Chaux (Cossonay), Ittens;Automobiles MBC;BUS;VD;La Chaux (Cossonay);5474;La Chaux (Cossonay);ch:1:sboid:100566;;2526213.413;1163013.459;561.7;46.614289231746085, 6.475386883200303
8570153;La Praz, Maison de commune;PostAuto AG;BUS;VD;La Praz;5758;La Praz;ch:1:sboid:100602;;2522592;1168945;872;46.66723171892071, 6.4271161634322596
8570152;La Praz, La Scie;PostAuto AG;BUS;VD;La Praz;5758;La Praz;ch:1:sboid:100602;;2522762;1169157;869;46.669158334276894, 6.429301680759664
8579315;La Rippe, village;Transports Publics de la Région Nyonnaise;BUS;VD;La Rippe;5726;La Rippe;ch:1:sboid:100540;;2501055.253;1137484.3;525;46.381413072619985, 6.152480394359208
8596092;La Rippe, Tranchepied;Transports Publics de la Région Nyonnaise;BUS;VD;La Rippe;5726;La Rippe;ch:1:sboid:100540;;2501822;1138757;525;46.3929730889628, 6.162175894909192
8583359;La Sarraz, collège Guébettes;Automobiles MBC;BUS;VD;La Sarraz;5498;La Sarraz;ch:1:sboid:100566;arrêt scolaire, ligne 10.760;2529412.713;1167884.335;480.6;46.65844858014832, 6.516399710642389
8501108;La Sarraz;Schweizerische Bundesbahnen SBB;TRAIN;VD;La Sarraz;5498;La Sarraz;ch:1:sboid:100001;;2529486.726;1167920.862;484.93;46.658784971576154, 6.517361004533222
8570142;La Sarraz, gare;PostAuto AG;BUS;VD;La Sarraz;5498;La Sarraz;ch:1:sboid:100602;;2529461;1167926;485;46.65882846485464, 6.517024127928337
8570144;La Sarraz, centre;Automobiles MBC;BUS;VD;La Sarraz;5498;La Sarraz;ch:1:sboid:100566;;2529223.118;1167947.254;496.4;46.658994422836884, 6.513913135624645
8570145;La Sarraz, piscine;Automobiles MBC;BUS;VD;La Sarraz;5498;La Sarraz;ch:1:sboid:100566;;2528710.681;1167945.4;505;46.6589231233173, 6.507218882636675
8593957;La Tour-de-Peilz,Crausaz/Doges;Transports publics Vevey-Montreux-Chillon-Villeneuve;BUS;VD;La Tour-de-Peilz;5889;La Tour-de-Peilz;ch:1:sboid:100675;;2556527.751;1145561.526;471;46.45996831947744, 6.87275572601105
8593955;La Tour-de-Peilz, Burier;Transports publics Vevey-Montreux-Chillon-Villeneuve;BUS;VD;La Tour-de-Peilz;5889;La Tour-de-Peilz;ch:1:sboid:100675;;2556611;1144221;380;46.44791518116839, 6.873965239544367
8593971;La Tour-de-Peilz, Vassin;Transports publics Vevey-Montreux-Chillon-Villeneuve;BUS;VD;La Tour-de-Peilz;5889;La Tour-de-Peilz;ch:1:sboid:100675;;2555897.32;1145237.248;409;46.45701001894766, 6.8645805510421525
8593956;La Tour-de-Peilz, centre;Transports publics Vevey-Montreux-Chillon-Villeneuve;BUS;VD;La Tour-de-Peilz;5889;La Tour-de-Peilz;ch:1:sboid:100675;;2555257.116;1144866.124;382;46.45362908092727, 6.856283615024911
8593960;La Tour-de-Peilz, Gérénaz;Transports publics Vevey-Montreux-Chillon-Villeneuve;BUS;VD;La Tour-de-Peilz;5889;La Tour-de-Peilz;ch:1:sboid:100675;;2556132.113;1144879.792;413;46.45381001584012, 6.867670554992784
8593972;La Tour-de-Peilz, rte Chailly;Transports publics Vevey-Montreux-Chillon-Villeneuve;BUS;VD;La Tour-de-Peilz;5889;La Tour-de-Peilz;ch:1:sboid:100675;;2556217;1144321;383;46.448789033881575, 6.868828324627683
8593958;La Tour-de-Peilz, Doges;Transports publics Vevey-Montreux-Chillon-Villeneuve;BUS;VD;La Tour-de-Peilz;5889;La Tour-de-Peilz;ch:1:sboid:100675;;2556513;1145253;451;46.45719205001895, 6.872592758024019
8593954;La Tour-de-Peilz, Bulesses;Transports publics Vevey-Montreux-Chillon-Villeneuve;BUS;VD;La Tour-de-Peilz;5889;La Tour-de-Peilz;ch:1:sboid:100675;;2556258.676;1145231.074;424.3;46.45697822341143, 6.8692845402063165
8593953;La Tour-de-Peilz, Brécheresse;Transports publics Vevey-Montreux-Chillon-Villeneuve;BUS;VD;La Tour-de-Peilz;5889;La Tour-de-Peilz;ch:1:sboid:100675;;2555898;1145426;417;46.458707958982565, 6.864571382991272
8593966;La Tour-de-Peilz, Perrausaz;Transports publics Vevey-Montreux-Chillon-Villeneuve;BUS;VD;La Tour-de-Peilz;5889;La Tour-de-Peilz;ch:1:sboid:100675;;2555682;1145433;406;46.458756641157954, 6.86175917058199
8593973;La Tour-de-Pz,Entre-Deux-Crêts;Transports publics Vevey-Montreux-Chillon-Villeneuve;BUS;VD;La Tour-de-Peilz;5889;La Tour-de-Peilz;ch:1:sboid:100675;;2555865.185;1144865.759;404;46.453666214152065, 6.864197772735776
8593964;La Tour-de-Peilz, Maladaire;Transports publics Vevey-Montreux-Chillon-Villeneuve;BUS;VD;La Tour-de-Peilz;5889;La Tour-de-Peilz;ch:1:sboid:100675;;2556919;1144035;380;46.44626195631954, 6.877990835083761
8501202;Burier;Schweizerische Bundesbahnen SBB;TRAIN;VD;La Tour-de-Peilz;5889;La Tour-de-Peilz;ch:1:sboid:100001;;2556853.521;1144216.064;395.942;46.447886474978866, 6.877121824811778
8593952;La Tour-de-Peilz, Bel-Air;Transports publics Vevey-Montreux-Chillon-Villeneuve;BUS;VD;La Tour-de-Peilz;5889;La Tour-de-Peilz;ch:1:sboid:100675;;2555730.6;1144935.8;401;46.45428736136108, 6.862439409855262
8593959;La Tour-de-Peilz, Faraz;Transports publics Vevey-Montreux-Chillon-Villeneuve;BUS;VD;La Tour-de-Peilz;5889;La Tour-de-Peilz;ch:1:sboid:100675;;2556093;1144999;414;46.454879769233976, 6.867150162267473
8593951;La Tour-de-Peilz, Baumes;Transports publics Vevey-Montreux-Chillon-Villeneuve;BUS;VD;La Tour-de-Peilz;5889;La Tour-de-Peilz;ch:1:sboid:100675;;2555408.346;1144672.784;386;46.45190001762799, 6.858270551023588
8593963;La Tour-de-Peilz, La Becque;Transports publics Vevey-Montreux-Chillon-Villeneuve;BUS;VD;La Tour-de-Peilz;5889;La Tour-de-Peilz;ch:1:sboid:100675;;2555584;1144414;386;46.449583851487915, 6.86058151852687
8595260;La Tour-de-Peilz, gare;Transports publics Vevey-Montreux-Chillon-Villeneuve;BUS;VD;La Tour-de-Peilz;5889;La Tour-de-Peilz;ch:1:sboid:100675;;2555416;1145030;386;46.45511381873583, 6.858335698295938
8595959;La Tour-de-Peilz, Pérouge;Transports publics Vevey-Montreux-Chillon-Villeneuve;BUS;VD;La Tour-de-Peilz;5889;La Tour-de-Peilz;ch:1:sboid:100675;;2556405;1144737;405;46.45254339829553, 6.871235714122594
8593961;La Tour-de-Peilz, Gregnolet;Transports publics Vevey-Montreux-Chillon-Villeneuve;BUS;VD;La Tour-de-Peilz;5889;La Tour-de-Peilz;ch:1:sboid:100675;;2556578.771;1144676.914;406.1;46.452014206289505, 6.8735029827280005
8593968;La Tour-de-Peilz, Sichoz;Transports publics Vevey-Montreux-Chillon-Villeneuve;BUS;VD;La Tour-de-Peilz;5889;La Tour-de-Peilz;ch:1:sboid:100675;;2556032.065;1145651.478;447;46.46074504853246, 6.866294963970637
8593965;La Tour-de-Peilz, Murets;Transports publics Vevey-Montreux-Chillon-Villeneuve;BUS;VD;La Tour-de-Peilz;5889;La Tour-de-Peilz;ch:1:sboid:100675;;2556244;1144529;388;46.45066184081374, 6.8691600081686905
8593950;La Tour-de-Peilz, av. Muller;Transports publics Vevey-Montreux-Chillon-Villeneuve;BUS;VD;La Tour-de-Peilz;5889;La Tour-de-Peilz;ch:1:sboid:100675;;2555295;1145078;384;46.45553751600667, 6.856756175593525
8593970;La Tour-de-Peilz, Vallon;Transports publics Vevey-Montreux-Chillon-Villeneuve;BUS;VD;La Tour-de-Peilz;5889;La Tour-de-Peilz;ch:1:sboid:100675;;2557381.362;1144655.143;426;46.45187001964159, 6.883950556114373
8593962;La Tour-de-Peilz, gymnase;Transports publics Vevey-Montreux-Chillon-Villeneuve;BUS;VD;La Tour-de-Peilz;5889;La Tour-de-Peilz;ch:1:sboid:100675;;2556862.576;1144583.314;416;46.451190613201724, 6.877205378065915
8593975;La Tour-de-Peilz,Mousquetaires;Transports publics Vevey-Montreux-Chillon-Villeneuve;BUS;VD;La Tour-de-Peilz;5889;La Tour-de-Peilz;ch:1:sboid:100675;;2555552.902;1144717.103;389.8;46.45230830615717, 6.860147649610101
8501201;La Tour-de-Peilz;Schweizerische Bundesbahnen SBB;TRAIN;VD;La Tour-de-Peilz;5889;La Tour-de-Peilz;ch:1:sboid:100001;;2555508.239;1145067.011;390.41;46.45545289156488, 6.859532673443139
8593949;La Tour-de-Peilz,av. des Alpes;Transports publics Vevey-Montreux-Chillon-Villeneuve;BUS;VD;La Tour-de-Peilz;5889;La Tour-de-Peilz;ch:1:sboid:100675;;2555228;1145268;382;46.45724215232483, 6.855865716607419
8593976;La Tour-de-Peilz,Portail-Blanc;Transports publics Vevey-Montreux-Chillon-Villeneuve;BUS;VD;La Tour-de-Peilz;5889;La Tour-de-Peilz;ch:1:sboid:100675;;2555863.243;1144362.604;382;46.449140017766666, 6.864220552771535
8595960;La Tour-de-Peilz, Vignes;Transports publics Vevey-Montreux-Chillon-Villeneuve;BUS;VD;La Tour-de-Peilz;5889;La Tour-de-Peilz;ch:1:sboid:100675;;2556395.823;1144943.072;420;46.45439649496935, 6.871096834136464
8593974;La Tour-de-Peilz, Ile-Heureuse;Transports publics Vevey-Montreux-Chillon-Villeneuve;BUS;VD;La Tour-de-Peilz;5889;La Tour-de-Peilz;ch:1:sboid:100675;;2555396.405;1145371.493;388.7;46.45818436648833, 6.858047691324767
8593977;La Tour-de-Peilz,rte de Blonay;Transports publics Vevey-Montreux-Chillon-Villeneuve;BUS;VD;La Tour-de-Peilz;5889;La Tour-de-Peilz;ch:1:sboid:100675;;2556246.637;1145721.992;458.2;46.46139342957703, 6.869081342559575
8593969;La Tour-de-Peilz, Sully;Transports publics Vevey-Montreux-Chillon-Villeneuve;BUS;VD;La Tour-de-Peilz;5889;La Tour-de-Peilz;ch:1:sboid:100675;;2555784.667;1144522.338;396;46.45057169529481, 6.863182676450108
8530623;Les Bioux (lac);Navigation Lac de Joux;BOAT;VD;L'Abbaye;5871;Les Bioux;ch:1:sboid:101107;;2510715;1164319;1004;46.62413766512659, 6.272835527564163
8579136;Le Pont, église;Autotransports de la Vallée de Joux;BUS;VD;L'Abbaye;5871;Le Pont;ch:1:sboid:100533;;2515239;1168807;1020;46.665095819753496, 6.33106930057836
8593532;Le Pont, Les Fougères;Autotransports de la Vallée de Joux;BUS;VD;L'Abbaye;5871;Le Pont;ch:1:sboid:100533;;2515028;1168516;1010;46.66245152005743, 6.328366429855824
8570160;L'Abbaye, Crêt-Blanc;Automobiles MBC;BUS;VD;L'Abbaye;5871;Le Pont;ch:1:sboid:100566;;2515694;1167987;1075;46.65777793656064, 6.337164629251337
8501100;Le Pont;Schweizerische Bundesbahnen SBB;TRAIN;VD;L'Abbaye;5871;Le Pont;ch:1:sboid:100001;;2514758.765;1169210.9;1007.86;46.66866749159968, 6.324719892418338
8579138;L'Abbaye, Les Collondés;Autotransports de la Vallée de Joux;BUS;VD;L'Abbaye;5871;L'Abbaye;ch:1:sboid:100533;;2513942;1166865;1020;46.64746210767325, 6.314487884600685
8579137;L'Abbaye, place du village;Autotransports de la Vallée de Joux;BUS;VD;L'Abbaye;5871;L'Abbaye;ch:1:sboid:100533;;2514359.099;1167058.151;1013;46.64925313874048, 6.319899558249138
8579143;Les Bioux, AVJ;Autotransports de la Vallée de Joux;BUS;VD;L'Abbaye;5871;Les Bioux;ch:1:sboid:100533;;2509845;1163460;1023;46.61629433786293, 6.261646049373383
8579140;Vers-Chez-Grosjean;Autotransports de la Vallée de Joux;BUS;VD;L'Abbaye;5871;Les Bioux;ch:1:sboid:100533;;2511464;1164685;1040;46.627529515878365, 6.282543349335283
8570161;Le Pont, gare;Automobiles MBC;BUS;VD;L'Abbaye;5871;Le Pont;ch:1:sboid:100566;;2514761;1169186;1004;46.6684438118964, 6.32475372145213
8579139;L'Abbaye, Groenroud;Autotransports de la Vallée de Joux;BUS;VD;L'Abbaye;5871;L'Abbaye;ch:1:sboid:100533;;2513128.615;1166056.292;1015;46.64008262855291, 6.304017344023419
8579141;Les Bioux, école;Autotransports de la Vallée de Joux;BUS;VD;L'Abbaye;5871;Les Bioux;ch:1:sboid:100533;;2510607.956;1164009.099;1026;46.62133591016494, 6.271498330773238
8530621;Le Pont (lac);Navigation Lac de Joux;BOAT;VD;L'Abbaye;5871;Le Pont;ch:1:sboid:101107;;2514783;1169093;1004;46.66761012738913, 6.325058448170576
8593530;Les Bioux, Les Tâches;Autotransports de la Vallée de Joux;BUS;VD;L'Abbaye;5871;Les Bioux;ch:1:sboid:100533;;2510200;1163700;1018;46.61850090930455, 6.266233069498768
8570159;L'Abbaye, Petra Félix;Automobiles MBC;BUS;VD;L'Abbaye;5871;Le Pont;ch:1:sboid:100566;;2516521.132;1168129.802;1145.5;46.65916648902481, 6.347943875868339
8501776;Les Bioux, Les Charmilles;Autotransports de la Vallée de Joux;BUS;VD;L'Abbaye;5871;Les Bioux;ch:1:sboid:100533;;2509600;1163183;1020;46.613769698025955, 6.258502477296023
8579905;L'Abergement, village;Transports Vallée de Joux-Yverdon-Ste-Croix;BUS;VD;L'Abergement;5741;L'Abergement;ch:1:sboid:100694;;2527440;1178511.001;651;46.75382162491744, 6.488944953059392
8501183;Jordils;Transports Publics de la Région Lausannoise sa;;VD;Lausanne;5586;Lausanne;ch:1:sboid:100122;(Metro);2537737;1151291;396;46.510019948713875, 6.627395707761078
8501184;Ouchy;Transports Publics de la Région Lausannoise sa;;VD;Lausanne;5586;Lausanne;ch:1:sboid:100122;(Metro);2537672;1151001;375;46.50740530362495, 6.6265880424881045
8501207;Lausanne, Montelly;Transports Publics de la Région Lausannoise sa;BUS|METRO;VD;Lausanne;5586;Lausanne;ch:1:sboid:100122;;2536689;1152614;441;46.521821989140996, 6.613560376509571
8579254;Lausanne, St-François;Transports Publics de la Région Lausannoise sa;BUS;VD;Lausanne;5586;Lausanne;ch:1:sboid:100122;;2538215;1152325;495;46.519365281150634, 6.633484770943181
8510904;Vernand-Camarès, gare;Transports Publics de la Région Lausannoise sa;BUS;VD;Lausanne;5586;Romanel-sur-Lausanne;ch:1:sboid:100122;;2536086.191;1157970.655;596;46.56994811700217, 6.604961947695183
8510751;Cheseaux-sur-L., Bel-Air;Transports Publics de la Région Lausannoise sa;BUS;VD;Lausanne;5586;Cheseaux-sur-Lausanne;ch:1:sboid:100122;;2536158.949;1158918.629;604;46.57848217262237, 6.605779414609303
8587550;Montblesson, Perronnaz;Transports Publics de la Région Lausannoise sa;BUS;VD;Lausanne;5586;Lausanne 27;ch:1:sboid:100122;;2541755;1154852;700;46.54241411667021, 6.6792942095604015
8587549;Lausanne, Vulliette;Transports Publics de la Région Lausannoise sa;BUS;VD;Lausanne;5586;Lausanne 25;ch:1:sboid:100122;;2541936.722;1156586.717;845;46.55803400939521, 6.681444511069467
8587929;Lausanne, Chalet-à-Gobet;Transports Publics de la Région Lausannoise sa;BUS;VD;Lausanne;5586;Lausanne 25;ch:1:sboid:100122;;2542711.222;1157328.421;858;46.5647726881886, 6.6914517433605125
8588431;Lausanne, Béthusy;Transports Publics de la Région Lausannoise sa;BUS;VD;Lausanne;5586;Lausanne;ch:1:sboid:100122;;2539255;1152581;447;46.52176341491374, 6.647002945375755
8579237;Lausanne, Ours;Transports Publics de la Région Lausannoise sa;BUS|METRO;VD;Lausanne;5586;Lausanne;ch:1:sboid:100122;;2538769;1152528;533;46.52124230141048, 6.640676801634746
8590442;Lausanne, Riponne-M. Béjart;Transports Publics de la Région Lausannoise sa;BUS|METRO;VD;Lausanne;5586;Lausanne;ch:1:sboid:100122;;2538107.476;1152738.336;502;46.52307333828389, 6.632028187275835
8579246;Lausanne, Rovéréaz;PostAuto AG;BUS;VD;Lausanne;5586;Lausanne;ch:1:sboid:100602;;2540857;1153784;674;46.53272835391007, 6.667724721921511
8579247;Montblesson, Centenaire;PostAuto AG;BUS;VD;Lausanne;5586;Lausanne 27;ch:1:sboid:100602;;2541634;1154209;704;46.53661965904165, 6.677798268523812
8579255;Lausanne, Pont-de-Chailly;Transports Publics de la Région Lausannoise sa;BUS;VD;Lausanne;5586;Lausanne;ch:1:sboid:100122;;2539634;1153061;616;46.52611544128115, 6.651878945927873
8592004;Lausanne, Cécil;Transports Publics de la Région Lausannoise sa;BUS;VD;Lausanne;5586;Lausanne;ch:1:sboid:100122;;2537401;1152495;481;46.520818670319244, 6.622854761021067
8592010;Lausanne, Chauderon;Transports Publics de la Région Lausannoise sa;BUS;VD;Lausanne;5586;Lausanne;ch:1:sboid:100122;;2537555;1152802;493;46.5235945830452, 6.6248199574239885
8592111;Lausanne, Rouvraie;Transports Publics de la Région Lausannoise sa;BUS;VD;Lausanne;5586;Lausanne;ch:1:sboid:100122;;2538089;1153799;560;46.53261242186756, 6.631644972579686
8592114;Lausanne, Sablons;Transports Publics de la Région Lausannoise sa;BUS;VD;Lausanne;5586;Lausanne;ch:1:sboid:100122;;2535323;1152691;394;46.52238375550613, 6.595748992522875
8592092;Lausanne, Piécettes;Transports Publics de la Région Lausannoise sa;BUS;VD;Lausanne;5586;Lausanne;ch:1:sboid:100122;;2538454;1154810;648;46.54174022318646, 6.6362673063820194
8592118;Lausanne, St-Etienne;Transports Publics de la Région Lausannoise sa;BUS;VD;Lausanne;5586;Lausanne;ch:1:sboid:100122;;2539426.64;1154014.528;619;46.53467377975721, 6.649051261863829
8592082;Lausanne, Motte;Transports Publics de la Région Lausannoise sa;BUS;VD;Lausanne;5586;Lausanne;ch:1:sboid:100122;;2538225;1153863;582;46.533200702536035, 6.633408996996849
8592122;Lausanne, Tivoli;Transports Publics de la Région Lausannoise sa;BUS;VD;Lausanne;5586;Lausanne;ch:1:sboid:100122;;2537305;1152534;477;46.52116047686537, 6.621598484730223
8592105;Lausanne, Provence nord;Transports Publics de la Région Lausannoise sa;BUS;VD;Lausanne;5586;Lausanne;ch:1:sboid:100122;;2536122;1152877;426;46.524133721282595, 6.606135256458603
8591988;Lausanne, Bel-Air;Transports Publics de la Région Lausannoise sa;BUS;VD;Lausanne;5586;Lausanne;ch:1:sboid:100122;;2537880;1152653;496;46.522284612937085, 6.629075320450442
8591995;Lausanne, Bois de Vaux;Transports Publics de la Région Lausannoise sa;BUS;VD;Lausanne;5586;Lausanne;ch:1:sboid:100122;;2535630;1152359;600;46.51942704005187, 6.599795949575213
8592131;Lausanne, Victor-Ruffy;Transports Publics de la Région Lausannoise sa;BUS;VD;Lausanne;5586;Lausanne;ch:1:sboid:100122;;2539380;1153679;604;46.5316514324621, 6.648487473237514
8592138;Lausanne, Vulliemin;Transports Publics de la Région Lausannoise sa;BUS;VD;Lausanne;5586;Lausanne;ch:1:sboid:100122;;2538270;1153254;561;46.52772683514675, 6.634077080762722
8592128;Lausanne, Vennes;Transports Publics de la Région Lausannoise sa;BUS|METRO;VD;Lausanne;5586;Lausanne;ch:1:sboid:100122;;2540091;1154744;691;46.54129541809083, 6.657615948052487
8592137;Lausanne, Cascades;Transports Publics de la Région Lausannoise sa;BUS;VD;Lausanne;5586;Lausanne;ch:1:sboid:100122;;2538831;1154630;647;46.54015574177403, 6.641205792742401
8592134;Lausanne, Villard;Transports Publics de la Région Lausannoise sa;BUS;VD;Lausanne;5586;Lausanne;ch:1:sboid:100122;;2537465.837;1152353.98;471;46.51955625261181, 6.623718770900062
8593838;Lausanne, Maladière-Lac;Transports Publics de la Région Lausannoise sa;BUS;VD;Lausanne;5586;Lausanne;ch:1:sboid:100122;;2536057;1151995;380;46.51619383288643, 6.605410489257409
8593837;Lausanne, Maladière-Figuiers;Transports Publics de la Région Lausannoise sa;BUS;VD;Lausanne;5586;Lausanne;ch:1:sboid:100122;;2536113;1152075;385;46.51691879760631, 6.606129078695891
8592018;Lausanne, Cigale;Transports Publics de la Région Lausannoise sa;BUS;VD;Lausanne;5586;Lausanne;ch:1:sboid:100122;;2539293;1154975;676;46.54330122179359, 6.647182821405725
8592017;Lausanne, CHUV;Transports Publics de la Région Lausannoise sa;BUS|METRO;VD;Lausanne;5586;Lausanne;ch:1:sboid:100122;;2538837;1153101;581;46.5264027414397, 6.641486906303485
8592016;Lausanne, Chocolatière;Transports Publics de la Région Lausannoise sa;BUS;VD;Lausanne;5586;Lausanne;ch:1:sboid:100122;;2538800;1154206;659;46.53633896858628, 6.640857996474552
8592057;Lausanne, Grey;Transports Publics de la Région Lausannoise sa;BUS;VD;Lausanne;5586;Lausanne;ch:1:sboid:100122;;2537130;1153913;575;46.533548278471024, 6.619129995527441
8592040;Lausanne, Epinettes;Transports Publics de la Région Lausannoise sa;BUS;VD;Lausanne;5586;Lausanne;ch:1:sboid:100122;;2537608;1151949;434;46.515926702622664, 6.625626043100477
8592000;Lausanne, Bossons;Transports Publics de la Région Lausannoise sa;BUS;VD;Lausanne;5586;Lausanne;ch:1:sboid:100122;;2536993;1154558;607;46.539337206127385, 6.617256152874263
8589523;Lausanne, Bessières;Transports Publics de la Région Lausannoise sa;BUS|METRO;VD;Lausanne;5586;Lausanne;ch:1:sboid:100122;;2538492;1152472;514;46.520713126548735, 6.637074654889014
8589522;Lausanne, place du Nord;Transports Publics de la Région Lausannoise sa;BUS;VD;Lausanne;5586;Lausanne;ch:1:sboid:100122;;2538539.012;1152941.421;519;46.52493995909251, 6.637624691522542
8593844;Lausanne,Vallée de la Jeunesse;Transports Publics de la Région Lausannoise sa;BUS;VD;Lausanne;5586;Lausanne;ch:1:sboid:100122;;2536240;1152782;426;46.523290460886365, 6.6076861397778615
8588432;Lausanne, Chailly-Village;Transports Publics de la Région Lausannoise sa;BUS;VD;Lausanne;5586;Lausanne;ch:1:sboid:100122;;2539887;1152731;447;46.52316986017708, 6.655219147114283
8592008;Lausanne, Champ-Rond;Transports Publics de la Région Lausannoise sa;BUS;VD;Lausanne;5586;Lausanne;ch:1:sboid:100122;;2539516.166;1153707.236;597.3;46.53191776086469, 6.650258509876267
8592012;Lausanne, chemin du Cap;Transports Publics de la Région Lausannoise sa;BUS;VD;Lausanne;5586;Lausanne;ch:1:sboid:100122;;2539425;1151786;468;46.51462771379855, 6.649322684391878
8592032;Lausanne, Dranse;Transports Publics de la Région Lausannoise sa;BUS;VD;Lausanne;5586;Lausanne;ch:1:sboid:100122;;2536920;1153535;521;46.530128330104134, 6.616444576666685
8592039;Lausanne, Elysée;Transports Publics de la Région Lausannoise sa;BUS;VD;Lausanne;5586;Lausanne;ch:1:sboid:100122;;2538118;1151378;417;46.51083792000811, 6.632347856285145
8592038;Lausanne, Eglantine;Transports Publics de la Région Lausannoise sa;BUS;VD;Lausanne;5586;Lausanne;ch:1:sboid:100122;;2538856;1151981;487;46.51632993195691, 6.641883034680005
8592054;Lausanne, Grand Vennes;Transports Publics de la Région Lausannoise sa;BUS;VD;Lausanne;5586;Lausanne;ch:1:sboid:100122;;2539217;1154621;650;46.54011003215953, 6.646238751406794
8592037;Lausanne, Cojonnex/EHL;Transports Publics de la Région Lausannoise sa;BUS;VD;Lausanne;5586;Lausanne 25;ch:1:sboid:100122;;2542025;1157007;850;46.56182219589809, 6.682542734530358
8592062;Lausanne, Jurigoz;Transports Publics de la Région Lausannoise sa;BUS;VD;Lausanne;5586;Lausanne;ch:1:sboid:100122;;2538442;1151585;438;46.512729841731975, 6.636541498600419
8592005;Lausanne, Cèdres;Transports Publics de la Région Lausannoise sa;BUS;VD;Lausanne;5586;Lausanne;ch:1:sboid:100122;;2537110;1151830;413;46.51480959171265, 6.619153430725554
8592044;Lausanne, Figuiers;Transports Publics de la Région Lausannoise sa;BUS;VD;Lausanne;5586;Lausanne;ch:1:sboid:100122;;2536461;1152063;400;46.516844043604806, 6.610665178900451
8519589;Lausanne, Flon (m2);Transports Publics de la Région Lausannoise sa;;VD;Lausanne;5586;Lausanne;ch:1:sboid:100122;(Metro);2537980;1152423;481;46.520225027206436, 6.630409389674602
8592041;Lausanne, EPSIC;Transports Publics de la Région Lausannoise sa;BUS|TRAM;VD;Lausanne;5586;Lausanne;ch:1:sboid:100122;;2537189.422;1152793.334;464.6;46.52348235823682, 6.62005705279401
8592009;Lausanne, Chandolin;Transports Publics de la Région Lausannoise sa;BUS;VD;Lausanne;5586;Lausanne;ch:1:sboid:100122;;2539062;1152109;511;46.51750013177145, 6.644550288469443
8592015;Lausanne, Chevreuils;Transports Publics de la Région Lausannoise sa;BUS;VD;Lausanne;5586;Lausanne 26;ch:1:sboid:100122;;2543109;1156627;866;46.55849730398681, 6.696726113811536
8592055;Lausanne, Grangette;Transports Publics de la Région Lausannoise sa;BUS;VD;Lausanne;5586;Lausanne;ch:1:sboid:100122;;2538222;1154770;616;46.54135899550306, 6.63324830872435
8592053;Lausanne, Grande-Borde;Transports Publics de la Région Lausannoise sa;BUS;VD;Lausanne;5586;Lausanne;ch:1:sboid:100122;;2538097;1153502;570;46.52994161361114, 6.631789128729018
8592003;Lausanne, casernes;Transports Publics de la Région Lausannoise sa;BUS;VD;Lausanne;5586;Lausanne;ch:1:sboid:100122;;2537827;1153699;570;46.53168857241852, 6.6282435976078835
8592058;Lausanne, Haute Combe;Transports Publics de la Région Lausannoise sa;BUS;VD;Lausanne;5586;Lausanne 27;ch:1:sboid:100122;;2542181;1155116;792;46.544825866788706, 6.684814534201575
8592063;Lausanne, Lac Sauvabelin;Transports Publics de la Région Lausannoise sa;BUS;VD;Lausanne;5586;Lausanne;ch:1:sboid:100122;;2538663;1154391;663;46.53799049751212, 6.639047613383673
8592047;Lausanne, Forêt;Transports Publics de la Région Lausannoise sa;BUS;VD;Lausanne;5586;Lausanne;ch:1:sboid:100122;;2538223;1154124;594;46.535548243249316, 6.633347945440519
8592026;Lausanne, Croix d'Ouchy;Transports Publics de la Région Lausannoise sa;BUS;VD;Lausanne;5586;Lausanne;ch:1:sboid:100122;;2537907;1151513;412;46.51203268598026, 6.62958065195669
8592046;Lausanne, Fontenay;Transports Publics de la Région Lausannoise sa;BUS;VD;Lausanne;5586;Lausanne;ch:1:sboid:100122;;2537089;1152040;423;46.5166965873729, 6.618851166533257
8592025;Lausanne, Craivavers;Transports Publics de la Région Lausannoise sa;BUS;VD;Lausanne;5586;Lausanne;ch:1:sboid:100122;;2540203;1153643;644;46.53140180084546, 6.659218837721681
8592045;Lausanne, Floreyres;Transports Publics de la Région Lausannoise sa;BUS;VD;Lausanne;5586;Lausanne;ch:1:sboid:100122;;2539378;1152066;518;46.51714209075587, 6.648673491948306
8592067;Lausanne, Lisière;Transports Publics de la Région Lausannoise sa;BUS;VD;Lausanne;5586;Lausanne;ch:1:sboid:100122;;2538539;1153774;618;46.53242910646313, 6.63751353659729
8592068;Lausanne, Maladière;Transports Publics de la Région Lausannoise sa;BUS;VD;Lausanne;5586;Lausanne;ch:1:sboid:100122;;2536058.509;1152132.391;389;46.517429819808946, 6.60541110543762
8592090;Lausanne, Pêcheurs;Transports Publics de la Région Lausannoise sa;BUS;VD;Lausanne;5586;Lausanne;ch:1:sboid:100122;;2537175;1151272;377;46.50979643511768, 6.620076348066154
8592074;Lausanne, Mon Repos;Transports Publics de la Région Lausannoise sa;BUS;VD;Lausanne;5586;Lausanne;ch:1:sboid:100122;;2538798;1152258;507;46.5188162731332, 6.6410905384555505
8592110;Lausanne, Riant-Cour;Transports Publics de la Région Lausannoise sa;BUS;VD;Lausanne;5586;Lausanne;ch:1:sboid:100122;;2536871;1151918;412;46.51557862088255, 6.616027330490845
8592125;Lausanne, Valentin;Transports Publics de la Région Lausannoise sa;BUS;VD;Lausanne;5586;Lausanne;ch:1:sboid:100122;;2538052;1152903;517;46.52454936559024, 6.631283123960737
8592109;Lausanne, Recordon;Transports Publics de la Région Lausannoise sa;BUS;VD;Lausanne;5586;Lausanne;ch:1:sboid:100122;;2537035;1153025;478;46.52555167886877, 6.618013051219295
8592079;Lausanne, Mont-Fleuri;Transports Publics de la Région Lausannoise sa;BUS;VD;Lausanne;5586;Lausanne;ch:1:sboid:100122;;2538079;1151784;432;46.514486327477165, 6.6317852391589565
8592112;Lausanne, Rozavère;Transports Publics de la Région Lausannoise sa;BUS;VD;Lausanne;5586;Lausanne;ch:1:sboid:100122;;2539917;1153367;609;46.52889347276935, 6.65552720805841
8592099;Lausanne, Praz-Berthoud;Transports Publics de la Région Lausannoise sa;BUS;VD;Lausanne;5586;Lausanne;ch:1:sboid:100122;;2539407;1154224;640;46.536556231548886, 6.648767730386364
8592117;Lausanne, Ste-Catherine;PostAuto AG;BUS;VD;Lausanne;5586;Lausanne 25;ch:1:sboid:100602;;2544036;1158005;850;46.5709710381593, 6.708646847049509
8592102;Lausanne, Prélaz;Transports Publics de la Région Lausannoise sa;BUS;VD;Lausanne;5586;Lausanne;ch:1:sboid:100122;;2536612;1153116;454;46.526330226059315, 6.612487960977862
8592121;Lausanne, Théâtre de Vidy;Transports Publics de la Région Lausannoise sa;BUS;VD;Lausanne;5586;Lausanne;ch:1:sboid:100122;;2536530;1151767;381;46.514188052793855, 6.611604981723173
8592101;Lausanne, Praz-Séchaud;Transports Publics de la Région Lausannoise sa;BUS;VD;Lausanne;5586;Lausanne;ch:1:sboid:100122;;2540808;1154324;695;46.537581396976215, 6.667016702939134
8592100;Lausanne, Praz-Collet;Transports Publics de la Région Lausannoise sa;BUS;VD;Lausanne;5586;Lausanne 26;ch:1:sboid:100122;;2543078;1156812;873;46.56015876878984, 6.69629899685949
8592085;Lausanne, Oiseaux;Transports Publics de la Région Lausannoise sa;BUS;VD;Lausanne;5586;Lausanne;ch:1:sboid:100122;;2537925;1153626;560;46.53104104452584, 6.629530722056604
8592107;Lausanne, Rapille;Transports Publics de la Région Lausannoise sa;BUS;VD;Lausanne;5586;Lausanne;ch:1:sboid:100122;;2536602;1154252;534;46.53654770368032, 6.612201398611277
8591943;Cugy (VD) VD, Bérallaz;Transports Publics de la Région Lausannoise sa;BUS;VD;Lausanne;5586;Cugy (VD) VD;ch:1:sboid:100122;arrêt taxibus TL 10.956;2539412;1160294;698;46.59115706668171, 6.64803407366139
8591989;Lausanne, Bellerive;Transports Publics de la Région Lausannoise sa;BUS;VD;Lausanne;5586;Lausanne;ch:1:sboid:100122;;2536967;1151471;377;46.51156687206233, 6.617339266843066
8591980;Lausanne, Aubépines;Transports Publics de la Région Lausannoise sa;BUS;VD;Lausanne;5586;Lausanne;ch:1:sboid:100122;;2537134;1153225;511;46.52736002437001, 6.619275959084076
8591987;Lausanne, Beau-Site;Transports Publics de la Région Lausannoise sa;BUS;VD;Lausanne;5586;Lausanne;ch:1:sboid:100122;;2537255;1154063;593;46.53490929892797, 6.620738830731776
8591998;Lausanne, Boisy;Transports Publics de la Région Lausannoise sa;BUS;VD;Lausanne;5586;Lausanne;ch:1:sboid:100122;;2537151;1153864;570;46.5331094949714, 6.619410391742221
8591996;Lausanne, Bois-Gentil;Transports Publics de la Région Lausannoise sa;BUS;VD;Lausanne;5586;Lausanne;ch:1:sboid:100122;;2537375;1154479;606;46.538662525103014, 6.622246426646634
8592135;Lausanne, Vinet;Transports Publics de la Région Lausannoise sa;BUS;VD;Lausanne;5586;Lausanne;ch:1:sboid:100122;;2537854;1153111;528;46.52640195797481, 6.628674773269505
8592051;Lausanne, Georgette;Transports Publics de la Région Lausannoise sa;BUS;VD;Lausanne;5586;Lausanne;ch:1:sboid:100122;;2538569;1152150;480;46.517823780174254, 6.638120934924372
8592030;Lausanne, Désert;Transports Publics de la Région Lausannoise sa;BUS;VD;Lausanne;5586;Lausanne;ch:1:sboid:100122;;2536617;1154621;562;46.53986831601266, 6.612346168875297
8592050;Lausanne, gare;Transports Publics de la Région Lausannoise sa;BUS|METRO;VD;Lausanne;5586;Lausanne;ch:1:sboid:100122;;2537919;1152132;455;46.51760178132036, 6.62965368197985
8592048;Lausanne, Fourmi;Transports Publics de la Région Lausannoise sa;BUS|METRO;VD;Lausanne;5586;Lausanne;ch:1:sboid:100122;;2539585;1154473;659;46.53881214745034, 6.651055283828123
8592088;Lausanne, Parc Vélodrome;Transports Publics de la Région Lausannoise sa;BUS;VD;Lausanne;5586;Lausanne;ch:1:sboid:100122;;2537488;1154184;604;46.53601955629552, 6.623759428326276
8592072;Lausanne, Mirabeau;Transports Publics de la Région Lausannoise sa;BUS;VD;Lausanne;5586;Lausanne;ch:1:sboid:100122;;2538313;1152052;465;46.516918668257865, 6.634798291649499
8592094;Lausanne, Pierrefleur;Transports Publics de la Région Lausannoise sa;BUS;VD;Lausanne;5586;Lausanne;ch:1:sboid:100122;;2536943;1154041;575;46.534682021858686, 6.6166751193627755
8592093;Lausanne, Pierre Viret;Transports Publics de la Région Lausannoise sa;BUS;VD;Lausanne;5586;Lausanne;ch:1:sboid:100122;;2538254.831;1152722.39;514;46.52294353776279, 6.6339505820026865
8592097;Lausanne, Pont Marc Dufour;Transports Publics de la Région Lausannoise sa;BUS;VD;Lausanne;5586;Lausanne;ch:1:sboid:100122;;2537034;1152301;451;46.5190391288019, 6.6180988832292575
8592096;Lausanne, Pont Chauderon;Transports Publics de la Région Lausannoise sa;BUS;VD;Lausanne;5586;Lausanne;ch:1:sboid:100122;;2537522;1152762;493;46.52323169288285, 6.624395332980925
8592116;Lausanne, Stade Olympique;Transports Publics de la Région Lausannoise sa;BUS;VD;Lausanne;5586;Lausanne;ch:1:sboid:100122;;2537662;1153939;593;46.53383201885867, 6.62606059438344
8592086;Lausanne, Ouchy-Olympique;Transports Publics de la Région Lausannoise sa;BUS|METRO;VD;Lausanne;5586;Lausanne;ch:1:sboid:100122;;2537676;1151008;377;46.507468642572256, 6.626639207903287
8592127;Lausanne, Valmont;Transports Publics de la Région Lausannoise sa;BUS;VD;Lausanne;5586;Lausanne;ch:1:sboid:100122;;2539915.162;1154072.138;633;46.53523612499284, 6.655411334090568
8592106;Lausanne, Provence sud;Transports Publics de la Région Lausannoise sa;BUS;VD;Lausanne;5586;Lausanne;ch:1:sboid:100122;;2536282;1152609;432;46.52173831727455, 6.608257370483629
8591990;Lausanne, Belvédère;Transports Publics de la Région Lausannoise sa;BUS;VD;Lausanne;5586;Lausanne;ch:1:sboid:100122;;2536962;1152509;458;46.52090332051664, 6.617132251261354
8591983;Lausanne, Batelière;Transports Publics de la Région Lausannoise sa;BUS;VD;Lausanne;5586;Lausanne;ch:1:sboid:100122;;2536637;1152009;406;46.51637502350829, 6.612965878707177
8591982;Lausanne, Barre;Transports Publics de la Région Lausannoise sa;BUS;VD;Lausanne;5586;Lausanne;ch:1:sboid:100122;;2538417.249;1153032.681;532;46.52574963225288, 6.636025690227762
8591993;Lausanne, Béthanie;Transports Publics de la Région Lausannoise sa;BUS;VD;Lausanne;5586;Lausanne;ch:1:sboid:100122;;2536699;1154033;532;46.53458697924103, 6.613495848228103
8592133;Lausanne, Vigie;Transports Publics de la Région Lausannoise sa;BUS|METRO;VD;Lausanne;5586;Lausanne;ch:1:sboid:100122;;2537484;1152574;486;46.52153705667949, 6.623925622314335
8595938;Lausanne, Vidy-Port;Transports Publics de la Région Lausannoise sa;BUS;VD;Lausanne;5586;Lausanne;ch:1:sboid:100122;(Bus) ouverture ligne 24, printemps 2019;2536228.312;1151861.061;375.8;46.51500540948466, 6.607661181441405
8519590;Lausanne-Flon (LEB);Lausanne-Echallens-Bercher;;VD;Lausanne;5586;Lausanne;ch:1:sboid:100036;(Zug);2537979;1152455;480;46.52051277821011, 6.6303920549488815
8587357;Lausanne, Bellevaux;Transports Publics de la Région Lausannoise sa;BUS;VD;Lausanne;5586;Lausanne;ch:1:sboid:100122;;2538273;1154496;616;46.538899050062625, 6.633949846167843
8501139;Lausanne (bif);Schweizerische Bundesbahnen SBB;;VD;Lausanne;5586;Lausanne;ch:1:sboid:100001;(Zug);2536877.935;1152506.891;442.244;46.52087641192505, 6.616037089879887
8501208;Lausanne, Provence;Transports Publics de la Région Lausannoise sa;METRO;VD;Lausanne;5586;Lausanne;ch:1:sboid:100122;;2536314;1152778.3;427;46.52326423801366, 6.60865098556121
8501160;Lausanne-Chauderon;Lausanne-Echallens-Bercher;TRAIN;VD;Lausanne;5586;Lausanne;ch:1:sboid:100036;;2537649.725;1152760.485;471;46.523229999187635, 6.626059994699236
8595935;Lausanne, Stade de Coubertin;Transports Publics de la Région Lausannoise sa;BUS;VD;Lausanne;5586;Lausanne;ch:1:sboid:100122;(Bus) ouverture ligne 24, printemps 2019;2535848;1151907;378;46.51538222944737, 6.602699494227868
8595934;Lausanne, Siège du CIO;Transports Publics de la Région Lausannoise sa;BUS;VD;Lausanne;5586;Lausanne;ch:1:sboid:100122;(Bus) ouverture ligne 24, printemps 2019;2535573;1152152;380;46.51755956330723, 6.599082122614956
8595933;Lausanne, Parc Musée Olympique;Transports Publics de la Région Lausannoise sa;BUS;VD;Lausanne;5586;Lausanne;ch:1:sboid:100122;(Bus) ouverture ligne 24, printemps 2019;2538156;1150989;375;46.50734233381607, 6.632895091066393
8595937;Lausanne, sports UNIL-EPFL;Transports Publics de la Région Lausannoise sa;BUS;VD;Lausanne;5586;Lausanne;ch:1:sboid:100122;(Bus) ouverture ligne 24, printemps 2019;2534561;1152552;377;46.52105923327657, 6.585838873149353
8509491;Lausanne, Chalet-à-Gobet/Jorat;Transports Publics de la Région Lausannoise sa;BUS;VD;Lausanne;5586;Lausanne 25;ch:1:sboid:100122;;2542869.029;1157335.844;864;46.56485297908481, 6.693508885375588
8511521;Lausanne, Grand-Pré;Transports Publics de la Région Lausannoise sa;BUS;VD;Lausanne;5586;Lausanne;ch:1:sboid:100122;;2539766.289;1154964.591;706;46.54325045640789, 6.653354192094461
8515338;Lausanne Est;Schweizerische Bundesbahnen SBB;;VD;Lausanne;5586;Lausanne;ch:1:sboid:100001;(Zug);2538282.382;1151749.711;445.966;46.51419671251871, 6.6344397881272865
8501168;Vernand-Camarès;Lausanne-Echallens-Bercher;TRAIN;VD;Lausanne;5586;Romanel-sur-Lausanne;ch:1:sboid:100036;;2536074.95;1158081.044;596.9;46.570940000307104, 6.6048000041455435
8501170;Bel-Air LEB;Lausanne-Echallens-Bercher;TRAIN;VD;Lausanne;5586;Cheseaux-sur-Lausanne;ch:1:sboid:100036;;2536140.065;1158940.823;603.8;46.57868000100423, 6.605530000263753
8501209;Lausanne, Malley;Transports Publics de la Région Lausannoise sa;BUS|METRO;VD;Lausanne;5586;Lausanne;ch:1:sboid:100122;;2535847.949;1152880.223;424;46.524136454652265, 6.6025634458983165
8501075;Lausanne-Ouchy (lac);CGN SA;BOAT;VD;Lausanne;5586;Lausanne;ch:1:sboid:100143;;2537747.639;1150741.437;374;46.505077555652306, 6.627608476044419
8589524;Lausanne, Rôtillon;Transports Publics de la Région Lausannoise sa;BUS;VD;Lausanne;5586;Lausanne;ch:1:sboid:100122;;2538273.25;1152502.309;483;46.52096558663637, 6.634220076598678
8570165;Montheron, La Râpe;Transports Publics de la Région Lausannoise sa;BUS;VD;Lausanne;5586;Cugy (VD) VD;ch:1:sboid:100122;arrêt taxibus TL 10.956;2540150;1160471;711;46.59281581730113, 6.657640460852183
8592059;Lausanne, Hermitage;Transports Publics de la Région Lausannoise sa;BUS;VD;Lausanne;5586;Lausanne;ch:1:sboid:100122;;2538438;1153525;595;46.53018001887999, 6.636230378269013
8592022;Lausanne, Couchirard;Transports Publics de la Région Lausannoise sa;BUS;VD;Lausanne;5586;Lausanne;ch:1:sboid:100122;;2536661;1152983;452;46.52513852621091, 6.613144814490349
8592021;Lausanne, Cottages;Transports Publics de la Région Lausannoise sa;BUS;VD;Lausanne;5586;Lausanne;ch:1:sboid:100122;;2536418;1152560;437;46.521310515632464, 6.610036367147301
8592007;Lausanne, Chalet-Marin;Transports Publics de la Région Lausannoise sa;BUS;VD;Lausanne;5586;Cugy (VD) VD;ch:1:sboid:100122;arrêt taxibus TL 10.956;2540366;1160825;739;46.596019432251985, 6.660413009012411
8592061;Lausanne, Jordils;Transports Publics de la Région Lausannoise sa;BUS|METRO;VD;Lausanne;5586;Lausanne;ch:1:sboid:100122;;2537740;1151281;394;46.509930277057165, 6.6274361425475465
8592060;Lausanne, Beaulieu-Jomini;Transports Publics de la Région Lausannoise sa;BUS;VD;Lausanne;5586;Lausanne;ch:1:sboid:100122;;2537680;1153210;533;46.5272762627482, 6.626393765314147
8592031;Lausanne, Devin;Transports Publics de la Région Lausannoise sa;BUS;VD;Lausanne;5586;Lausanne;ch:1:sboid:100122;;2539644;1153517;593;46.5302181296985, 6.651949566098459
8592028;Lausanne, Délices;Transports Publics de la Région Lausannoise sa;BUS|METRO;VD;Lausanne;5586;Lausanne;ch:1:sboid:100122;;2537789;1151513;407;46.51202170923233, 6.628043244829774
8592071;Lausanne, Mémise;Transports Publics de la Région Lausannoise sa;BUS;VD;Lausanne;5586;Lausanne;ch:1:sboid:100122;;2538205;1153223;555;46.527441976018785, 6.633234113080209
8592104;Lausanne, Presbytère;Transports Publics de la Région Lausannoise sa;BUS;VD;Lausanne;5586;Lausanne;ch:1:sboid:100122;;2537302;1153412;534;46.52905789981525, 6.621439995641931
8592073;Lausanne, Molliettes;Transports Publics de la Région Lausannoise sa;BUS;VD;Lausanne;5586;Lausanne 26;ch:1:sboid:100122;;2542833;1156009;832;46.55291470504891, 6.693203746657515
8592077;Lausanne, Montchoisi;Transports Publics de la Région Lausannoise sa;BUS;VD;Lausanne;5586;Lausanne;ch:1:sboid:100122;;2538477;1151406;426;46.5111229371032, 6.637021389894943
8592076;Lausanne, Mont-Blanc;Transports Publics de la Région Lausannoise sa;BUS;VD;Lausanne;5586;Lausanne;ch:1:sboid:100122;;2537726;1153527;560;46.53013200368531, 6.626950440124362
8592081;Lausanne, Montolieu;Transports Publics de la Région Lausannoise sa;BUS;VD;Lausanne;5586;Lausanne;ch:1:sboid:100122;;2539042;1154963;647;46.543170413457574, 6.643912264792979
8592123;Lausanne, Trabandan;Transports Publics de la Région Lausannoise sa;BUS;VD;Lausanne;5586;Lausanne;ch:1:sboid:100122;;2539048;1151780;460;46.5145394541081, 6.6444113458965655
8592080;Lausanne, Montoie;Transports Publics de la Région Lausannoise sa;BUS;VD;Lausanne;5586;Lausanne;ch:1:sboid:100122;;2536302;1152226;407;46.518295103516934, 6.608570896531949
8592087;Lausanne, Parc Rivier;Transports Publics de la Région Lausannoise sa;BUS;VD;Lausanne;5586;Lausanne;ch:1:sboid:100122;;2536851;1154197;577;46.536076564288514, 6.615454588844469
8592126;Lausanne, Vallonnette;Transports Publics de la Région Lausannoise sa;BUS;VD;Lausanne;5586;Lausanne;ch:1:sboid:100122;;2539378;1153324;583;46.52845797725129, 6.648508093026922
8591981;Lausanne, avenue du Léman;Transports Publics de la Région Lausannoise sa;BUS;VD;Lausanne;5586;Lausanne;ch:1:sboid:100122;;2539123;1151908;484;46.51569767030391, 6.6453716638317175
8591992;Lausanne, Bergières;Transports Publics de la Région Lausannoise sa;BUS;VD;Lausanne;5586;Lausanne;ch:1:sboid:100122;;2537082;1153601;539;46.53073728679216, 6.618546949123086
8591999;Lausanne, Bonne-Espérance;Transports Publics de la Région Lausannoise sa;BUS;VD;Lausanne;5586;Lausanne;ch:1:sboid:100122;;2539510.131;1151833.446;475;46.51506221084349, 6.650425684377731
8591997;Lausanne, Boissonnet;Transports Publics de la Région Lausannoise sa;BUS;VD;Lausanne;5586;Lausanne;ch:1:sboid:100122;;2539219;1154506;648;46.53907577421806, 6.646279991665431
8592129;Lausanne, Verdeil;Transports Publics de la Région Lausannoise sa;BUS;VD;Lausanne;5586;Lausanne;ch:1:sboid:100122;;2539457;1152187;533;46.51823766729253, 6.649686987938624
8592136;Lausanne, Virgile-Rossel;Transports Publics de la Région Lausannoise sa;BUS;VD;Lausanne;5586;Lausanne;ch:1:sboid:100122;;2539374;1153068;574;46.526154858785034, 6.648489627667474
8501180;Lausanne, gare (Fpl);Transports Publics de la Région Lausannoise sa;;VD;Lausanne;5586;Lausanne;ch:1:sboid:100122;(Metro);2537918;1152127;452;46.517556712791105, 6.629641324834574
8592078;Lausanne, Montétan;Transports Publics de la Région Lausannoise sa;BUS;VD;Lausanne;5586;Lausanne;ch:1:sboid:100122;;2536743.88;1153437.521;498.3;46.52923483927885, 6.6141625391045
8511583;Lausanne, Chalet des Enfants;Transports Publics de la Région Lausannoise sa;BUS;VD;Lausanne;5586;Lausanne 25;ch:1:sboid:100122;;2541081.595;1158366.126;847.2;46.57396512410768, 6.6700658736639005
8595521;Lausanne, Bourdonnette nord;Transports Publics de la Région Lausannoise sa;BUS;VD;Lausanne;5586;Lausanne;ch:1:sboid:100122;;2534825;1152975;394;46.52488995521233, 6.58921926429905
8595936;Lausanne, Tour Haldimand-Lac;Transports Publics de la Région Lausannoise sa;BUS;VD;Lausanne;5586;Lausanne;ch:1:sboid:100122;(Bus) ouverture ligne 24, printemps 2019;2538756;1150758;375;46.505319720925, 6.64074241507208
8579238;Lausanne, Sallaz;Transports Publics de la Région Lausannoise sa;BUS|METRO;VD;Lausanne;5586;Lausanne;ch:1:sboid:100122;;2539205;1153810;607;46.532813888065064, 6.646189309578407
8579245;Lausanne, Foyer;Transports Publics de la Région Lausannoise sa;BUS;VD;Lausanne;5586;Lausanne;ch:1:sboid:100122;;2540268;1153865;650;46.53340454057424, 6.660037250928987
8579253;Lausanne, Montbenon;Transports Publics de la Région Lausannoise sa;BUS;VD;Lausanne;5586;Lausanne;ch:1:sboid:100122;;2537922;1152376;616;46.519796869365386, 6.629659927476195
8516276;Lausanne TRIDEL;Schweizerische Bundesbahnen SBB;;VD;Lausanne;5586;Lausanne;ch:1:sboid:100001;(Zug);2539153.836;1153887.239;594.5;46.53350400371034, 6.645512246140008
8519447;Lausanne Paleyres;Schweizerische Bundesbahnen SBB;;VD;Lausanne;5586;Lausanne;ch:1:sboid:100001;;2538625.282;1151613.971;445.78;46.51300730333833, 6.638925629414936
8587547;Lausanne, Chalet à Matthey;Transports Publics de la Région Lausannoise sa;BUS;VD;Lausanne;5586;Lausanne 26;ch:1:sboid:100122;;2542689;1155810;809;46.55111231826197, 6.691350919199841
8587548;Lausanne, Vers-chez-les-Blanc;Transports Publics de la Région Lausannoise sa;BUS;VD;Lausanne;5586;Lausanne 26;ch:1:sboid:100122;;2542964;1156215;839;46.55477891706639, 6.694886320159745
8592024;Lausanne, Cour;Transports Publics de la Région Lausannoise sa;BUS;VD;Lausanne;5586;Lausanne;ch:1:sboid:100122;;2537618;1151575;417;46.512563462626886, 6.625806923746921
8510575;Lausanne, César-Roux;Transports Publics de la Région Lausannoise sa;BUS;VD;Lausanne;5586;Lausanne;ch:1:sboid:100122;;2538566.456;1152861.434;520;46.52422298642162, 6.6379930007353245
8510574;Lausanne, Eugène-Rambert;Transports Publics de la Région Lausannoise sa;BUS;VD;Lausanne;5586;Lausanne;ch:1:sboid:100122;;2539346.304;1151859.151;471;46.515278576262645, 6.648287693897593
8510905;Lausanne, Maladière/chapelle;Transports Publics de la Région Lausannoise sa;BUS;VD;Lausanne;5586;Lausanne;ch:1:sboid:100122;;2535808.119;1152184.54;383;46.51787489402714, 6.6021412377510105
8592034;Lausanne, Druey-Collège;Transports Publics de la Région Lausannoise sa;BUS;VD;Lausanne;5586;Lausanne;ch:1:sboid:100122;;2537996;1153331;557;46.528394080226505, 6.630495776516376
8592019;Lausanne, Clochatte;Transports Publics de la Région Lausannoise sa;BUS;VD;Lausanne;5586;Lausanne;ch:1:sboid:100122;;2538625;1154924;660;46.54278140565046, 6.638481284974817
8592023;Lausanne, Coudrette;Transports Publics de la Région Lausannoise sa;BUS;VD;Lausanne;5586;Lausanne;ch:1:sboid:100122;;2540131.805;1152643.613;567;46.52240578940225, 6.6584206903058
8592052;Lausanne, Grancy;Transports Publics de la Région Lausannoise sa;METRO;VD;Lausanne;5586;Lausanne;ch:1:sboid:100122;;2537856;1151835;428;46.51492437334443, 6.628872796791182
8592043;Lausanne, Faverges;Transports Publics de la Région Lausannoise sa;BUS;VD;Lausanne;5586;Lausanne;ch:1:sboid:100122;;2539172;1151695;449;46.513786168607, 6.646038214827618
8592002;Lausanne, Boveresses;Transports Publics de la Région Lausannoise sa;BUS;VD;Lausanne;5586;Lausanne;ch:1:sboid:100122;;2540551;1154093;677;46.53548068715228, 6.663696485310068
8592042;Lausanne, Fauconnières;Transports Publics de la Région Lausannoise sa;BUS;VD;Lausanne;5586;Lausanne;ch:1:sboid:100122;;2539464;1152883;563;46.52449892063212, 6.649686826782073
8592020;Lausanne, Closelet;Transports Publics de la Région Lausannoise sa;BUS;VD;Lausanne;5586;Lausanne;ch:1:sboid:100122;;2538179;1151892;444;46.51546706176455, 6.633073710554888
8592001;Lausanne, Boston;Transports Publics de la Région Lausannoise sa;BUS;VD;Lausanne;5586;Lausanne;ch:1:sboid:100122;;2537405;1152837;490;46.523895372903915, 6.622860458671855
8592056;Lausanne, Grattapaille;Transports Publics de la Région Lausannoise sa;BUS;VD;Lausanne;5586;Lausanne;ch:1:sboid:100122;;2537115;1154262;607;46.536686156271905, 6.618886866808718
8592027;Lausanne, Dapples;Transports Publics de la Région Lausannoise sa;BUS;VD;Lausanne;5586;Lausanne;ch:1:sboid:100122;;2537591;1151819;436;46.51475574968287, 6.625422126873046
8592006;Lausanne, Chalet-Fontaine;PostAuto AG;BUS;VD;Lausanne;5586;Lausanne 25;ch:1:sboid:100602;;2543347;1157654;870;46.56775559481226, 6.699703292159289
8592066;Lausanne, Libellules;Transports Publics de la Région Lausannoise sa;BUS;VD;Lausanne;5586;Lausanne;ch:1:sboid:100122;;2539058;1154690;637;46.54071620430876, 6.64415695530538
8592065;Lausanne, Les Chavannes;Transports Publics de la Région Lausannoise sa;BUS;VD;Lausanne;5586;Lausanne;ch:1:sboid:100122;;2540037;1153517;627;46.53025352904524, 6.65707165354116
8592029;Lausanne, Denantou;Transports Publics de la Région Lausannoise sa;BUS;VD;Lausanne;5586;Lausanne;ch:1:sboid:100122;;2538623;1151049;394;46.50792510208271, 6.638971074392431
8592011;Lausanne, Chauderon-Ale;Transports Publics de la Région Lausannoise sa;BUS;VD;Lausanne;5586;Lausanne;ch:1:sboid:100122;;2537745;1152823;500;46.5238012148865, 6.627293136689102
8592064;Lausanne, Languedoc;Transports Publics de la Région Lausannoise sa;BUS;VD;Lausanne;5586;Lausanne;ch:1:sboid:100122;;2536956;1152175;439;46.51789838933218, 6.617099725466848
8592070;Lausanne, Mauvernay;Transports Publics de la Région Lausannoise sa;BUS;VD;Lausanne;5586;Lausanne 25;ch:1:sboid:100122;;2542517;1157305;858;46.56454530868881, 6.6889216820954145
8592075;Lausanne, Mont d'Or;Transports Publics de la Région Lausannoise sa;BUS;VD;Lausanne;5586;Lausanne;ch:1:sboid:100122;;2536805;1152071;425;46.51694863215209, 6.615146406150243
8592089;Lausanne, Pavement;Transports Publics de la Région Lausannoise sa;BUS;VD;Lausanne;5586;Lausanne;ch:1:sboid:100122;;2538290;1154743;626;46.54112241487272, 6.634138369099671
8592108;Lausanne, Rasude;Transports Publics de la Région Lausannoise sa;BUS;VD;Lausanne;5586;Lausanne;ch:1:sboid:100122;;2538174;1152074;458;46.517103711794164, 6.632984164258163
8592115;Lausanne, Signal;Transports Publics de la Région Lausannoise sa;BUS;VD;Lausanne;5586;Lausanne;ch:1:sboid:100122;;2538765;1153789;637;46.532584792753525, 6.64045718400786
8592119;Lausanne, St-Paul;Transports Publics de la Région Lausannoise sa;BUS;VD;Lausanne;5586;Lausanne;ch:1:sboid:100122;;2537027;1153210;498;46.52721501874511, 6.617883525477641
8592083;Lausanne, Mousquines;Transports Publics de la Région Lausannoise sa;BUS;VD;Lausanne;5586;Lausanne;ch:1:sboid:100122;;2539260;1152033;514;46.51683453283932, 6.647140282150639
8592120;Lausanne, St-Roch;Transports Publics de la Région Lausannoise sa;BUS;VD;Lausanne;5586;Lausanne;ch:1:sboid:100122;;2537658;1153021;513;46.52557413349888, 6.626132606292008
8592084;Lausanne, Musée Olympique;Transports Publics de la Région Lausannoise sa;BUS;VD;Lausanne;5586;Lausanne;ch:1:sboid:100122;;2538334;1151239;414;46.50960756751623, 6.635180614707675
8592091;Lausanne, Petit Château;Transports Publics de la Région Lausannoise sa;BUS;VD;Lausanne;5586;Lausanne;ch:1:sboid:100122;;2538382;1153245;567;46.527656220588945, 6.635537942213409
8591979;Lausanne, Alpes;Transports Publics de la Région Lausannoise sa;BUS;VD;Lausanne;5586;Lausanne;ch:1:sboid:100122;;2538458;1151843;462;46.515052059302235, 6.636715539399574
8591978;Lausanne, Allières/CHUV;Transports Publics de la Région Lausannoise sa;BUS;VD;Lausanne;5586;Lausanne;ch:1:sboid:100122;;2539301;1152823;571;46.523944420064346, 6.6475705248275485
8591977;Lausanne, Abeilles;Transports Publics de la Région Lausannoise sa;BUS;VD;Lausanne;5586;Lausanne;ch:1:sboid:100122;;2539344;1154726;663;46.54106606891823, 6.647880459433397
8591991;Lausanne, Benj. Constant;Transports Publics de la Région Lausannoise sa;BUS;VD;Lausanne;5586;Lausanne;ch:1:sboid:100122;;2538520;1152320;500;46.51934844453019, 6.637459787362869
8591994;Lausanne, Blécherette;Transports Publics de la Région Lausannoise sa;BUS;VD;Lausanne;5586;Lausanne;ch:1:sboid:100122;;2537294;1154878;600;46.542243969419225, 6.621136273264881
8591986;Lausanne, Beau-Rivage;Transports Publics de la Région Lausannoise sa;BUS;VD;Lausanne;5586;Lausanne;ch:1:sboid:100122;;2537743;1151100;383;46.50830243967109, 6.627499653840531
8591985;Lausanne, jardin botanique;Transports Publics de la Région Lausannoise sa;BUS;VD;Lausanne;5586;Lausanne;ch:1:sboid:100122;;2537407;1151579;413;46.51257970915432, 6.623057263405929
8591984;Lausanne, Beaulieu;Transports Publics de la Région Lausannoise sa;BUS;VD;Lausanne;5586;Lausanne;ch:1:sboid:100122;;2537467;1153306;539;46.52811988629551, 6.623604813449963
8592132;Lausanne, Vieux-Moulin;Transports Publics de la Région Lausannoise sa;BUS;VD;Lausanne;5586;Lausanne;ch:1:sboid:100122;;2537971;1153870;559;46.533240126224854, 6.630097425436073
8592130;Lausanne, Vert-Bois/EHL;Transports Publics de la Région Lausannoise sa;BUS;VD;Lausanne;5586;Lausanne 25;ch:1:sboid:100122;;2542209.379;1156858.074;837;46.56049857284811, 6.684965907058133
8511690;Lausanne, Musée de la Main;Transports Publics de la Région Lausannoise sa;BUS;VD;Lausanne;5586;Lausanne;ch:1:sboid:100122;;2538779.394;1152923.058;562.7;46.52479684806809, 6.640759787612795
8592036;Lausanne, Ecole des Métiers;Transports Publics de la Région Lausannoise sa;BUS|TRAM;VD;Lausanne;5586;Lausanne;ch:1:sboid:100122;;2536773.823;1152937.035;455.9;46.52473575294442, 6.614621433049544
8592124;Lausanne, Valency;Transports Publics de la Région Lausannoise sa;BUS;VD;Lausanne;5586;Lausanne;ch:1:sboid:100122;;2536528.26;1153673.442;491.5;46.5313365149548, 6.611319888318293
8501128;Lausanne-Sébeillon;Schweizerische Bundesbahnen SBB;;VD;Lausanne;5586;Lausanne;ch:1:sboid:100001;Güterverkehr;2536497.676;1152888.69;446.785;46.52427469236492, 6.611029365149114
8501120;Lausanne;Schweizerische Bundesbahnen SBB;TRAIN;VD;Lausanne;5586;Lausanne;ch:1:sboid:100001;;2537874.991;1152042.412;447.09;46.51679183546505, 6.629092303198572
8501181;Lausanne-Flon;Lausanne-Echallens-Bercher;TRAIN;VD;Lausanne;5586;Lausanne;ch:1:sboid:100036;;2537975.335;1152486.968;480;46.520799993929394, 6.630339996758533
8501210;Lausanne, Bourdonnette;Transports Publics de la Région Lausannoise sa;BUS|METRO;VD;Lausanne;5586;Lausanne;ch:1:sboid:100122;;2534868;1152794;390;46.523266041542534, 6.589805203035486
8504171;Lausanne, En Marin;Transports Publics de la Région Lausannoise sa;BUS;VD;Lausanne;5586;Lausanne 25;ch:1:sboid:100122;;2542142;1156482;833;46.557109887347174, 6.684134498601808
8504176;Lausanne, Tunnel;Transports Publics de la Région Lausannoise sa;BUS;VD;Lausanne;5586;Lausanne;ch:1:sboid:100122;;2538300;1153000;512;46.52544484596654, 6.634502053866642
8519588;Lausanne, Flon (m1);Transports Publics de la Région Lausannoise sa;;VD;Lausanne;5586;Lausanne;ch:1:sboid:100122;(Metro);2537954;1152410;486;46.52010567630592, 6.630072336725723
8592035;Lausanne, Gymnase de Beaulieu;Transports Publics de la Région Lausannoise sa;BUS;VD;Lausanne;5586;Lausanne;ch:1:sboid:100122;;2537327.794;1153231.279;526.3;46.52743471441883, 6.621800730470289
8511845;Lausanne, Hôpital ophtalmique;Transports Publics de la Région Lausannoise sa;BUS;VD;Lausanne;5586;Lausanne;ch:1:sboid:100122;;2537360.315;1153016.993;511.4;46.52551023719283, 6.622253685984112
8592103;Lausanne, Halle de Sébeillon;Transports Publics de la Région Lausannoise sa;BUS|TRAM;VD;Lausanne;5586;Lausanne;ch:1:sboid:100122;;2536271.09;1153150.71;445.8;46.52661000670377, 6.608040334168387
8592098;Lausanne, Port-Franc;Transports Publics de la Région Lausannoise sa;BUS|TRAM;VD;Lausanne;5586;Lausanne;ch:1:sboid:100122;;2537717.251;1152645.224;479.6;46.52219951676092, 6.626955534175485
8591818;Lausanne, Flon;Transports Publics de la Région Lausannoise sa;BUS|METRO|TRAM;VD;Lausanne;5586;Lausanne;ch:1:sboid:100122;(Metro gehört auf 8501181);2537993.264;1152461.198;480.3;46.520569851209416, 6.630577091482784
8592033;Lausanne, Druey;Transports Publics de la Région Lausannoise sa;BUS;VD;Lausanne;5586;Lausanne;ch:1:sboid:100122;;2537779.744;1153494.27;562.2;46.529842604595004, 6.627655309820661
8595004;Lausanne, Entre-Bois;Transports Publics de la Région Lausannoise sa;BUS;VD;Lausanne;5586;Lausanne;ch:1:sboid:100122;;2538085.049;1154739.369;594.4;46.54107078363393, 6.631467133766876
8595939;Lausanne, Parc Bourget;Transports Publics de la Région Lausannoise sa;BUS;VD;Lausanne;5586;Lausanne;ch:1:sboid:100122;(Bus) ouverture ligne 24, printemps 2019;2535156;1152304;376;46.51888647201626, 6.5936271813162985
8570667;Lavey-Village, Prés Râpets;PostAuto AG;BUS;VD;Lavey-Morcles;5406;Lavey-Village;ch:1:sboid:100602;;2567336;1118600;418;46.21805197338087, 7.0153443450759525
8570669;Lavey-les-Bains, Et. Thermal;PostAuto AG;BUS;VD;Lavey-Morcles;5406;Lavey-les-Bains;ch:1:sboid:100602;;2567558;1117097;419;46.20454256509827, 7.01832590055838
8570666;Lavey-Village, centre;PostAuto AG;BUS;VD;Lavey-Morcles;5406;Lavey-Village;ch:1:sboid:100602;bis 2018: Lavey-Village, poste;2567462;1118813;438;46.219974128716665, 7.016962298697896
8580651;Lavey, Front Bastionné;PostAuto AG;BUS;VD;Lavey-Morcles;5406;Lavey-Village;ch:1:sboid:100602;;2567223;1117648;411;46.20948278583744, 7.013946958477066
8570668;Lavey-les-Bains, place;PostAuto AG;BUS;VD;Lavey-Morcles;5406;Lavey-les-Bains;ch:1:sboid:100602;;2567353.547;1117360.059;414;46.206898984302185, 7.015658630142159
8504653;Lavigny, café;Automobiles MBC;BUS;VD;Lavigny;5637;Lavigny;ch:1:sboid:100566;;2520655;1150553;522;46.50157190236681, 6.404978773328154
8570088;Lavigny, hôpital;Automobiles MBC;BUS;VD;Lavigny;5637;Lavigny;ch:1:sboid:100566;;2521106;1150842;520;46.50422479212155, 6.410804070978684
8570050;Lavigny, croisée de St-Livres;PostAuto AG;BUS;VD;Lavigny;5637;Lavigny;ch:1:sboid:100602;;2520329;1150357;516;46.49977014137139, 6.400766154973438
8505938;Le Brassus, La Combe;Autotransports de la Vallée de Joux;BUS;VD;Le Chenit;5872;Le Brassus;ch:1:sboid:100533;;2505183;1160915;1058;46.59275718975028, 6.201317222904599
8505940;Le Brassus, Piguet-Dessus;Autotransports de la Vallée de Joux;BUS;VD;Le Chenit;5872;Le Brassus;ch:1:sboid:100533;;2505377;1161421;1088;46.59733591217941, 6.203744350057091
8507212;Le Rocheray, bif. gare;Transports Vallée de Joux-Yverdon-Ste-Croix;BUS;VD;Le Chenit;5872;Le Sentier;ch:1:sboid:100694;;2509086;1164261;1007;46.62339593993159, 6.251580215528472
8507197;Le Solliat-La Golisse, gare;Transports Vallée de Joux-Yverdon-Ste-Croix;BUS;VD;Le Chenit;5872;Le Sentier;ch:1:sboid:100694;;2508097;1163298;1012;46.61459871223159, 6.238861459889915
8595463;Le Brassus, Bas-du-Chenit;Autotransports de la Vallée de Joux;BUS;VD;Le Chenit;5872;Le Brassus;ch:1:sboid:100533;;2504251.91;1158588.86;1039;46.57170196895479, 6.189652825106321
8583878;Le Brassus, Combe des Amburnex;PostAuto AG;BUS;VD;Le Chenit;5872;Le Brassus;ch:1:sboid:100602;;2508778;1157160;1345;46.55948375022864, 6.2489671565606475
8501155;Le Rocheray;Transports Vallée de Joux-Yverdon-Ste-Croix;TRAIN;VD;Le Chenit;5872;Le Sentier;ch:1:sboid:100074;;2508986.965;1164380.496;1026.2;46.62445724420983, 6.250263659575705
8579144;L'Orient, centre;Autotransports de la Vallée de Joux;BUS;VD;Le Chenit;5872;L'Orient;ch:1:sboid:100533;;2507988.013;1161794.936;1009;46.601064385324705, 6.237739642273876
8579145;L'Orient, Crêt;Autotransports de la Vallée de Joux;BUS;VD;Le Chenit;5872;L'Orient;ch:1:sboid:100533;;2508613.597;1162326.771;1016;46.60593394624081, 6.245797530372655
8530783;Chez-le-Maître-Ecoles;Transports Vallée de Joux-Yverdon-Ste-Croix;TRAIN;VD;Le Chenit;5872;Le Sentier;ch:1:sboid:100074;;2506790.964;1161635.104;1015;46.599460647877486, 6.22215117048849
8506063;Le Sentier, Chez-le-Maître;Autotransports de la Vallée de Joux;BUS;VD;Le Chenit;5872;Le Sentier;ch:1:sboid:100533;;2506677;1161714;1020;46.600154349344066, 6.2206480409897775
8506059;Le Solliat, Chez le Brigadier;Autotransports de la Vallée de Joux;BUS;VD;Le Chenit;5872;Le Solliat;ch:1:sboid:100533;;2507195;1163122;1071;46.6128908188535, 6.227123407402121
8505936;Le Brassus, Tribillet;Autotransports de la Vallée de Joux;BUS;VD;Le Chenit;5872;Le Brassus;ch:1:sboid:100533;;2505704;1160510;1025;46.589188246603676, 6.208197930786563
8530622;Le Rocheray (lac);Navigation Lac de Joux;BOAT;VD;Le Chenit;5872;Le Sentier;ch:1:sboid:101107;;2509096;1164195;1004;46.62280366496265, 6.251723819886945
8501158;Chez-le-Maître;Transports Vallée de Joux-Yverdon-Ste-Croix;;VD;Le Chenit;5872;Le Sentier;ch:1:sboid:100074;(Zug);2506516.961;1161447.225;1017;46.5977324529628, 6.218613875039215
8505942;Le Sentier, Chez les Aubert;Autotransports de la Vallée de Joux;BUS;VD;Le Chenit;5872;Le Sentier;ch:1:sboid:100533;;2505755;1161874;1096;46.601463887287224, 6.208583882028663
8505946;Le Sentier, Chez le Christ;Autotransports de la Vallée de Joux;BUS;VD;Le Chenit;5872;Le Sentier;ch:1:sboid:100533;;2506629;1162487;1071;46.60710036070678, 6.219864742801005
8570024;Le Brassus, gare;PostAuto AG;BUS;VD;Le Chenit;5872;Le Brassus;ch:1:sboid:100602;;2506103;1160087;1020;46.58543983560848, 6.213489824953001
8595467;L'Orient, Paul Golay;Autotransports de la Vallée de Joux;BUS;VD;Le Chenit;5872;L'Orient;ch:1:sboid:100533;;2507556.821;1161196.983;1031;46.59562650039665, 6.23223296966624
8595468;Le Sentier, La Golisse;Autotransports de la Vallée de Joux;BUS;VD;Le Chenit;5872;Le Sentier;ch:1:sboid:100533;;2507892;1162984;1015;46.61174616989329, 6.236248550165374
8511499;Le Sentier, Les Tours;Autotransports de la Vallée de Joux;BUS;VD;Le Chenit;5872;Le Sentier;ch:1:sboid:100533;;2507057.234;1162095.963;1012.4;46.603642972400564, 6.225532626428043
8579148;Le Sentier, hôpital;Autotransports de la Vallée de Joux;BUS;VD;Le Chenit;5872;Le Sentier;ch:1:sboid:100533;;2506809;1161937;1024;46.60217856422099, 6.222325359774102
8579146;Le Sentier-L'Orient, gare;Autotransports de la Vallée de Joux;BUS;VD;Le Chenit;5872;Le Sentier;ch:1:sboid:100533;;2507497.369;1162342.499;1013;46.605921603105706, 6.231226856485401
8511443;Le Solliat-La Golisse, bif.;Transports Vallée de Joux-Yverdon-Ste-Croix;BUS;VD;Le Chenit;5872;Le Sentier;ch:1:sboid:100694;;2507954.511;1163245.918;1017;46.61411061437852, 6.237012006921847
8501159;Le Brassus;Transports Vallée de Joux-Yverdon-Ste-Croix;TRAIN;VD;Le Chenit;5872;Le Brassus;ch:1:sboid:100074;;2506138.054;1160098.026;1021;46.58554394143053, 6.213944883183952
8595464;Le Brassus, Le Campe;Autotransports de la Vallée de Joux;BUS;VD;Le Chenit;5872;Le Brassus;ch:1:sboid:100533;;2507041;1160677;1030;46.59087787274417, 6.225607511803111
8501157;Le Sentier-L'Orient;Transports Vallée de Joux-Yverdon-Ste-Croix;TRAIN;VD;Le Chenit;5872;Le Sentier;ch:1:sboid:100074;;2507512.444;1162327.766;1013;46.605791169039755, 6.231426553417619
8501156;Le Solliat-La Golisse;Transports Vallée de Joux-Yverdon-Ste-Croix;TRAIN;VD;Le Chenit;5872;Le Sentier;ch:1:sboid:100074;;2508109.042;1163276.443;1011.2;46.61440647573065, 6.239022951719967
8506061;Le Solliat, centre;Autotransports de la Vallée de Joux;BUS;VD;Le Chenit;5872;Le Solliat;ch:1:sboid:100533;;2507612;1163745;1051;46.618552258611565, 6.23244103104394
8505944;Le Sentier, Derrière-la-Côte;Autotransports de la Vallée de Joux;BUS;VD;Le Chenit;5872;Le Sentier;ch:1:sboid:100533;;2506253;1162103;1076;46.603593766126714, 6.215035879702328
8595466;Le Brassus, Marchairuz;Autotransports de la Vallée de Joux;BUS;VD;Le Chenit;5872;Le Brassus;ch:1:sboid:100533;;2505551.467;1159411.345;1054;46.5792848729429, 6.20643335461347
8595462;Le Brassus,ancienne imprimerie;Autotransports de la Vallée de Joux;BUS;VD;Le Chenit;5872;Le Brassus;ch:1:sboid:100533;;2506125;1159895;1021;46.58371599143408, 6.213815992361254
8595469;Le Sentier, temple;Autotransports de la Vallée de Joux;BUS;VD;Le Chenit;5872;Le Sentier;ch:1:sboid:100533;;2507545.088;1162625.136;1020;46.608470388193936, 6.231792795109571
8570023;Le Brassus, place de la Lande;PostAuto AG;BUS;VD;Le Chenit;5872;Le Brassus;ch:1:sboid:100602;;2505923;1159672;1035;46.58168178726493, 6.211226431522642
8501151;Les Charbonnières;Transports Vallée de Joux-Yverdon-Ste-Croix;TRAIN;VD;Le Lieu;5873;Les Charbonnières;ch:1:sboid:100074;;2514164.516;1168733.204;1024.6;46.6642945398443, 6.317044772809531
8501152;Le Séchey;Transports Vallée de Joux-Yverdon-Ste-Croix;TRAIN;VD;Le Lieu;5873;Le Séchey;ch:1:sboid:100074;;2513310.885;1168098.607;1045;46.65847612898224, 6.306011996084794
8511302;Le Lieu Roche Fendue (lac);Navigation Lac de Joux;BOAT;VD;Le Lieu;5873;Le Lieu;ch:1:sboid:101107;;2511653.955;1166605.639;1004.5;46.64483001040563, 6.284654006151518
8507216;Le Lieu, gare;Transports Vallée de Joux-Yverdon-Ste-Croix;BUS;VD;Le Lieu;5873;Le Lieu;ch:1:sboid:100694;;2511575;1166864;1049;46.64714338247465, 6.28357307847912
8501153;Le Lieu;Transports Vallée de Joux-Yverdon-Ste-Croix;TRAIN;VD;Le Lieu;5873;Le Lieu;ch:1:sboid:100074;;2511561.903;1166837.13;1050;46.64689995822125, 6.283407201199825
8501154;Les Esserts-de-Rive;Transports Vallée de Joux-Yverdon-Ste-Croix;TRAIN;VD;Le Lieu;5873;Le Lieu;ch:1:sboid:100074;;2509773.371;1165205.462;1036;46.63198425635682, 6.260368353724561
8510930;Le Lieu, place du village;Transports Vallée de Joux-Yverdon-Ste-Croix;BUS;VD;Le Lieu;5873;Le Lieu;ch:1:sboid:100694;;2511372.404;1166845.607;1035.8;46.64695104980641, 6.280930574092977
8507218;Le Séchey, bif. gare;Transports Vallée de Joux-Yverdon-Ste-Croix;BUS;VD;Le Lieu;5873;Le Séchey;ch:1:sboid:100694;;2512889.022;1168278.721;1038.7;46.660041172486316, 6.30046678408017
8507214;Les Esserts-de-Rive, gare;Transports Vallée de Joux-Yverdon-Ste-Croix;BUS;VD;Le Lieu;5873;Le Lieu;ch:1:sboid:100694;;2509690.318;1165028.053;1008.6;46.6303773127303, 6.259318803170047
8507220;Les Charbonnières, bif. gare;Transports Vallée de Joux-Yverdon-Ste-Croix;BUS;VD;Le Lieu;5873;Les Charbonnières;ch:1:sboid:100694;;2514086.368;1168889.401;1008.2;46.66568939420232, 6.31599452383085
8587853;Le Mont-sur-L., Petit-Mont;Transports Publics de la Région Lausannoise sa;BUS;VD;Le Mont-sur-Lausanne;5587;Le Mont-sur-Lausanne;ch:1:sboid:100122;;2538305;1156124;685;46.55354605146338, 6.6341489597470185
8579235;Le Mont-sur-L., Coppoz;Transports Publics de la Région Lausannoise sa;BUS;VD;Le Mont-sur-Lausanne;5587;Le Mont-sur-Lausanne;ch:1:sboid:100122;;2538450;1156789;702;46.55954118351062, 6.635950718460932
8592141;Le Mont-sur-L., Etavez;Transports Publics de la Région Lausannoise sa;BUS;VD;Le Mont-sur-Lausanne;5587;Le Mont-sur-Lausanne;ch:1:sboid:100122;;2538307;1157528;708;46.56617536543166, 6.633986928806465
8593249;Le Mont-sur-L., Rionzi;Transports Publics de la Région Lausannoise sa;BUS;VD;Le Mont-sur-Lausanne;5587;Le Mont-sur-Lausanne;ch:1:sboid:100122;;2538184.548;1155002.642;626;46.54344817362677, 6.632728873200291
8593845;Le Mont-sur-L., Coppoz-Poste;Transports Publics de la Région Lausannoise sa;BUS;VD;Le Mont-sur-Lausanne;5587;Le Mont-sur-Lausanne;ch:1:sboid:100122;;2538409;1156497;695;46.556910830173074, 6.635455120225
8592139;Le Mont-sur-L., Budron;Transports Publics de la Région Lausannoise sa;BUS;VD;Le Mont-sur-Lausanne;5587;Le Mont-sur-Lausanne;ch:1:sboid:100122;;2538283;1158564;699;46.57549207017127, 6.633535008522488
8592140;Le Mont-sur-L., Côtes;Transports Publics de la Région Lausannoise sa;BUS;VD;Le Mont-sur-Lausanne;5587;Le Mont-sur-Lausanne;ch:1:sboid:100122;;2538107;1155728;663;46.549965662347965, 6.631620473740334
8595005;Le Mont-sur-L., Maillefer;Transports Publics de la Région Lausannoise sa;BUS;VD;Le Mont-sur-Lausanne;5587;Le Mont-sur-Lausanne;ch:1:sboid:100122;;2537723;1154897;592;46.54245502339034, 6.626726212506945
8511584;Le Mont-sur-L., Planches;Transports Publics de la Région Lausannoise sa;BUS;VD;Le Mont-sur-Lausanne;5587;Le Mont-sur-Lausanne;ch:1:sboid:100122;;2539597.906;1157433.653;791;46.56544477039052, 6.650835244961732
8592143;Le Mont-sur-L., Martines;Transports Publics de la Région Lausannoise sa;BUS;VD;Le Mont-sur-Lausanne;5587;Le Mont-sur-Lausanne;ch:1:sboid:100122;;2538121;1155324;642;46.546332935789756, 6.631857273683911
8592142;Le Mont-sur-L., Fougères;Transports Publics de la Région Lausannoise sa;BUS;VD;Le Mont-sur-Lausanne;5587;Le Mont-sur-Lausanne;ch:1:sboid:100122;;2538314;1158063;713;46.570988391756025, 6.634006527775653
8511245;Le Mont-sur-L., Rionzi/collège;Transports Publics de la Région Lausannoise sa;BUS;VD;Le Mont-sur-Lausanne;5587;Le Mont-sur-Lausanne;ch:1:sboid:100122;;2537975.473;1155100.104;611.4;46.54430546185863, 6.629990163376046
8504177;Le Mont-sur-L., Grand-Mont;Transports Publics de la Région Lausannoise sa;BUS;VD;Le Mont-sur-Lausanne;5587;Le Mont-sur-Lausanne;ch:1:sboid:100122;;2538190;1157177;695;46.56300726025212, 6.63250814788452
8570016;Le Vaud, zoo;PostAuto AG;BUS;VD;Le Vaud;5731;Le Vaud;ch:1:sboid:100602;;2508020;1148282;795;46.479526167609755, 6.240853312580069
8501856;Le Vaud, place du Battoir;PostAuto AG;BUS;VD;Le Vaud;5731;Le Vaud;ch:1:sboid:100602;;2507750;1148071;814;46.47759112752006, 6.237379980010639
8579100;Les Clées-La Russille, croisée;Transports Vallée de Joux-Yverdon-Ste-Croix;BUS;VD;Les Clées;5750;Les Clées;ch:1:sboid:100694;;2526723;1176132.001;676;46.732344487899404, 6.479942624968056
8501483;Leysin-Grand-Hôtel;Transports Publics du Chablais;TRAIN;VD;Leysin;5407;Leysin;ch:1:sboid:100008;;2566726.438;1132776.9;1448;46.34554999783669, 7.0064299965984835
8531383;Les Fers (Solepraz);Télé-Leysin-Col des Mosses - La Lécherette SA;CHAIRLIFT;VD;Leysin;5407;Leysin;ch:1:sboid:100191;SBA.74.023.9;2568499;1135892;1700;46.37365764412708, 7.029242798751895
8531386;Lac d'Aï (Berneuse);Télé-Leysin-Col des Mosses - La Lécherette SA;CHAIRLIFT;VD;Leysin;5407;Leysin;ch:1:sboid:100191;SBA.74.092.1;2566497;1134829;1890;46.363998194776066, 7.003301397090915
8595100;Leysin, Maison de Commune;Office du tourisme de Leysin;BUS;VD;Leysin;5407;Leysin;ch:1:sboid:101195;;2566890;1132180;1261;46.34018869908775, 7.008597194805504
8595107;Leysin, Esplanade-Kumon;Office du tourisme de Leysin;BUS;VD;Leysin;5407;Leysin;ch:1:sboid:101195;;2566555;1132375;1383;46.341926169328154, 7.004232106104188
8531379;Mayen (Leysin);Télé-Leysin-Col des Mosses - La Lécherette SA;CHAIRLIFT;VD;Leysin;5407;Leysin;ch:1:sboid:100191;SBA.73.285.8;2567402;1135059;1844;46.366111850884195, 7.015044639959464
8501481;Leysin-Village;Transports Publics du Chablais;TRAIN;VD;Leysin;5407;Leysin;ch:1:sboid:100008;;2566693.318;1132077.844;1269.2;46.33926000110756, 7.006049999410673
8501480;Rennaz (Leysin);Transports Publics du Chablais;TRAIN;VD;Leysin;5407;Leysin;ch:1:sboid:100008;;2566287.095;1130757.218;917.1;46.327360001504246, 7.000869993674491
8501330;Leysin, place du Marché;Transports Publics du Chablais (Bus);BUS;VD;Leysin;5407;Leysin;ch:1:sboid:100617;;2567275;1132590;1290;46.34389577924916, 7.013568693294741
8510892;Leysin, Village Camps;Office du tourisme de Leysin;BUS;VD;Leysin;5407;Leysin;ch:1:sboid:101195;;2566990.95;1132658.83;1367.8;46.34450099424461, 7.009874260398891
8511181;Leysin, Miremont;Office du tourisme de Leysin;BUS;VD;Leysin;5407;Leysin;ch:1:sboid:101195;;2566896.29;1132380.4;1318.5;46.34199170621179, 7.008664583928074
8595101;Leysin, La Croisée;Office du tourisme de Leysin;BUS;VD;Leysin;5407;Leysin;ch:1:sboid:101195;;2567135;1132285;1245;46.34114529643926, 7.011771847460562
8595103;Leysin, Les Esserts-Fontaine;Office du tourisme de Leysin;BUS;VD;Leysin;5407;Leysin;ch:1:sboid:101195;;2568150;1133815;1351;46.35495746679588, 7.024849930336622
8595106;Leysin, American School;Office du tourisme de Leysin;BUS;VD;Leysin;5407;Leysin;ch:1:sboid:101195;;2566365;1132210;1358;46.340432396534986, 7.001776249970131
8595105;Leysin, Versmont (gare);Office du tourisme de Leysin;BUS;VD;Leysin;5407;Leysin;ch:1:sboid:101195;;2566775;1132335;1329;46.3415773031036, 7.007092453552123
8570629;Leysin, En Crettaz;Transports Publics du Chablais (Bus);BUS;VD;Leysin;5407;Leysin;ch:1:sboid:100617;;2568285;1132840;1231;46.34619326359194, 7.026670521569524
8501482;Leysin-Feydey;Transports Publics du Chablais;TRAIN;VD;Leysin;5407;Leysin;ch:1:sboid:100008;;2566874.338;1132652.69;1389;46.344440002325136, 7.008360006105951
8570631;Leysin, télécabine Berneuse;Transports Publics du Chablais (Bus);BUS;VD;Leysin;5407;Leysin;ch:1:sboid:100617;;2567564;1132874;1312;46.34646456411481, 7.0173026543058405
8595102;Leysin, Fabiola;Office du tourisme de Leysin;BUS;VD;Leysin;5407;Leysin;ch:1:sboid:101195;;2567895;1133700;1373;46.35391080158635, 7.021545017696086
8595104;Leysin, Les Alpes;Office du tourisme de Leysin;BUS;VD;Leysin;5407;Leysin;ch:1:sboid:101195;;2567895;1133445;1322;46.35161694951204, 7.021562681326722
8595110;Leysin, Central Résidence;Office du tourisme de Leysin;BUS;VD;Leysin;5407;Leysin;ch:1:sboid:101195;;2567188.585;1132741.047;1368;46.34525029080418, 7.01243555851032
8570630;Leysin, place de la Tour d'Aï;Transports Publics du Chablais (Bus);BUS;VD;Leysin;5407;Leysin;ch:1:sboid:100617;;2567332;1132415;1258;46.34232435169845, 7.014321397806101
8531375;Leysin Tresseleire;Télé-Leysin-Col des Mosses - La Lécherette SA;CHAIRLIFT;VD;Leysin;5407;Leysin;ch:1:sboid:100191;SBA.73.124.3;2567644;1133811;1461;46.3548972154689, 7.0182764196231995
8531378;Brion (télésiège Mayen aval);Télé-Leysin-Col des Mosses - La Lécherette SA;CHAIRLIFT;VD;Leysin;5407;Leysin;ch:1:sboid:100191;SBA.73.285.3;2568319;1135459;1578;46.369754092817765, 7.026933108060807
8531377;Chaux-de-Mont;Télé-Leysin-Col des Mosses - La Lécherette SA;CHAIRLIFT;VD;Leysin;5407;Leysin;ch:1:sboid:100191;SBA.74.020.9;2566122;1135740;2194;46.37217420435029, 6.9983620936309805
8531381;Les Fers (Brion);Télé-Leysin-Col des Mosses - La Lécherette SA;CHAIRLIFT;VD;Leysin;5407;Leysin;ch:1:sboid:100191;SBA.73.285.1;2568527;1135839;1693;46.37318220013545, 7.029610293304463
8510893;Leysin, Tobogganing Park;Office du tourisme de Leysin;BUS;VD;Leysin;5407;Leysin;ch:1:sboid:101195;;2567872.75;1132356.14;1240.7;46.34182104424266, 7.021349093990974
8501725;Versmont;Transports Publics du Chablais;TRAIN;VD;Leysin;5407;Leysin;ch:1:sboid:100008;;2566763.936;1132317.574;1327.7;46.341419998594446, 7.006949998138227
8501974;Leysin-Feydey, gare;Transports Publics du Chablais (Bus);BUS;VD;Leysin;5407;Leysin;ch:1:sboid:100617;;2566920;1132685;1391;46.34473290432311, 7.008950811683542
8530942;Berneuse (Aï);Télé-Leysin-Col des Mosses - La Lécherette SA;CHAIRLIFT;VD;Leysin;5407;Leysin;ch:1:sboid:100191;SBA.74.092.9;2566391;1134396;2031;46.36009783453766, 7.0019554573811345
8531374;Tête d'Aï;Télé-Leysin-Col des Mosses - La Lécherette SA;CHAIRLIFT;VD;Leysin;5407;Leysin;ch:1:sboid:100191;SBA.73.124.9;2566903;1134956;1906;46.36516082293461, 7.0085678218550935
8531373;Leysin (Tête d'Aï aval);Télé-Leysin-Col des Mosses - La Lécherette SA;;VD;Leysin;5407;Leysin;ch:1:sboid:100191;SBA.73.124.1, VP=85-1467;2567589;1133019;1329;46.3477701218079, 7.017617258037003
8531376;Lac d'Aï (Chaux-de-Mont);Télé-Leysin-Col des Mosses - La Lécherette SA;CHAIRLIFT;VD;Leysin;5407;Leysin;ch:1:sboid:100191;SBA.74.020.1;2566538;1134892;1895;46.36456696164853, 7.003829594236408
8531380;Brion (télésiège Le Fer aval);Télé-Leysin-Col des Mosses - La Lécherette SA;CHAIRLIFT;VD;Leysin;5407;Leysin;ch:1:sboid:100191;SBA.73.285.2;2568332;1135472;1580;46.36987164973006, 7.027101157222057
8531385;Les Ars;Télé-Leysin-Col des Mosses - La Lécherette SA;CHAIRLIFT;VD;Leysin;5407;Leysin;ch:1:sboid:100191;SBA.74.024.9;2568888;1136359;1652;46.37787674767219, 7.034266932278284
8595109;Leysin, Grand Hôtel (virage);Office du tourisme de Leysin;BUS;VD;Leysin;5407;Leysin;ch:1:sboid:101195;;2566625;1132640;1433;46.34431346648863, 7.005122230522644
8501199;La Roulaz;Transports Publics du Chablais;TRAIN;VD;Leysin;5407;Leysin;ch:1:sboid:100008;;2566336.531;1131197.162;1022.2;46.33131999730594, 7.00148000014369
8501486;Berneuse (Leysin);Télé-Leysin-Col des Mosses - La Lécherette SA;CABLE_CAR;VD;Leysin;5407;Leysin;ch:1:sboid:100191;SBA.72.018.9;2566462;1134333;2033;46.35953468020671, 7.00288251250253
8501467;Leysin (station aval);Télé-Leysin-Col des Mosses - La Lécherette SA;CABLE_CAR;VD;Leysin;5407;Leysin;ch:1:sboid:100191;SBA.72.018.1;2567574;1132994;1310;46.3475445080143, 7.017424157326553
8595098;Leysin, patinoire;Office du tourisme de Leysin;BUS;VD;Leysin;5407;Leysin;ch:1:sboid:101195;;2567740;1132325;1245;46.341534540978884, 7.019627032143599
8505236;Tête d'Aï (télésiège Mayen);Télé-Leysin-Col des Mosses - La Lécherette SA;;VD;Leysin;5407;Leysin;ch:1:sboid:100191;SBA.73.285.9;2566935;1134978;1909;46.365360305506385, 7.008982063392456
8557099;Leysin, Centres Sportifs;Transports Publics du Chablais (Bus);BUS;VD;Leysin;5407;Leysin;ch:1:sboid:100617;;2567612;1132258;1250;46.34092566285897, 7.017969188130215
8579099;Lignerolle, église;Transports Vallée de Joux-Yverdon-Ste-Croix;BUS;VD;Lignerolle;5755;Lignerolle;ch:1:sboid:100694;;2524922.47;1177001.154;761;46.73996162715999, 6.456245852280388
8579097;Lignerolle, Le Daillard;Transports Vallée de Joux-Yverdon-Ste-Croix;BUS;VD;Lignerolle;5755;Lignerolle;ch:1:sboid:100694;;2523485.987;1176508.053;798;46.735362712413156, 6.437533944830182
8579098;Lignerolle, CVE;Transports Vallée de Joux-Yverdon-Ste-Croix;BUS;VD;Lignerolle;5755;Lignerolle;ch:1:sboid:100694;;2523925.191;1176434.006;790;46.73474703143549, 6.4432921458081545
8501089;Villars-Bozon;Transports de la région Morges-Bière-Cossonay;TRAIN;VD;L'Isle;5486;Villars-Bozon;ch:1:sboid:100012;;2520614.123;1162659.214;662.9;46.610459995813315, 6.402360000521308
8595661;L'Isle, Les Tigneuses;Automobiles MBC;BUS;VD;L'Isle;5486;L'Isle;ch:1:sboid:100566;;2521451.968;1163772.861;663.5;46.62057618370623, 6.413105400636739
8595649;L'Isle, gare;Automobiles MBC;BUS;VD;L'Isle;5486;L'Isle;ch:1:sboid:100566;;2521314;1163403;662;46.61723310437351, 6.411367604019327
8510999;Villars-Bozon, gare;Automobiles MBC;BUS;VD;L'Isle;5486;Villars-Bozon;ch:1:sboid:100566;;2520609.135;1162669.979;663;46.61055622951166, 6.402293036270016
8570157;La Coudre (L'Isle),bas village;Automobiles MBC;BUS;VD;L'Isle;5486;La Coudre;ch:1:sboid:100566;;2520813.134;1165609.202;808.8;46.637018080246044, 6.404449147624716
8570156;La Coudre (L'Isle), village;Automobiles MBC;BUS;VD;L'Isle;5486;La Coudre;ch:1:sboid:100566;;2520689;1165858;836;46.639241204725664, 6.402785167314402
8501099;L'Isle;Transports de la région Morges-Bière-Cossonay;TRAIN;VD;L'Isle;5486;L'Isle;ch:1:sboid:100012;;2521299.685;1163407.289;662.6;46.617269994104504, 6.411180004126904
8501048;Lonay-Préverenges;Schweizerische Bundesbahnen SBB;TRAIN;VD;Lonay;5638;Lonay;ch:1:sboid:100001;;2529476.908;1152840.352;386.707;46.52313562904891, 6.519544736654456
8515337;Lonay B (bif);Schweizerische Bundesbahnen SBB;;VD;Lonay;5638;Lonay;ch:1:sboid:100001;(Zug);2529846.956;1153022.02;391.05;46.52480868959968, 6.524339327578446
8515640;Lausanne-Triage P1;Schweizerische Bundesbahnen SBB;;VD;Lonay;5638;Lonay;ch:1:sboid:100001;(Zug);2530137.689;1153121.378;392.112;46.52573288016737, 6.528113039230514
8517214;Lausanne-Triage SALT;Schweizerische Bundesbahnen SBB;;VD;Lonay;5638;Lonay;ch:1:sboid:100001;Güterverkehr;2530081;1152873;394;46.52349279197557, 6.5274119294891
8518429;Lausanne-Triage K;Schweizerische Bundesbahnen SBB;;VD;Lonay;5638;Lonay;ch:1:sboid:100001;(Zug);2530028.992;1152934.562;392;46.524041096495736, 6.526724848813009
8592249;Lonay, Carouge;Automobiles MBC;BUS;VD;Lonay;5638;Lonay;ch:1:sboid:100566;;2529959.458;1153227.007;395;46.52666435361372, 6.525774290260948
8592250;Lonay, église;Automobiles MBC;BUS;VD;Lonay;5638;Lonay;ch:1:sboid:100566;;2529572;1153213;410;46.52649762159604, 6.5207269992306225
8511344;Lonay-Préverenges, gare nord;Automobiles MBC;BUS;VD;Lonay;5638;Lonay;ch:1:sboid:100566;;2529438.719;1152899.155;387;46.523660527207774, 6.519038090747087
8595220;Lonay, collège sud;Automobiles MBC;BUS;VD;Lonay;5638;Lonay;ch:1:sboid:100566;;2529640.515;1153013.189;393.3;46.52470754682564, 6.521650386396888
8501150;Lausanne-Triage F;Schweizerische Bundesbahnen SBB;;VD;Lonay;5638;Lonay;ch:1:sboid:100001;(Zug);2530259.401;1153073.123;392.35;46.52531154388454, 6.529706487626105
8515336;Lonay A (bif);Schweizerische Bundesbahnen SBB;;VD;Lonay;5638;Lonay;ch:1:sboid:100001;(Zug);2529590.36;1152892.033;388;46.52361246493201, 6.521015278801605
8592254;Lonay, parc;Automobiles MBC;BUS;VD;Lonay;5638;Lonay;ch:1:sboid:100566;;2529262;1153429;440;46.528407782936604, 6.516653893770513
8592253;Lonay, Levant;Automobiles MBC;BUS;VD;Lonay;5638;Lonay;ch:1:sboid:100566;;2529166.366;1152805.93;385.6;46.52279315369077, 6.515503250130839
8592251;Lonay, Grassiaz;Automobiles MBC;BUS;VD;Lonay;5638;Lonay;ch:1:sboid:100566;;2528967;1152724;387;46.52203502651404, 6.5129178756353
8595219;Lonay, Pressoirs;Automobiles MBC;BUS;VD;Lonay;5638;Lonay;ch:1:sboid:100566;;2529507.313;1153105.179;408;46.52552094712969, 6.519900473349569
8515342;Lausanne-Triage sectionnement;Schweizerische Bundesbahnen SBB;;VD;Lonay;5638;Lonay;ch:1:sboid:100001;(Zug);2529608.62;1152608.89;389.515;46.52106752284738, 6.521296451535183
8518430;Lausanne-Triage Ouest;Schweizerische Bundesbahnen SBB;;VD;Lonay;5638;Lonay;ch:1:sboid:100001;(Zug);2529787.25;1152950.23;391.96;46.524156667348116, 6.523572184242272
8592255;Lonay, Vozy;Automobiles MBC;BUS;VD;Lonay;5638;Lonay;ch:1:sboid:100566;;2530254;1153378;397;46.52805334606262, 6.529589985647305
8595218;Lonay-Préverenges, gare sud;Automobiles MBC;BUS;VD;Lonay;5638;Lonay;ch:1:sboid:100566;;2529592;1152847;382;46.52320756676826, 6.521043526008309
8501853;Longirod, village;PostAuto AG;BUS;VD;Longirod;5429;Longirod;ch:1:sboid:100602;;2509401;1149893;888;46.4942049657791, 6.258518319048788
8504263;Lovatens, Prassy;PostAuto AG;BUS;VD;Lovatens;5674;Lovatens;ch:1:sboid:100602;;2556427;1172092;707;46.69861201053696, 6.868930680323019
8504694;Lovatens, village;PostAuto AG;BUS;VD;Lovatens;5674;Lovatens;ch:1:sboid:100602;;2556050;1171345;712;46.69186777417588, 6.8640733660457744
8577647;Brenles, La Gaîté;PostAuto AG;BUS;VD;Lucens;5675;Brenles;ch:1:sboid:100602;;2555147;1169586;754;46.67598490527234, 6.852440981064616
8583110;Lucens, gare;PostAuto AG;BUS;VD;Lucens;5675;Lucens;ch:1:sboid:100602;;2554382;1173141;493;46.70791096578047, 6.842089302888878
8570362;Oulens-sur-Lucens, village;PostAuto AG;BUS;VD;Lucens;5675;Oulens-sur-Lucens;ch:1:sboid:100602;;2551780;1172747;636;46.704183412583575, 6.808105830868072
8570361;Oulens-sur-Lucens, La Crausaz;PostAuto AG;BUS;VD;Lucens;5675;Oulens-sur-Lucens;ch:1:sboid:100602;;2551781;1172310;608;46.700252587999955, 6.8081649251144665
8504696;Brenles, village;PostAuto AG;BUS;VD;Lucens;5675;Brenles;ch:1:sboid:100602;;2555194;1169130;767;46.67188623483331, 6.8530997932277815
8510108;Lucens, chemin de la Forêt;PostAuto AG;BUS;VD;Lucens;5675;Lucens;ch:1:sboid:100602;;2553880;1172743;502;46.704296270560405, 6.835564993980835
8504121;Lucens;Schweizerische Bundesbahnen SBB;TRAIN;VD;Lucens;5675;Lucens;ch:1:sboid:100001;;2554386.541;1173125.447;493.16;46.707771374509534, 6.8421502331077
8504695;Sarzens, village;PostAuto AG;BUS;VD;Lucens;5675;Sarzens;ch:1:sboid:100602;;2554882;1170126;721;46.680824433196044, 6.848924586442271
8557079;Lucens, Pré au Loup;PostAuto AG;BUS;VD;Lucens;5675;Lucens;ch:1:sboid:100602;;2554141;1172770;492;46.70455717763884, 6.838975029267161
8570380;Cremin, village;PostAuto AG;BUS;VD;Lucens;5675;Cremin;ch:1:sboid:100602;;2554330;1175066;637;46.72522316724517, 6.841217208262103
8591864;Lucens, centre;PostAuto AG;BUS;VD;Lucens;5675;Lucens;ch:1:sboid:100602;;2554109;1173139;500;46.7078742047958, 6.838519616912551
8583314;Forel (Lavaux)-sur-Lucens, Dessous;PostAuto AG;BUS;VD;Lucens;5675;Forel (Lavaux)-sur-Lucens;ch:1:sboid:100602;;2552842;1175117;675;46.72557810615411, 6.821747892682556
8504698;Chesalles-sur-Moudon;PostAuto AG;BUS;VD;Lucens;5675;Chesalles-sur-Moudon;ch:1:sboid:100602;;2553791.036;1169576.294;701;46.67580487464043, 6.834721176408275
8500733;Luins, village;PostAuto AG;BUS;VD;Luins;5858;Luins;ch:1:sboid:100602;;2510406;1144122;446;46.44243242406186, 6.27272596598211
8501277;Lully VD, village;Automobiles MBC;BUS;VD;Lully (VD);5639;Lully VD;ch:1:sboid:100566;;2525424.257;1150842.453;423.7;46.50472463953865, 6.467056615565475
8583402;Lussery-Villars, rue Villars;PostAuto AG;BUS;VD;Lussery-Villars;5487;Lussery-Villars;ch:1:sboid:100602;;2530415;1165308;482;46.635380058242525, 6.529884156541107
8583403;Lussery-Villars,pl. de Lussery;PostAuto AG;BUS;VD;Lussery-Villars;5487;Lussery-Villars;ch:1:sboid:100602;;2530043;1164778;492;46.630573818544626, 6.525107143654977
8511640;Lussery-Villars, chapelle;Automobiles MBC;BUS;VD;Lussery-Villars;5487;Lussery-Villars;ch:1:sboid:100566;;2530170.646;1165034.904;495.4;46.632898028814076, 6.526734798736501
8504654;Lussy-sur-Morges, village;Automobiles MBC;BUS;VD;Lussy-sur-Morges;5640;Lussy-sur-Morges;ch:1:sboid:100566;;2524054;1150810;459;46.50427842671238, 6.449211920139097
8595221;Lussy-sur-Morges, Riettaz;Automobiles MBC;BUS;VD;Lussy-sur-Morges;5640;Lussy-sur-Morges;ch:1:sboid:100566;;2524288;1150792;450;46.504143066666174, 6.452263115025502
8501318;Lutry (lac);CGN SA;BOAT;VD;Lutry;5606;Lutry;ch:1:sboid:100143;;2542072.218;1150274.08;373;46.501262500404174, 6.684004709713133
8504010;La Conversion;Schweizerische Bundesbahnen SBB;TRAIN;VD;Lutry;5606;La Conversion;ch:1:sboid:100001;;2541648.895;1151592.434;501.042;46.51308449748618, 6.678323596771186
8504836;Lutry, Les Hugonnet;Transports Publics de la Région Lausannoise sa;BUS;VD;Lutry;5606;La Croix (Lutry);ch:1:sboid:100122;;2543574.602;1152617.432;726;46.52246998783159, 6.70328869169736
8579260;Lutry, Croix/Lutry;Transports Publics de la Région Lausannoise sa;BUS;VD;Lutry;5606;La Croix (Lutry);ch:1:sboid:100122;;2543535;1152022;639;46.51711061015259, 6.702845534057115
8509475;Lutry, Crêt-de-Foux;Transports Publics de la Région Lausannoise sa;BUS;VD;Lutry;5606;La Croix (Lutry);ch:1:sboid:100122;;2542639.5;1152475.2;707.7;46.52111093448688, 6.691120613836574
8588451;Lutry, Sapelle;Transports Publics de la Région Lausannoise sa;BUS;VD;Lutry;5606;La Croix (Lutry);ch:1:sboid:100122;;2543634;1151444;639;46.51191974255915, 6.704206169666001
8588452;Lutry, Jordillon;Transports Publics de la Région Lausannoise sa;BUS;VD;Lutry;5606;La Croix (Lutry);ch:1:sboid:100122;;2543937;1151128;638;46.50910275236407, 6.708192358563779
8579259;Lutry, Landar;Transports Publics de la Région Lausannoise sa;BUS;VD;Lutry;5606;La Croix (Lutry);ch:1:sboid:100122;;2542551.733;1152101.855;632;46.51774508102995, 6.690023422109177
8591976;La Conversion, gare;Transports Publics de la Région Lausannoise sa;BUS;VD;Lutry;5606;La Conversion;ch:1:sboid:100122;;2541641;1151557;510;46.51276507274039, 6.678225214604862
8592156;Lutry, port;Transports Publics de la Région Lausannoise sa;BUS;VD;Lutry;5606;Lutry;ch:1:sboid:100122;;2542078;1150336;374;46.5018199814442, 6.684072255384483
8592160;Lutry, Rive;Transports Publics de la Région Lausannoise sa;BUS;VD;Lutry;5606;Lutry;ch:1:sboid:100122;;2542522;1150282;378;46.501372581093655, 6.689862756119478
8593863;Lutry, Péraulaz;Transports Publics de la Région Lausannoise sa;BUS;VD;Lutry;5606;La Conversion;ch:1:sboid:100122;arrêt taxibus TL 10.954;2541888;1152073;580;46.51742811670202, 6.681378393326584
8588438;Lutry, Echerins;Transports Publics de la Région Lausannoise sa;BUS;VD;Lutry;5606;La Croix (Lutry);ch:1:sboid:100122;;2543380;1152174;639;46.51846476059874, 6.700807187250174
8593857;Lutry, Bouttettes;Transports Publics de la Région Lausannoise sa;BUS;VD;Lutry;5606;Lutry;ch:1:sboid:100122;arrêt taxibus TL 10.954;2543726;1151109;602;46.50891410382262, 6.705445706313886
8592158;Lutry, Orzens;Transports Publics de la Région Lausannoise sa;BUS;VD;Lutry;5606;Lutry;ch:1:sboid:100122;;2542037;1150911;420;46.50698865853239, 6.683465929798948
8592145;Lutry, avenue William;Transports Publics de la Région Lausannoise sa;BUS;VD;Lutry;5606;Lutry;ch:1:sboid:100122;;2541911;1151183;454;46.50942440569307, 6.681790182385393
8592163;Lutry, Taillepied;Transports Publics de la Région Lausannoise sa;BUS;VD;Lutry;5606;Lutry;ch:1:sboid:100122;Bedienung abklären;2542157;1150626;393;46.504435429565405, 6.685064993274074
8592162;Lutry, Savuit-place;Transports Publics de la Région Lausannoise sa;BUS;VD;Lutry;5606;Lutry;ch:1:sboid:100122;;2542825;1150935;464;46.50727244056566, 6.6937288362932215
8592155;Lutry, Corniche;Transports Publics de la Région Lausannoise sa;BUS;VD;Lutry;5606;Lutry;ch:1:sboid:100122;;2542845;1150204;380;46.50069866176528, 6.6940799504994635
8592154;Lutry, Les Champs;Transports Publics de la Région Lausannoise sa;BUS;VD;Lutry;5606;Lutry;ch:1:sboid:100122;;2542304;1150660;402;46.50475397561992, 6.686975731357493
8592153;Lutry, Gravesse;Transports Publics de la Région Lausannoise sa;BUS;VD;Lutry;5606;Lutry;ch:1:sboid:100122;;2542980;1151383;492;46.511315535632114, 6.695692772478087
8592159;Lutry, Ponfilet;Transports Publics de la Région Lausannoise sa;BUS;VD;Lutry;5606;La Conversion;ch:1:sboid:100122;;2542512;1151588;541;46.51311944210813, 6.689569741645611
8592157;Lutry, Marionnettes;Transports Publics de la Région Lausannoise sa;BUS;VD;Lutry;5606;La Conversion;ch:1:sboid:100122;;2542172;1151540;533;46.51265832891642, 6.685145821762788
8592149;Lutry, Corsy-Dessous;Transports Publics de la Région Lausannoise sa;BUS;VD;Lutry;5606;La Conversion;ch:1:sboid:100122;;2541788;1151646;530;46.51357846864982, 6.680129264757765
8593858;Lutry, Culturaz;Transports Publics de la Région Lausannoise sa;BUS;VD;Lutry;5606;Lutry;ch:1:sboid:100122;arrêt taxibus TL 10.954;2542382;1150570;390;46.50395113914983, 6.688003094292254
8593856;Lutry, Bossières;Transports Publics de la Région Lausannoise sa;BUS;VD;Lutry;5606;Lutry;ch:1:sboid:100122;arrêt taxibus TL 10.954;2543076;1151210;567;46.50976755291357, 6.696964888807992
8593861;Lutry, gare;Transports Publics de la Région Lausannoise sa;BUS;VD;Lutry;5606;Lutry;ch:1:sboid:100122;arrêt taxibus TL 10.950, 10.954;2542553;1150550;402;46.50378595916846, 6.690233206905465
8519693;Taillepied (diag);Schweizerische Bundesbahnen SBB;;VD;Lutry;5606;Lutry;ch:1:sboid:100001;(Zug);2541916.001;1150784.513;407.011;46.50584037398157, 6.681905507835376
8504003;Bossière;Schweizerische Bundesbahnen SBB;TRAIN;VD;Lutry;5606;Lutry;ch:1:sboid:100001;;2543256.866;1151206.173;524.17;46.50974851437563, 6.699321762374976
8509297;Lutry, Bras-de-Fer;Transports Publics de la Région Lausannoise sa;BUS;VD;Lutry;5606;Lutry;ch:1:sboid:100122;;2543322;1151474;567.4;46.512163201358106, 6.700137446166292
8504827;Lutry, Echerins/Collège;Transports Publics de la Région Lausannoise sa;BUS;VD;Lutry;5606;La Croix (Lutry);ch:1:sboid:100122;;2543373.603;1152800.432;733;46.52409909877204, 6.700646895261609
8509478;Lutry, Poses-Franches;Transports Publics de la Région Lausannoise sa;BUS;VD;Lutry;5606;La Croix (Lutry);ch:1:sboid:100122;;2542625.8;1152247.9;669;46.51906515143691, 6.690970369824829
8509476;Lutry, Coullènes;Transports Publics de la Région Lausannoise sa;BUS;VD;Lutry;5606;La Croix (Lutry);ch:1:sboid:100122;;2542906.6;1152502.5;705;46.52137938700991, 6.694597858488084
8509477;Lutry, Crêt-Ministre;Transports Publics de la Région Lausannoise sa;BUS;VD;Lutry;5606;La Croix (Lutry);ch:1:sboid:100122;;2542840.6;1152329.8;680.1;46.51982027275672, 6.693759206285002
8592152;Lutry, Corsy-Dessus;Transports Publics de la Région Lausannoise sa;BUS;VD;Lutry;5606;La Conversion;ch:1:sboid:100122;;2542263;1151785;572;46.51487002034751, 6.686300801027735
8592147;Lutry, Brûlées;Transports Publics de la Région Lausannoise sa;BUS;VD;Lutry;5606;La Conversion;ch:1:sboid:100122;;2542587;1151735;568;46.51444818491392, 6.690528635214106
8592146;Lutry, Brélaz;Transports Publics de la Région Lausannoise sa;BUS;VD;Lutry;5606;Lutry;ch:1:sboid:100122;;2543124;1151589;558;46.51318082157308, 6.697543518916792
8592151;Lutry, Colline;Transports Publics de la Région Lausannoise sa;BUS;VD;Lutry;5606;La Conversion;ch:1:sboid:100122;;2541723;1151319;482;46.510631378063955, 6.679323674105725
8593859;Lutry, Fénix;Transports Publics de la Région Lausannoise sa;BUS;VD;Lutry;5606;Lutry;ch:1:sboid:100122;arrêt taxibus TL 10.954;2541782;1150897;427;46.50684055537378, 6.680145621271185
8593862;Lutry, Mourat;Transports Publics de la Région Lausannoise sa;BUS;VD;Lutry;5606;Lutry;ch:1:sboid:100122;arrêt taxibus TL 10.954;2542307;1151202;458;46.50962962738446, 6.686947029951744
8593860;Lutry, Flon-de-Vaux;Transports Publics de la Région Lausannoise sa;BUS;VD;Lutry;5606;Lutry;ch:1:sboid:100122;arrêt taxibus TL 10.954;2542682;1151341;483;46.51091223679332, 6.691815407488561
8592161;Lutry, Savoie;Transports Publics de la Région Lausannoise sa;BUS;VD;Lutry;5606;La Croix (Lutry);ch:1:sboid:100122;;2543401;1151913;611;46.51611879285049, 6.701112863296209
8592150;Lutry, Grand-Pont;Transports Publics de la Région Lausannoise sa;BUS;VD;Lutry;5606;Lutry;ch:1:sboid:100122;;2541843;1150593;376;46.50411133196771, 6.6809786331976495
8592164;Lutry, Voisinand;Transports Publics de la Région Lausannoise sa;BUS;VD;Lutry;5606;Lutry;ch:1:sboid:100122;;2542253;1150541;387;46.50367914221162, 6.68632623776471
8501122;Lutry;Schweizerische Bundesbahnen SBB;TRAIN;VD;Lutry;5606;Lutry;ch:1:sboid:100001;;2542581.879;1150549.814;402.06;46.50378676835819, 6.690609436558635
8580690;Maracon, La Crosettaz;PostAuto AG;BUS;VD;Maracon;5790;Maracon;ch:1:sboid:100602;;2556480;1155170;811;46.54639696627225, 6.871227477474988
8570444;La Rogivue;PostAuto AG;BUS;VD;Maracon;5790;Maracon;ch:1:sboid:100602;;2558260;1157164;839;46.56444742756977, 6.894253459275097
8570443;Maracon, bif.;PostAuto AG;BUS;VD;Maracon;5790;Maracon;ch:1:sboid:100602;;2556634;1155526;824;46.54960933585907, 6.87320172361187
8570445;La Rougève, village;PostAuto AG;BUS;VD;Maracon;5790;Maracon;ch:1:sboid:100602;;2558529;1157228;829;46.565039907528806, 6.897755958531367
8501854;Marchissy, village;PostAuto AG;BUS;VD;Marchissy;5430;Marchissy;ch:1:sboid:100602;;2508509;1149366;825;46.48934336162551, 6.2470055144336305
8583484;Marchissy, Les Raisses;PostAuto AG;BUS;VD;Marchissy;5430;Marchissy;ch:1:sboid:100602;;2508875;1148148;750;46.4784379362879, 6.252012067461973
8511685;Mathod, collège;PostAuto AG;BUS;VD;Mathod;5919;Mathod;ch:1:sboid:100602;;2533222.306;1179806.5;443.4;46.766080010419984, 6.564430006439808
8507686;Mathod, Bras d'Or;PostAuto AG;BUS;VD;Mathod;5919;Mathod;ch:1:sboid:100602;;2533339;1179946;444;46.76734650024686, 6.56593721029729
8570242;Mathod, Moulin de Mathod;PostAuto AG;BUS;VD;Mathod;5919;Mathod;ch:1:sboid:100602;;2532649;1180008;448;46.76783466266667, 6.556895634810342
8570269;Mauborget, village;PostAuto AG;BUS;VD;Mauborget;5562;Mauborget;ch:1:sboid:100602;;2537073;1189685;1185;46.85531129549442, 6.613474137134418
8504277;Mauborget, bif. La Magnenaz;Transports Vallée de Joux-Yverdon-Ste-Croix;BUS;VD;Mauborget;5562;Mauborget;ch:1:sboid:100694;;2536403;1189869;1206;46.85690249971942, 6.604663414226233
8581510;Mauborget, anc. poste;PostAuto AG;BUS;VD;Mauborget;5562;Mauborget;ch:1:sboid:100602;;2537313;1189735;1174;46.85578373953384, 6.616614136955792
8502505;Mauborget, Les Pièces;PostAuto AG;BUS;VD;Mauborget;5562;Mauborget;ch:1:sboid:100602;;2537123;1189363;1091;46.85241970268098, 6.614174187196906
8588853;Mex VD, village;Transports Publics de la Région Lausannoise sa;BUS;VD;Mex (VD);5489;Mex VD;ch:1:sboid:100122;;2532198.561;1158917.434;491;46.57808081806161, 6.554117302588821
8588854;Mex VD, En Verney;Transports Publics de la Région Lausannoise sa;BUS;VD;Mex (VD);5489;Mex VD;ch:1:sboid:100122;arrêt taxibus TL 10.953;2532079;1158147;481;46.57113860694461, 6.552671361362223
8588851;Mex VD, Trésy;Transports Publics de la Région Lausannoise sa;BUS;VD;Mex (VD);5489;Mex VD;ch:1:sboid:100122;;2532806.001;1158614.733;545;46.57541945288238, 6.562085352251016
8588850;Mex VD, Les Esserts;Transports Publics de la Région Lausannoise sa;BUS;VD;Mex (VD);5489;Mex VD;ch:1:sboid:100122;;2533130;1158729;560;46.57647982712673, 6.566295005245749
8511404;Mies, village;Transports Publics de la Région Nyonnaise;BUS;VD;Mies;5723;Mies;ch:1:sboid:100540;;2502387.418;1129250.478;409;46.30754972193196, 6.1715248227394195
8501014;Mies;Schweizerische Bundesbahnen SBB;TRAIN;VD;Mies;5723;Mies;ch:1:sboid:100001;;2502072.965;1128248.186;396;46.29848883327675, 6.16765465076935
8596097;Mies, gare;Transports Publics de la Région Nyonnaise;BUS;VD;Mies;5723;Mies;ch:1:sboid:100540;;2502195;1128343;389;46.299359434276106, 6.169218319112478
8577643;Missy, nord;Service d'automobiles TPF;BUS;VD;Missy;5821;Missy;ch:1:sboid:100633;;2564452.311;1192416.861;453.3;46.881915862887745, 6.97227298128203
8504973;Missy, village;Service d'automobiles TPF;BUS;VD;Missy;5821;Missy;ch:1:sboid:100633;;2564086.985;1192015.702;440.2;46.878287704678094, 6.967511969517746
8570147;Moiry VD, collège;Automobiles MBC;BUS;VD;Moiry;5490;Moiry VD;ch:1:sboid:100566;;2524588.846;1166855.282;624.2;46.64866407579452, 6.453550371265279
8570114;Mollens VD, village;Automobiles MBC;BUS;VD;Mollens (VD);5431;Mollens VD;ch:1:sboid:100566;;2517592.064;1158963.144;738.8;46.57684843362987, 6.363577939640305
8570115;Mollens VD, Forchy;Automobiles MBC;BUS;VD;Mollens (VD);5431;Mollens VD;ch:1:sboid:100566;;2517263.09;1158473.615;727.3;46.572404556208454, 6.359374802856828
8570116;Mollens VD, Les Chaux;Automobiles MBC;BUS;VD;Mollens (VD);5431;Mollens VD;ch:1:sboid:100566;;2516667.362;1157725.416;722.7;46.565600629852845, 6.351740213943199
8570113;Mollens VD, Champou;Automobiles MBC;BUS;VD;Mollens (VD);5431;Mollens VD;ch:1:sboid:100566;;2517674.654;1159307.142;745;46.57995279300869, 6.364593723786886
8507689;Molondin, village;PostAuto AG;BUS;VD;Molondin;5921;Molondin;ch:1:sboid:100602;;2547364;1178938;615;46.75953752925112, 6.74965213732528
8594010;Montagny-p.-Yv., Chamard poste;Transports Vallée de Joux-Yverdon-Ste-Croix;BUS;VD;Montagny-près-Yverdon;5922;Montagny-près-Yverdon;ch:1:sboid:100694;;2537538;1182474.001;435;46.79049328376218, 6.62055895477363
8594012;Montagny-p.-Yv., La Brinaz;Transports Vallée de Joux-Yverdon-Ste-Croix;BUS;VD;Montagny-près-Yverdon;5922;Montagny-près-Yverdon;ch:1:sboid:100694;;2537390;1182762;439;46.793069881114455, 6.618581216501683
8504291;La Brinaz;Transports Vallée de Joux-Yverdon-Ste-Croix;TRAIN;VD;Montagny-près-Yverdon;5922;Montagny-près-Yverdon;ch:1:sboid:100074;;2537516.418;1182914.003;440.7;46.79444902594504, 6.620216088373736
8510928;La Brinaz, gare;Transports Vallée de Joux-Yverdon-Ste-Croix;BUS;VD;Montagny-près-Yverdon;5922;Montagny-près-Yverdon;ch:1:sboid:100694;;2537451.143;1182908.38;440;46.79439231170155, 6.619361941720133
8594014;Montagny-près-Yverdon, village;Transports Vallée de Joux-Yverdon-Ste-Croix;BUS;VD;Montagny-près-Yverdon;5922;Montagny-près-Yverdon;ch:1:sboid:100694;;2536900;1182617;449;46.791719287697276, 6.612183804641587
8594011;Montagny-p.-Yv., Clos Lucens;Transports Vallée de Joux-Yverdon-Ste-Croix;BUS;VD;Montagny-près-Yverdon;5922;Montagny-près-Yverdon;ch:1:sboid:100694;;2536929;1182482.001;448;46.790507738986, 6.612582253218155
8594013;Montagny-près-Yverdon, Chamard;Transports Vallée de Joux-Yverdon-Ste-Croix;BUS;VD;Montagny-près-Yverdon;5922;Montagny-près-Yverdon;ch:1:sboid:100694;;2537661.735;1182384.476;434;46.78969963254438, 6.622191634842208
8581514;Thierrens, Le Planchy;PostAuto AG;BUS;VD;Montanaire;5693;Thierrens;ch:1:sboid:100602;;2548626;1172122;794;46.69832547299769, 6.766935794230407
8507960;St-Cierges, Grande Salle;PostAuto AG;BUS;VD;Montanaire;5693;St-Cierges;ch:1:sboid:100602;;2546164;1171210;759;46.68992737156078, 6.7348546843110775
8507963;Thierrens, poste;PostAuto AG;BUS;VD;Montanaire;5693;Thierrens;ch:1:sboid:100602;;2547654;1172711;773;46.703547886856065, 6.754160476995668
8507663;Chapelle-sur-Moudon, La Combe;PostAuto AG;BUS;VD;Montanaire;5693;Chapelle-sur-Moudon;ch:1:sboid:100602;;2544661;1168609;726;46.66640785380947, 6.7155215085198385
8507665;Correvon, village;PostAuto AG;BUS;VD;Montanaire;5693;Correvon;ch:1:sboid:100602;;2546372;1174073;750;46.71569718057566, 6.7372383951678545
8507661;Chapelle-sur-Moudon, poste;PostAuto AG;BUS;VD;Montanaire;5693;Chapelle-sur-Moudon;ch:1:sboid:100602;;2546305;1168786;764;46.668134541616574, 6.73698180010349
8570355;Thierrens, La Croix;PostAuto AG;BUS;VD;Montanaire;5693;Thierrens;ch:1:sboid:100602;;2548025;1172459;806;46.70131018357902, 6.759040029959399
8570221;Peyres-Possens, café;PostAuto AG;BUS;VD;Montanaire;5693;Peyres-Possens;ch:1:sboid:100602;;2543997;1168276;704;46.66335698820065, 6.706886170571943
8570369;Denezy, Aux Clos;PostAuto AG;BUS;VD;Montanaire;5693;Denezy;ch:1:sboid:100602;(Bus) ohne Fahrplandaten 2016/2018;2550104;1174444;735;46.719324661922734, 6.786006261073802
8570372;Thierrens, Fontana-Bion;PostAuto AG;BUS;VD;Montanaire;5693;Thierrens;ch:1:sboid:100602;;2548099;1173152;769;46.70754958916214, 6.759929017672002
8570351;St-Cierges, La Tondiaz;PostAuto AG;BUS;VD;Montanaire;5693;St-Cierges;ch:1:sboid:100602;;2546169;1170754;758;46.68582599697962, 6.734973615697634
8570352;Thierrens, La Rapaz;PostAuto AG;BUS;VD;Montanaire;5693;Thierrens;ch:1:sboid:100602;;2547171;1172272;767;46.699560866714116, 6.74789573603735
8570371;Thierrens, Carron;PostAuto AG;BUS;VD;Montanaire;5693;Thierrens;ch:1:sboid:100602;;2548388;1173475;769;46.710477492077935, 6.763671660872184
8570354;Neyruz-sur-Moudon,Les Rutannes;PostAuto AG;BUS;VD;Montanaire;5693;Neyruz-sur-Moudon;ch:1:sboid:100602;;2549569;1171466;775;46.692496752068145, 6.779336901484758
8570370;Denezy, collège;PostAuto AG;BUS;VD;Montanaire;5693;Denezy;ch:1:sboid:100602;;2549932;1174655;745;46.721209718378795, 6.78373355260418
8507660;Chanéaz, village;PostAuto AG;BUS;VD;Montanaire;5693;Chanéaz;ch:1:sboid:100602;;2546773;1175564;757;46.72914107478785, 6.742309355366514
8570353;Thierrens, Prouty;PostAuto AG;BUS;VD;Montanaire;5693;Thierrens;ch:1:sboid:100602;;2547427;1172488;769;46.701524082396624, 6.751217977821892
8581512;St-Cierges, Transformateur;PostAuto AG;BUS;VD;Montanaire;5693;St-Cierges;ch:1:sboid:100602;;2546236;1171425;763;46.69186714158667, 6.735770638916095
8581437;Neyruz-sur-Moudon, collège;PostAuto AG;BUS;VD;Montanaire;5693;Neyruz-sur-Moudon;ch:1:sboid:100602;;2550203;1171938;766;46.69679019979813, 6.787573681295717
8581943;Thierrens, gare routière;PostAuto AG;BUS;VD;Montanaire;5693;Thierrens;ch:1:sboid:100602;;2547890;1172946;771;46.70568026121194, 6.757219513787899
8583400;Peyres-Possens, Les Tuilières;PostAuto AG;BUS;VD;Montanaire;5693;Peyres-Possens;ch:1:sboid:100602;;2543483;1167684;645;46.65798847328304, 6.700243435458656
8570317;Thierrens, En Tombaz;PostAuto AG;BUS;VD;Montanaire;5693;Thierrens;ch:1:sboid:100602;;2547510;1173138;747;46.707377468114935, 6.752228680946169
8570350;Chapelle-sur-Moudon, Mulles;PostAuto AG;BUS;VD;Montanaire;5693;Chapelle-sur-Moudon;ch:1:sboid:100602;;2546422;1169347;779;46.673190240370914, 6.738445052011839
8577281;Montcherand, Usine électrique;Transports Vallée de Joux-Yverdon-Ste-Croix;BUS;VD;Montcherand;5756;Montcherand;ch:1:sboid:100694;;2529336.206;1175925.492;525;46.73076956270652, 6.514160238694934
8511517;Montcherand, Pique-Raisinets;Transports Vallée de Joux-Yverdon-Ste-Croix;BUS;VD;Montcherand;5756;Montcherand;ch:1:sboid:100694;;2528624.446;1176358.335;585;46.734586953202374, 6.50478182713602
8579103;Montcherand, poste;Transports Vallée de Joux-Yverdon-Ste-Croix;BUS;VD;Montcherand;5756;Montcherand;ch:1:sboid:100694;;2529040.433;1176115.867;556;46.732450479287586, 6.5102615502951275
8579115;Montcherand, haut du village;Transports Vallée de Joux-Yverdon-Ste-Croix;BUS;VD;Montcherand;5756;Montcherand;ch:1:sboid:100694;;2528949.482;1176263.43;564;46.73376808408273, 6.509048824639152
8570220;Naz, laiterie;PostAuto AG;BUS;VD;Montilliez;5540;Naz;ch:1:sboid:100602;;2543174;1167750;671;46.65855586788386, 6.696198418403419
8510736;Sugnens, gare;Transports Publics de la Région Lausannoise sa;BUS;VD;Montilliez;5540;Sugnens;ch:1:sboid:100122;;2540897.123;1167408.937;648;46.65528990228944, 6.666496544769761
8570215;Dommartin, village;PostAuto AG;BUS;VD;Montilliez;5540;Dommartin;ch:1:sboid:100602;;2543621;1166712;731;46.649256905999444, 6.702165735839432
8570206;Poliez-le-Grand, Der. Le Chêne;PostAuto AG;BUS;VD;Montilliez;5540;Poliez-le-Grand;ch:1:sboid:100602;;2540405;1165365;681;46.6368606860366, 6.6603330875132905
8570208;Poliez-le-Grand, La Sauvenière;PostAuto AG;BUS;VD;Montilliez;5540;Poliez-le-Grand;ch:1:sboid:100602;;2541034;1165066;695;46.63422709089631, 6.668585632854332
8570209;Poliez-le-Grand, Bois-la-Croix;PostAuto AG;BUS;VD;Montilliez;5540;Poliez-le-Grand;ch:1:sboid:100602;;2541502;1165417;695;46.637425607466234, 6.674652258132674
8501175;Sugnens;Lausanne-Echallens-Bercher;TRAIN;VD;Montilliez;5540;Sugnens;ch:1:sboid:100036;;2540840.264;1167360.593;646.9;46.65484999444614, 6.665760002449598
8570207;Poliez-le-Grand, village;PostAuto AG;BUS;VD;Montilliez;5540;Poliez-le-Grand;ch:1:sboid:100602;;2540748;1165414;695;46.63733202346862, 6.664806018231965
8583231;Sugnens, village;PostAuto AG;BUS;VD;Montilliez;5540;Sugnens;ch:1:sboid:100602;;2541288;1167376;674;46.655028182580274, 6.671606991234861
8570155;Mont-la-Ville, Le Battoir;Automobiles MBC;BUS;VD;Mont-la-Ville;5491;Mont-la-Ville;ch:1:sboid:100566;;2521046.721;1166444.36;832;46.644557819903966, 6.407355872627406
8570154;Mont-la-Ville, poste;PostAuto AG;BUS;VD;Mont-la-Ville;5491;Mont-la-Ville;ch:1:sboid:100602;;2521162;1166604;835;46.64600738696102, 6.408834055834131
8570158;Mollendruz, col;Automobiles MBC;BUS;VD;Mont-la-Ville;5491;Mont-la-Ville;ch:1:sboid:100566;;2518000;1167000;1174;46.64918786228319, 6.36746545120767
8580863;Mollendruz, Fontaine froide;Automobiles MBC;BUS;VD;Mont-la-Ville;5491;Mont-la-Ville;ch:1:sboid:100566;;2517250;1167100;1165;46.64999465542929, 6.357651354639219
8592144;Montpreveyres, Riau-Graubon;PostAuto AG;BUS;VD;Montpreveyres;5792;Montpreveyres;ch:1:sboid:100602;;2545233;1158452;858;46.57509120426365, 6.724206394540725
8570417;Montpreveyres, village;PostAuto AG;BUS;VD;Montpreveyres;5792;Montpreveyres;ch:1:sboid:100602;;2546518;1159242;787;46.582301657177865, 6.7408764173624665
8579240;Montpreveyres, Balances;PostAuto AG;BUS;VD;Montpreveyres;5792;Montpreveyres;ch:1:sboid:100602;;2546132;1158503;836;46.57562314331065, 6.7359271974696
8501230;Glion-Alpes;Montreux-Vevey-Riviera (mtgn);RACK_RAILWAY;VD;Montreux;5886;Glion;ch:1:sboid:100104;;2560580;1142625;707.1;46.433804295247526, 6.925753436561475
8501380;Montreux-Collège;Montreux-Oberland Bernois;TRAIN;VD;Montreux;5886;Montreux;ch:1:sboid:100045;;2559579.226;1142886.85;424.5;46.43609999704321, 6.912709999633896
8501301;Territet;Schweizerische Bundesbahnen SBB;TRAIN;VD;Montreux;5886;Territet;ch:1:sboid:100001;;2560340.414;1141801.408;386.186;46.42638156553879, 6.922706951005673
8501313;Territet (lac);CGN SA;BOAT;VD;Montreux;5886;Territet;ch:1:sboid:100143;;2560310;1141726;373;46.42570143393569, 6.9223177765125214
8501312;Clarens (lac);CGN SA;BOAT;VD;Montreux;5886;Clarens;ch:1:sboid:100143;;2558298;1143307;373;46.43980073867935, 6.896002060453133
8501365;Crêt-d'y-Bau;Montreux-Vevey-Riviera (mtgn);RACK_RAILWAY;VD;Montreux;5886;Caux;ch:1:sboid:100104;;2562857.19;1142760.104;1283.6;46.43514999895173, 6.9553700014107545
8501371;Caux;Montreux-Vevey-Riviera (mtgn);RACK_RAILWAY;VD;Montreux;5886;Caux;ch:1:sboid:100104;;2561559.317;1142322.478;1050;46.43113999744287, 6.938519995594227
8579207;Fontanivent, gare;Transports publics Vevey-Montreux-Chillon-Villeneuve;BUS;VD;Montreux;5886;Brent;ch:1:sboid:100675;;2558779;1144739;556;46.45271199072105, 6.90213305067759
8579198;Clarens, gare;Transports publics Vevey-Montreux-Chillon-Villeneuve;BUS;VD;Montreux;5886;Clarens;ch:1:sboid:100675;;2558332;1143667;397;46.44304120421018, 6.896412011200161
8510436;Collonge (funi), rue du Temple;Montreux-Vevey-Riviera (mtgn);BUS;VD;Montreux;5886;Montreux;ch:1:sboid:100104;;2560249;1142172;465;46.42970977117033, 6.921485915204929
8530027;Collonge TMF;Territet-Mont-Fleuri;;VD;Montreux;5886;Territet;ch:1:sboid:100123;SBA.61.047.2 hors service;2560547;1141748;435;46.42591335736925, 6.9253989238846
8530028;Le Clos TMF;Territet-Mont-Fleuri;;VD;Montreux;5886;Territet;ch:1:sboid:100123;SBA.61.047.3 hors service;2560593;1141765;449;46.42606899193368, 6.925995870464522
8579204;Chailly-Montreux, village;Transports publics Vevey-Montreux-Chillon-Villeneuve;BUS;VD;Montreux;5886;Chailly-Montreux;ch:1:sboid:100675;;2558031.685;1144807.316;477;46.45328001996437, 6.892400548672566
8579197;Clarens, Jaman;Transports publics Vevey-Montreux-Chillon-Villeneuve;BUS;VD;Montreux;5886;Clarens;ch:1:sboid:100675;;2558149.982;1143509.046;388;46.44160897694656, 6.894057772866966
8511806;Glion, ch. Halte-du-Tremblex;Montreux-Vevey-Riviera (mtgn);BUS;VD;Montreux;5886;Glion;ch:1:sboid:100104;;2560932.5;1142647.4;806.2;46.43402648199935, 6.930337741747243
8511808;Les Echets, gare;Montreux-Vevey-Riviera (mtgn);BUS;VD;Montreux;5886;Caux;ch:1:sboid:100104;;2562015.4;1142422.4;1103.3;46.432064905397155, 6.944445364668735
8511909;Châtelard VD, gare;Montreux-Oberland Bernois;BUS;VD;Montreux;5886;Montreux;ch:1:sboid:100045;;2558713;1144085;500.5;46.44682492117528, 6.9013324979309445
8570580;Fontanivent, Chantey;PostAuto AG;BUS;VD;Montreux;5886;Brent;ch:1:sboid:100602;(Bus) ohne Fahrplandaten 2016 [beibehalten];2558828.953;1144802.224;562.6;46.45328379437304, 6.902777559453162
8593932;Montreux, Le Pont;Transports publics Vevey-Montreux-Chillon-Villeneuve;BUS;VD;Montreux;5886;Montreux;ch:1:sboid:100675;;2559878;1142623;429;46.433744549829186, 6.9166202556915755
8593922;Montreux, Belmont;Transports publics Vevey-Montreux-Chillon-Villeneuve;BUS;VD;Montreux;5886;Montreux;ch:1:sboid:100675;;2559299.28;1143307.843;428;46.43987002225045, 6.909030548998135
8593921;Montreux, Ballallaz;Transports publics Vevey-Montreux-Chillon-Villeneuve;BUS;VD;Montreux;5886;Montreux;ch:1:sboid:100675;;2559594;1143040;462;46.43747853838401, 6.912888837888884
8593943;Montreux, Vernex;Transports publics Vevey-Montreux-Chillon-Villeneuve;BUS;VD;Montreux;5886;Montreux;ch:1:sboid:100675;;2558908;1143324;382;46.439991427990094, 6.903937809233015
8593945;Montreux, Vuarennes;Transports publics Vevey-Montreux-Chillon-Villeneuve;BUS;VD;Montreux;5886;Montreux;ch:1:sboid:100675;;2559477.613;1143212.987;445;46.439027589072595, 6.911359325168773
8593931;Montreux, La Paix;Transports publics Vevey-Montreux-Chillon-Villeneuve;BUS;VD;Montreux;5886;Montreux;ch:1:sboid:100675;;2559454.709;1142375.561;384;46.43149319912578, 6.911134746383527
8593930;Montreux, La Corsaz;Transports publics Vevey-Montreux-Chillon-Villeneuve;BUS;VD;Montreux;5886;Montreux;ch:1:sboid:100675;;2559789;1142529;408;46.43289363401012, 6.9154705004488575
8593929;Montreux, gare;Transports publics Vevey-Montreux-Chillon-Villeneuve;BUS;VD;Montreux;5886;Montreux;ch:1:sboid:100675;;2559368.635;1142880.49;386;46.43603002243987, 6.909970554901128
8595970;Chailly-Montreux, P+R;Transports publics Vevey-Montreux-Chillon-Villeneuve;BUS;VD;Montreux;5886;Chailly-Montreux;ch:1:sboid:100675;;2558172;1144800;482;46.45322300417731, 6.894227428627418
8593915;Clarens, Basset;Transports publics Vevey-Montreux-Chillon-Villeneuve;BUS;VD;Montreux;5886;Clarens;ch:1:sboid:100675;;2557493;1143627;375;46.44262857479709, 6.885498069286712
8593918;Clarens, rue du Port;Transports publics Vevey-Montreux-Chillon-Villeneuve;BUS;VD;Montreux;5886;Clarens;ch:1:sboid:100675;;2558493.623;1143386.237;375;46.4405256755544, 6.898540366074779
8593917;Clarens, dépôt VMCV;Transports publics Vevey-Montreux-Chillon-Villeneuve;BUS;VD;Montreux;5886;Clarens;ch:1:sboid:100675;;2557820;1143486;384;46.441380932354, 6.889766045067187
8593919;Clarens, St-Georges;Transports publics Vevey-Montreux-Chillon-Villeneuve;BUS;VD;Montreux;5886;Clarens;ch:1:sboid:100675;;2557073;1143679;382;46.443069502349445, 6.8800279675949065
8501203;Clarens;Schweizerische Bundesbahnen SBB;TRAIN;VD;Montreux;5886;Clarens;ch:1:sboid:100001;;2558283.195;1143633.665;399.61;46.44273829900727, 6.8957799366107455
8501377;Les Avants;Montreux-Oberland Bernois;TRAIN;VD;Montreux;5886;Les Avants;ch:1:sboid:100045;;2561955.949;1144819.633;970.5;46.45362569370287, 6.943474544650809
8501376;Chamby;Montreux-Oberland Bernois;TRAIN;VD;Montreux;5886;Chamby;ch:1:sboid:100045;;2559650.881;1144356.223;749.2;46.44932194836268, 6.913514023979204
8501381;Vuarennes;Montreux-Oberland Bernois;TRAIN;VD;Montreux;5886;Montreux;ch:1:sboid:100045;;2559447.763;1143223.462;441.4;46.439120002303056, 6.910970001834298
8501385;Sendy-Sollard;Montreux-Oberland Bernois;TRAIN;VD;Montreux;5886;Chamby;ch:1:sboid:100045;;2560926.212;1144101.597;871.8;46.44710724423319, 6.930132994498066
8501363;Le Tremblex;Montreux-Vevey-Riviera (mtgn);RACK_RAILWAY;VD;Montreux;5886;Glion;ch:1:sboid:100104;;2561119.347;1142870.027;812.4;46.43603999980244, 6.932749998484651
8501362;Valmont;Montreux-Vevey-Riviera (mtgn);RACK_RAILWAY;VD;Montreux;5886;Glion;ch:1:sboid:100104;;2560848.779;1142039.137;638.7;46.42854999651572, 6.929299994815231
8501353;Montreux MVR-mtgn;Montreux-Vevey-Riviera (mtgn);;VD;Montreux;5886;Montreux;ch:1:sboid:100104;(Zahnradbahn);2559574.435;1142860.202;396;46.43585999748219, 6.912649994139185
8579202;Clarens, Baugy;Transports publics Vevey-Montreux-Chillon-Villeneuve;BUS;VD;Montreux;5886;Clarens;ch:1:sboid:100675;;2557992.764;1144227.157;446;46.44805881670735, 6.891946731858254
8579199;Clarens, Oche-Thorens;Transports publics Vevey-Montreux-Chillon-Villeneuve;BUS;VD;Montreux;5886;Clarens;ch:1:sboid:100675;;2558320;1143841;412;46.44460565662879, 6.896240167335804
8579196;Clarens, Gambetta;Transports publics Vevey-Montreux-Chillon-Villeneuve;BUS;VD;Montreux;5886;Clarens;ch:1:sboid:100675;;2558280;1143358;380;46.44025838144426, 6.895763243300747
8593935;Montreux, Marché;Transports publics Vevey-Montreux-Chillon-Villeneuve;BUS;VD;Montreux;5886;Montreux;ch:1:sboid:100675;;2559389;1142473;377;46.43236571708514, 6.910271319033308
8593923;Montreux, Bon-Port;Transports publics Vevey-Montreux-Chillon-Villeneuve;BUS;VD;Montreux;5886;Montreux;ch:1:sboid:100675;;2559838;1142241;387;46.43030589728183, 6.916133020171726
8593933;Montreux, Les Planches;Transports publics Vevey-Montreux-Chillon-Villeneuve;BUS;VD;Montreux;5886;Montreux;ch:1:sboid:100675;;2559895;1142521;435;46.43282803658796, 6.916850281775572
8594160;Clarens, centre;Transports publics Vevey-Montreux-Chillon-Villeneuve;BUS;VD;Montreux;5886;Clarens;ch:1:sboid:100675;;2557996;1143391;380;46.440537448928, 6.892064837103383
8593948;Territet, L'Eaudine;Transports publics Vevey-Montreux-Chillon-Villeneuve;BUS;VD;Montreux;5886;Territet;ch:1:sboid:100675;;2560556;1141455;399;46.42327822720974, 6.925540992027569
8593941;Montreux, rue Industrielle;Transports publics Vevey-Montreux-Chillon-Villeneuve;BUS;VD;Montreux;5886;Montreux;ch:1:sboid:100675;;2559629;1142527;407;46.43286600241243, 6.913389034405074
8593925;Montreux, Centre des Congrès;Transports publics Vevey-Montreux-Chillon-Villeneuve;BUS;VD;Montreux;5886;Montreux;ch:1:sboid:100675;;2559153;1143105;380;46.4380364448533, 6.907145089839827
8593947;Territet, gare;Transports publics Vevey-Montreux-Chillon-Villeneuve;BUS;VD;Montreux;5886;Territet;ch:1:sboid:100675;;2560364;1141805;386;46.42641527547136, 6.92301346637149
8593924;Montreux, casino;Transports publics Vevey-Montreux-Chillon-Villeneuve;BUS;VD;Montreux;5886;Montreux;ch:1:sboid:100675;;2559558.76;1142241.332;383;46.43029205794685, 6.912500185557888
8593928;Montreux, Escaliers de la Gare;Transports publics Vevey-Montreux-Chillon-Villeneuve;BUS;VD;Montreux;5886;Montreux;ch:1:sboid:100675;;2559308.984;1142881.034;376;46.436031292554894, 6.90919438532998
8583689;Chamby, Sous Chaulin;PostAuto AG;BUS;VD;Montreux;5886;Chamby;ch:1:sboid:100602;;2559199;1144711;641;46.45248588696504, 6.907601826037095
8586314;Chernex, école;PostAuto AG;BUS;VD;Montreux;5886;Chernex;ch:1:sboid:100602;ohne Fahrplandaten, von PAG benötigt;2559683;1143538;740;46.44196362959236, 6.914003410145531
8570578;Chamby, Chaulin;PostAuto AG;BUS;VD;Montreux;5886;Chamby;ch:1:sboid:100602;;2559268;1144845;679;46.45369548026164, 6.908488043640638
8570571;Villard-sur-Chamby, P.-Forand;PostAuto AG;BUS;VD;Montreux;5886;Villard-sur-Chamby;ch:1:sboid:100602;bis 2018: Villard-sur-Chamby, poste;2560784;1147089;995;46.473971876183775, 6.928028617704469
8510437;Glion, funi;Montreux-Vevey-Riviera (mtgn);BUS;VD;Montreux;5886;Glion;ch:1:sboid:100104;;2560452;1142437;690;46.43210559626946, 6.92410417673766
8530672;Territet TMF;Territet-Mont-Fleuri;;VD;Montreux;5886;Territet;ch:1:sboid:100123;SBA.61.047.1 hors service;2560433;1141763;393;46.42604155353299, 6.923914661106011
8501390;Belmont-sur-Montreux;Montreux-Oberland Bernois;TRAIN;VD;Montreux;5886;Montreux;ch:1:sboid:100045;;2559077.248;1143550.581;462;46.44203999795778, 6.906119994693679
8501361;Toveyre;Montreux-Vevey-Riviera (mtgn);RACK_RAILWAY;VD;Montreux;5886;Territet;ch:1:sboid:100104;;2560784.51;1141967.297;576.7;46.42789999874341, 6.9284699975418675
8501360;Montreux-Les Planches;Montreux-Vevey-Riviera (mtgn);RACK_RAILWAY;VD;Montreux;5886;Montreux;ch:1:sboid:100104;;2559949.75;1142550.869;451.2;46.43310000238087, 6.91756000509384
8501367;Jaman;Montreux-Vevey-Riviera (mtgn);RACK_RAILWAY;VD;Montreux;5886;Caux;ch:1:sboid:100104;;2564507.51;1143438.262;1737.7;46.44133999970815, 6.976790003045374
8501366;Paccot;Montreux-Vevey-Riviera (mtgn);RACK_RAILWAY;VD;Montreux;5886;Caux;ch:1:sboid:100104;;2563421.541;1143046.791;1423.7;46.4377599951408, 6.962689997349655
8570576;Chamby, Brison;PostAuto AG;BUS;VD;Montreux;5886;Chamby;ch:1:sboid:100602;;2560094;1145124;924;46.45625502636235, 6.9192145426980805
8570575;Villard-sur-Chamby, Saumont;PostAuto AG;BUS;VD;Montreux;5886;Villard-sur-Chamby;ch:1:sboid:100602;;2560654;1145522;978;46.4598684063333, 6.926469530294691
8592618;Collonge (funi);Montreux-Vevey-Riviera (mtgn);CABLE_RAILWAY;VD;Montreux;5886;Territet;ch:1:sboid:100104;SBA.61.046.2;2560404;1142012;461;46.42827969874438, 6.923516089469708
8593914;Chailly-Montreux, Poneyre;Transports publics Vevey-Montreux-Chillon-Villeneuve;BUS;VD;Montreux;5886;Chailly-Montreux;ch:1:sboid:100675;;2557736.135;1144641.786;443;46.45177238949659, 6.8885690664536
8511807;Caux, gare;Montreux-Vevey-Riviera (mtgn);BUS;VD;Montreux;5886;Caux;ch:1:sboid:100104;;2561519;1142333.3;1049;46.431235027011276, 6.93799457630588
8511809;Haut-de-Caux, gare;Montreux-Vevey-Riviera (mtgn);BUS;VD;Montreux;5886;Caux;ch:1:sboid:100104;;2562165.6;1142649.5;1154.5;46.434116286933836, 6.946380893474322
8511910;Sonzier, gare;Montreux-Oberland Bernois;BUS;VD;Montreux;5886;Chernex;ch:1:sboid:100045;;2560314;1143188;662.8;46.4388529850953, 6.922244313394401
8593939;Montreux, rue du Centre;Transports publics Vevey-Montreux-Chillon-Villeneuve;BUS;VD;Montreux;5886;Montreux;ch:1:sboid:100675;;2559383.955;1143145.488;420;46.438414723670135, 6.910146599555091
8593942;Montreux, Théâtre Mtx Riviera;Transports publics Vevey-Montreux-Chillon-Villeneuve;BUS;VD;Montreux;5886;Montreux;ch:1:sboid:100675;;2559785.998;1142654.238;429;46.43402002204693, 6.915420550057938
8595873;Chernex, village;Transports publics Vevey-Montreux-Chillon-Villeneuve;BUS;VD;Montreux;5886;Chernex;ch:1:sboid:100675;;2559435;1143744;576;46.44380168409783, 6.910758246932221
8579205;Chailly-Montreux, Bonnettes;Transports publics Vevey-Montreux-Chillon-Villeneuve;BUS;VD;Montreux;5886;Chailly-Montreux;ch:1:sboid:100675;;2558416.189;1144966.95;501;46.45474002174971, 6.897390550175702
8579208;Brent, village;Transports publics Vevey-Montreux-Chillon-Villeneuve;BUS;VD;Montreux;5886;Brent;ch:1:sboid:100675;bis 2018: Brent;2558693.736;1145382.282;566;46.458493312399135, 6.900965817412897
8579200;Clarens, Tavel;Transports publics Vevey-Montreux-Chillon-Villeneuve;BUS;VD;Montreux;5886;Clarens;ch:1:sboid:100675;;2558266;1144013;424;46.44614949743459, 6.895521930467439
8579201;Clarens, Pertuiset;Transports publics Vevey-Montreux-Chillon-Villeneuve;BUS;VD;Montreux;5886;Clarens;ch:1:sboid:100675;;2558055.554;1144043.426;430;46.446410021569015, 6.892780548153855
8579206;Chailly-Montreux, Combe;Transports publics Vevey-Montreux-Chillon-Villeneuve;BUS;VD;Montreux;5886;Brent;ch:1:sboid:100675;;2558678.737;1144906.999;541;46.45421702005807, 6.9008131037913145
8579203;Chailly-Montreux, Saussaz;Transports publics Vevey-Montreux-Chillon-Villeneuve;BUS;VD;Montreux;5886;Chailly-Montreux;ch:1:sboid:100675;;2557906.933;1144489.22;455;46.450410775526315, 6.890805871518425
8510920;Chernex, Sottex;Transports publics Vevey-Montreux-Chillon-Villeneuve;BUS;VD;Montreux;5886;Chernex;ch:1:sboid:100675;;2559736.692;1143446.603;544;46.44114470752844, 6.914710041168736
8511335;Clarens, gare/Mayor-Vautier;SBB Infrastruktur AG Bahnersatz;BUS;VD;Montreux;5886;Clarens;ch:1:sboid:1100021;;2558254.67;1143573.005;392;46.44219085557397, 6.8954142288552935
8530030;Sur Cotterd TMF;Territet-Mont-Fleuri;;VD;Montreux;5886;Territet;ch:1:sboid:100123;SBA.61.047.5 hors service;2560754;1141781;531;46.42622238686635, 6.9280889023794385
8530029;Cotterd-Le Flon TMF;Territet-Mont-Fleuri;;VD;Montreux;5886;Territet;ch:1:sboid:100123;SBA.61.047.4 hors service;2560710;1141791;508;46.426309757482514, 6.927515671298539
8530673;Territet (funi);Montreux-Vevey-Riviera (mtgn);CABLE_RAILWAY;VD;Montreux;5886;Territet;ch:1:sboid:100104;SBA.61.046.1;2560397;1141851;393;46.42683102027271, 6.923438814269342
8501359;Mont-Fleuri TMF;Territet-Mont-Fleuri;;VD;Montreux;5886;Territet;ch:1:sboid:100123;SBA.61.047.9 hors service;2560825;1141749;575;46.42593869607886, 6.929015228913976
8519440;Tunnel des Crêtes (diag);Schweizerische Bundesbahnen SBB;;VD;Montreux;5886;Clarens;ch:1:sboid:100001;;2557752.838;1143759.553;402.187;46.44383741224059, 6.888867106397062
8519695;Vernex (diag);Schweizerische Bundesbahnen SBB;;VD;Montreux;5886;Montreux;ch:1:sboid:100001;(Zug);2559003.038;1143352.32;399.231;46.44025201040649, 6.905171925693265
8530031;Glion (funi);Montreux-Vevey-Riviera (mtgn);CABLE_RAILWAY;VD;Montreux;5886;Glion;ch:1:sboid:100104;SBA.61.046.9;2560426;1142411;686;46.43187017687859, 6.923768140263069
8587595;Chaulin-Cornaux;Montreux-Vevey-Riviera (cev);TRAIN;VD;Montreux;5886;Chamby;ch:1:sboid:100023;Bedarfshalt;2559350;1145200;710;46.45689384345093, 6.909524055394371
8570572;Villard-sur-Chamby, D'Zetiau;PostAuto AG;BUS;VD;Montreux;5886;Villard-sur-Chamby;ch:1:sboid:100602;;2560962;1146481;988;46.468513082097424, 6.930397615920934
8570573;Villard-sur-Chamby, anc. poste;PostAuto AG;BUS;VD;Montreux;5886;Villard-sur-Chamby;ch:1:sboid:100602;;2560953;1146253;972;46.46646159928465, 6.930299728270953
8570577;Chamby, gare;PostAuto AG;BUS;VD;Montreux;5886;Chamby;ch:1:sboid:100602;bis 2018: Chamby, poste;2559698;1144325;756;46.449043928033625, 6.914129960932306
8511801;Montreux-Les Planches, gare;Montreux-Vevey-Riviera (mtgn);BUS;VD;Montreux;5886;Montreux;ch:1:sboid:100104;;2559926;1142518.1;439;46.43280380843191, 6.917253850671095
8511802;Toveyre, gare;Montreux-Vevey-Riviera (mtgn);BUS;VD;Montreux;5886;Territet;ch:1:sboid:100104;;2560769;1141982.75;580;46.42803809540542, 6.928266915744847
8511804;Glion-Alpes, gare;Montreux-Vevey-Riviera (mtgn);BUS;VD;Montreux;5886;Glion;ch:1:sboid:100104;;2560597.1;1142646.2;707;46.433996006266256, 6.9259741089363445
8511805;Glion, chemin de Maulever;Montreux-Vevey-Riviera (mtgn);BUS;VD;Montreux;5886;Glion;ch:1:sboid:100104;;2560703;1142593;733;46.4335236817132, 6.927356446723585
8511911;Sendy-Sollard, gare;Montreux-Oberland Bernois;BUS;VD;Montreux;5886;Chamby;ch:1:sboid:100045;;2560927;1144082;870.4;46.44693100610921, 6.930144900589622
8593934;Montreux, Le Taux;Transports publics Vevey-Montreux-Chillon-Villeneuve;BUS;VD;Montreux;5886;Montreux;ch:1:sboid:100675;;2559595;1143293;477;46.43975443968228, 6.9128797339664
8593936;Montreux, midi;Transports publics Vevey-Montreux-Chillon-Villeneuve;BUS;VD;Montreux;5886;Montreux;ch:1:sboid:100675;;2559956;1142403;427;46.43177023247589, 6.917654126882193
8593926;Montreux, débarcadère;Transports publics Vevey-Montreux-Chillon-Villeneuve;BUS;VD;Montreux;5886;Montreux;ch:1:sboid:100675;;2559370.531;1142691.354;375;46.43432877791155, 6.910011852272958
8593940;Montreux, rue du Marché;Transports publics Vevey-Montreux-Chillon-Villeneuve;BUS;VD;Montreux;5886;Montreux;ch:1:sboid:100675;;2559446.458;1142585.539;391;46.433381537602976, 6.911008982216778
8501189;Colondalles;Montreux-Oberland Bernois;;VD;Montreux;5886;Montreux;ch:1:sboid:100045;(Zug);2558952.832;1143674.825;472;46.443149997012405, 6.904490004616869
8501077;Montreux (lac);CGN SA;BOAT;VD;Montreux;5886;Montreux;ch:1:sboid:100143;;2559332;1142715;373;46.43453914379847, 6.909508454860454
8501383;Planchamp;Montreux-Oberland Bernois;TRAIN;VD;Montreux;5886;Clarens;ch:1:sboid:100045;;2558690.777;1144569.297;527.3;46.45117999711551, 6.901000001365848
8501384;Sonzier;Montreux-Oberland Bernois;TRAIN;VD;Montreux;5886;Chernex;ch:1:sboid:100045;;2560255.225;1143239.639;657.8;46.43931400661956, 6.921475114436649
8501386;Jor;Montreux-Oberland Bernois;TRAIN;VD;Montreux;5886;Les Avants;ch:1:sboid:100045;;2563619.669;1144925.428;1080.6;46.45467000154823, 6.965120006203416
8501300;Montreux;Schweizerische Bundesbahnen SBB;TRAIN;VD;Montreux;5886;Montreux;ch:1:sboid:100001;;2559404.614;1142864.052;395.389;46.435884341120214, 6.910440121305958
8501370;Glion;Montreux-Vevey-Riviera (mtgn);RACK_RAILWAY;VD;Montreux;5886;Glion;ch:1:sboid:100104;;2560458.056;1142403.516;688.2;46.431804747972016, 6.924185823742445
8501375;Chernex;Montreux-Oberland Bernois;TRAIN;VD;Montreux;5886;Chernex;ch:1:sboid:100045;;2559384.472;1143979.829;600.5;46.44591999611401, 6.910080006379773
8501374;Fontanivent;Montreux-Oberland Bernois;TRAIN;VD;Montreux;5886;Brent;ch:1:sboid:100045;;2558794.145;1144740.898;555.9;46.452729997755924, 6.902329993577603
8501352;Montreux MOB;Montreux-Oberland Bernois;;VD;Montreux;5886;Montreux;ch:1:sboid:100045;(Zug);2559426.406;1142905.666;395.3;46.43625999910439, 6.910720003966976
8501357;Haut-de-Caux;Montreux-Vevey-Riviera (mtgn);RACK_RAILWAY;VD;Montreux;5886;Caux;ch:1:sboid:100104;;2562286.374;1142676.946;1174.5;46.43436999948614, 6.947949994598162
8501382;Châtelard VD;Montreux-Oberland Bernois;TRAIN;VD;Montreux;5886;Montreux;ch:1:sboid:100045;;2558698.174;1144080.108;501.6;46.44677999986221, 6.901139995745103
8501306;Chamby-Musée;Montreux-Vevey-Riviera (cev);TRAIN;VD;Montreux;5886;Chamby;ch:1:sboid:100023;;2559569;1144857;725;46.45382169941115, 6.912404583011384
8501308;Glion-Collège;Montreux-Vevey-Riviera (mtgn);RACK_RAILWAY;VD;Montreux;5886;Glion;ch:1:sboid:100104;;2560810;1142732;748.5;46.4347803266588, 6.928736778260191
8501364;Les Echets;Montreux-Vevey-Riviera (mtgn);RACK_RAILWAY;VD;Montreux;5886;Caux;ch:1:sboid:100104;;2562049.656;1142434.978;1102.7;46.432179995320055, 6.94489000573515
8501368;La Perche;Montreux-Vevey-Riviera (mtgn);RACK_RAILWAY;VD;Montreux;5886;Caux;ch:1:sboid:100104;;2564374.384;1142889.883;1794.9;46.43639999441905, 6.97509999688305
8501351;Sonloup;Montreux-Vevey-Riviera (las);CABLE_RAILWAY;VD;Montreux;5886;Les Avants;ch:1:sboid:100099;SBA.61.001.9;2561608;1145215;1154;46.4571622934867, 6.938913038352184
8586315;Chamby, rte de Joli-Bois;PostAuto AG;BUS;VD;Montreux;5886;Chamby;ch:1:sboid:100602;;2559317;1144978;701;46.454894854194805, 6.9091140781846985
8511803;Glion, gare;Montreux-Vevey-Riviera (mtgn);BUS;VD;Montreux;5886;Glion;ch:1:sboid:100104;;2560423;1142520.3;692;46.432853199572556, 6.923719753644897
8511912;Les Avants, gare;Montreux-Oberland Bernois;BUS;VD;Montreux;5886;Les Avants;ch:1:sboid:100045;;2561970;1144826;970.9;46.45368376553144, 6.943656899654821
8501350;Les Avants (funi);Montreux-Vevey-Riviera (las);CABLE_RAILWAY;VD;Montreux;5886;Les Avants;ch:1:sboid:100099;SBA.61.001.1;2561962;1144894;970;46.45429500006899, 6.943547177825629
8593938;Montreux, rue de la Gare;Transports publics Vevey-Montreux-Chillon-Villeneuve;BUS;VD;Montreux;5886;Montreux;ch:1:sboid:100675;;2559514;1142896;409;46.436178358899895, 6.911860541351709
8593920;Montreux, av. Nestlé;Transports publics Vevey-Montreux-Chillon-Villeneuve;BUS;VD;Montreux;5886;Montreux;ch:1:sboid:100675;;2559581;1142359;390;46.43135187226315, 6.912779229358017
8593927;Montreux, Doyen-Bridel;Transports publics Vevey-Montreux-Chillon-Villeneuve;BUS;VD;Montreux;5886;Montreux;ch:1:sboid:100675;;2559846.21;1142375;414;46.4315117732283, 6.9162281940367265
8593946;Territet, av. Riviera;Transports publics Vevey-Montreux-Chillon-Villeneuve;BUS;VD;Montreux;5886;Territet;ch:1:sboid:100675;;2560289;1141965;391;46.42785009439202, 6.922024072842922
8593944;Montreux, Vernex-Dessus;Transports publics Vevey-Montreux-Chillon-Villeneuve;BUS;VD;Montreux;5886;Montreux;ch:1:sboid:100675;;2559403.954;1142989.195;396;46.43701001451204, 6.910420544292805
8595971;Chailly-Montreux, Rottaz;Transports publics Vevey-Montreux-Chillon-Villeneuve;BUS;VD;Montreux;5886;Chailly-Montreux;ch:1:sboid:100675;;2558602;1144658;511;46.451972424696415, 6.89983665388196
8593913;Chailly-Montreux, bourg;Transports publics Vevey-Montreux-Chillon-Villeneuve;BUS;VD;Montreux;5886;Chailly-Montreux;ch:1:sboid:100675;;2557963;1144954;482;46.45459518531301, 6.891493258409514
8570579;Chernex, gare;PostAuto AG;BUS;VD;Montreux;5886;Chernex;ch:1:sboid:100602;;2559391;1143971;603;46.44584097216341, 6.91016573356949
8570574;Villard-sur-Chamby, La Cranche;PostAuto AG;BUS;VD;Montreux;5886;Villard-sur-Chamby;ch:1:sboid:100602;;2561047;1145595;982;46.460548094370736, 6.931578956562385
8507533;Montricher,Fondation Michalski;Automobiles MBC;BUS;VD;Montricher;5492;Montricher;ch:1:sboid:100566;;2518662.387;1162369.013;781.3;46.60761460410715, 6.376937071716184
8570111;Montricher, gare;Automobiles MBC;BUS;VD;Montricher;5492;Montricher;ch:1:sboid:100566;;2519833.509;1161111.365;673.7;46.59644412515717, 6.392441155921766
8595650;Montricher, Grand Faubourg;Automobiles MBC;BUS;VD;Montricher;5492;Montricher;ch:1:sboid:100566;;2518768;1161813;748;46.60262628612945, 6.378413690181081
8501734;Montricher, village;Automobiles MBC;BUS;VD;Montricher;5492;Montricher;ch:1:sboid:100566;;2518664.584;1161577.986;753.2;46.60049979740407, 6.377105655664746
8570112;Montricher, Champet;Automobiles MBC;BUS;VD;Montricher;5492;Montricher;ch:1:sboid:100566;;2518375;1161425;735;46.59908836924309, 6.3733538208953355
8501098;Montricher;Transports de la région Morges-Bière-Cossonay;TRAIN;VD;Montricher;5492;Montricher;ch:1:sboid:100012;;2519879.991;1161098.056;673;46.596329994648826, 6.393050002957264
8583297;Montricher, Petit Faubourg;Automobiles MBC;BUS;VD;Montricher;5492;Montricher;ch:1:sboid:100566;;2518717.862;1161326.368;719;46.59824305766979, 6.37784538757768
8500736;Mont-sur-Rolle, Bugnaux;PostAuto AG;BUS;VD;Mont-sur-Rolle;5859;Mont-sur-Rolle;ch:1:sboid:100602;;2514479;1147714;604;46.47527433034948, 6.325057498183339
8579222;Mont-sur-Rolle, Mont-Dessus;PostAuto AG;BUS;VD;Mont-sur-Rolle;5859;Mont-sur-Rolle;ch:1:sboid:100602;;2514866;1147690;581;46.47510783160232, 6.330100439821682
8579224;Mont-sur-Rolle,Maison de Ville;PostAuto AG;BUS;VD;Mont-sur-Rolle;5859;Mont-sur-Rolle;ch:1:sboid:100602;;2515316;1147408;503;46.47262844925692, 6.336010853556128
8582676;Mont-sur-Rolle, Bellefontaine;PostAuto AG;BUS;VD;Mont-sur-Rolle;5859;Mont-sur-Rolle;ch:1:sboid:100602;;2516256;1146392;384;46.463608143375964, 6.348432657676936
8579223;Mont-sur-Rolle, La Ferme;PostAuto AG;BUS;VD;Mont-sur-Rolle;5859;Mont-sur-Rolle;ch:1:sboid:100602;;2515280;1147666;548;46.47494452952378, 6.335494873205815
8570036;Rolle, hôpital;PostAuto AG;BUS;VD;Mont-sur-Rolle;5859;Mont-sur-Rolle;ch:1:sboid:100602;;2516070;1146486;393;46.464430338248675, 6.345994490350585
8579690;Mont-sur-Rolle, Sans Souci;PostAuto AG;BUS;VD;Mont-sur-Rolle;5859;Mont-sur-Rolle;ch:1:sboid:100602;;2515344;1148390;702;46.48146481535967, 6.336195448641037
8583424;Mont-sur-Rolle, Jeune Suisse;PostAuto AG;BUS;VD;Mont-sur-Rolle;5859;Mont-sur-Rolle;ch:1:sboid:100602;;2515697;1147049;440;46.46944747105332, 6.3410365149280175
8501873;Mont-sur-Rolle, Les Granges;PostAuto AG;BUS;VD;Mont-sur-Rolle;5859;Mont-sur-Rolle;ch:1:sboid:100602;;2515504;1148740;714;46.48463320599163, 6.338214775193882
8500737;Mont-sur-Rolle, église;PostAuto AG;BUS;VD;Mont-sur-Rolle;5859;Mont-sur-Rolle;ch:1:sboid:100602;;2515326;1147187;476;46.47064188046427, 6.336181535945481
8501047;Morges-St-Jean;Schweizerische Bundesbahnen SBB;TRAIN;VD;Morges;5642;Morges;ch:1:sboid:100001;;2528587.964;1152301.624;380.161;46.518195362853874, 6.5080440329077245
8588871;Morges, St-Jean nord;Automobiles MBC;BUS;VD;Morges;5642;Morges;ch:1:sboid:100566;;2528535;1152349;374;46.518615845518944, 6.507346564346388
8589249;Morges, Riond-Bosson;Automobiles MBC;BUS;VD;Morges;5642;Morges;ch:1:sboid:100566;;2526825.458;1150749.454;386.5;46.50404299267117, 6.485324586795094
8592264;Morges, Delay;Automobiles MBC;BUS;VD;Morges;5642;Morges;ch:1:sboid:100566;;2527086;1151704;390;46.512657556889806, 6.48856775512632
8592270;Morges, Prélionne;Automobiles MBC;BUS;VD;Morges;5642;Morges;ch:1:sboid:100566;;2526400;1151338;423;46.50929020939338, 6.479688418803403
8592272;Morges, St-Jean sud;Automobiles MBC;BUS;VD;Morges;5642;Morges;ch:1:sboid:100566;;2528655;1152144;372;46.516784701415006, 6.508941901817396
8592257;Morges, Banc-Vert;Automobiles MBC;BUS;VD;Morges;5642;Morges;ch:1:sboid:100566;;2527497.968;1151964.264;394.9;46.51504344573145, 6.493894285522777
8592263;Morges, de Beausobre;Automobiles MBC;BUS;VD;Morges;5642;Morges;ch:1:sboid:100566;;2528116.73;1152144.752;382.4;46.516733777014736, 6.501928236490468
8592277;Morges, St-Louis;Automobiles MBC;BUS;VD;Morges;5642;Morges;ch:1:sboid:100566;;2527951;1151533;374;46.51121324259768, 6.499864361535465
8592260;Morges, Blancherie;Automobiles MBC;BUS;VD;Morges;5642;Morges;ch:1:sboid:100566;;2528220;1151923;374;46.51475022637854, 6.5033083331771335
8591836;Morges, Patinoire;Automobiles MBC;BUS;VD;Morges;5642;Morges;ch:1:sboid:100566;;2526966;1151639;407;46.512059781507055, 6.487014593346148
8592267;Morges, Grassey;Automobiles MBC;BUS;VD;Morges;5642;Morges;ch:1:sboid:100566;;2527093.999;1151952.804;409.2;46.51489640285573, 6.488632648446725
8592271;Morges, Moulin;Automobiles MBC;BUS;VD;Morges;5642;Morges;ch:1:sboid:100566;;2527276;1151669;384;46.51236343827267, 6.4910487386622
8592258;Morges, Bellevue;Automobiles MBC;BUS;VD;Morges;5642;Morges;ch:1:sboid:100566;;2527762;1152172;402;46.5169406136228, 6.497301926606327
8592278;Morges, temple;Automobiles MBC;BUS;VD;Morges;5642;Morges;ch:1:sboid:100566;;2527966;1151460;374;46.51055822773566, 6.500071185590046
8592262;Morges, Charpentiers;Automobiles MBC;BUS;VD;Morges;5642;Morges;ch:1:sboid:100566;;2527706;1151398;375;46.509972463852925, 6.496693548426613
8592261;Morges, Casino;Automobiles MBC;BUS;VD;Morges;5642;Morges;ch:1:sboid:100566;;2527894;1151272;374;46.508859410764835, 6.4991625296895945
8592266;Morges, La Prairie;Automobiles MBC;BUS;VD;Morges;5642;Morges;ch:1:sboid:100566;;2527004.153;1151243.225;389.9;46.50850397370191, 6.487574283278146
8592259;Morges, Bief;Automobiles MBC;BUS;VD;Morges;5642;Morges;ch:1:sboid:100566;;2528912;1152181;374;46.51714490730308, 6.512284859650188
8592252;Lonay, Gracieuse;Automobiles MBC;BUS;VD;Morges;5642;Morges;ch:1:sboid:100566;;2528710;1152508;389;46.52006474022814, 6.509602280512652
8596054;Morges, En Bonjean;Automobiles MBC;BUS;VD;Morges;5642;Morges;ch:1:sboid:100566;;2527129;1150994;376;46.50627583728398, 6.4892401247910465
8519319;Morges [voie 5-6];Transports de la région Morges-Bière-Cossonay;;VD;Morges;5642;Morges;ch:1:sboid:100012;(Zug);2527479;1151556;382;46.51136907036155, 6.4937113281863725
8570084;Morges, gare;Automobiles MBC;BUS;VD;Morges;5642;Morges;ch:1:sboid:100566;;2527527.523;1151442.278;377;46.5103514133005, 6.4943613697799485
8510446;Morges, Longeraie;Automobiles MBC;BUS;VD;Morges;5642;Morges;ch:1:sboid:100566;;2526597.895;1151009.796;404.4;46.50635980478027, 6.482318789415666
8501090;Prélionne;Transports de la région Morges-Bière-Cossonay;TRAIN;VD;Morges;5642;Morges;ch:1:sboid:100012;;2526444.879;1151357.438;414;46.50946999396079, 6.480270000959125
8589248;Morges, ch. du Bochet;Automobiles MBC;BUS;VD;Morges;5642;Morges;ch:1:sboid:100566;;2527463.238;1151107.918;376.3;46.507336887914676, 6.493576411705756
8570089;Morges, Pâquis;Automobiles MBC;BUS;VD;Morges;5642;Morges;ch:1:sboid:100566;;2527951.445;1151742.493;375.1;46.51309767174752, 6.499837445518014
8592274;Morges, Auguste-Forel (Lavaux);Automobiles MBC;BUS;VD;Morges;5642;Morges;ch:1:sboid:100566;;2528237;1152234;383;46.51754948514467, 6.503481448131589
8570081;Morges, Vogéaz;Automobiles MBC;BUS;VD;Morges;5642;Morges;ch:1:sboid:100566;;2526611;1151500;402;46.51077059322458, 6.4824115472879695
8570070;Morges, Marcelin;Automobiles MBC;BUS;VD;Morges;5642;Morges;ch:1:sboid:100566;;2527082;1152278;428;46.51782021629852, 6.488424908617395
8570090;Morges, Les Pétoleyres;Automobiles MBC;BUS;VD;Morges;5642;Morges;ch:1:sboid:100566;;2528308.128;1152517.934;396.4;46.52011109854683, 6.504364107572843
8592268;Morges, Grosse-Pierre;Automobiles MBC;BUS;VD;Morges;5642;Morges;ch:1:sboid:100566;;2528054;1152260;380;46.51776367446056, 6.501092908575685
8592273;Morges, Eglantine;Automobiles MBC;BUS;VD;Morges;5642;Morges;ch:1:sboid:100566;;2526774;1151568;411;46.511400129586775, 6.484524368336861
8501037;Morges;Schweizerische Bundesbahnen SBB;TRAIN;VD;Morges;5642;Morges;ch:1:sboid:100001;;2527498.454;1151525.985;381.55;46.51110119786621, 6.493969500635285
8501228;Morges (lac);CGN SA;BOAT;VD;Morges;5642;Morges;ch:1:sboid:100143;;2527990.982;1151220.886;373;46.508410099707376, 6.500433981109736
8501054;La Gottaz;Transports de la région Morges-Bière-Cossonay;TRAIN;VD;Morges;5642;Morges;ch:1:sboid:100012;;2526762.492;1151028.933;397;46.506549994582265, 6.484459999756998
8570069;Morges, La Tour;Automobiles MBC;BUS;VD;Morges;5642;Morges;ch:1:sboid:100566;;2527306.119;1151834.788;397.6;46.513857965918746, 6.491415028587926
8582065;Morrens VD, village;Transports Publics de la Région Lausannoise sa;BUS;VD;Morrens (VD);5527;Morrens VD;ch:1:sboid:100122;;2537817;1160152;696;46.58973300816215, 6.6272417986603065
8592166;Moudon, Verger;PostAuto AG;BUS;VD;Moudon;5678;Moudon;ch:1:sboid:100602;;2551020;1168574;512;46.66659097508905, 6.798614500580594
8592165;Moudon, Sorbiers;PostAuto AG;BUS;VD;Moudon;5678;Moudon;ch:1:sboid:100602;;2550763;1168088;525;46.6622003547425, 6.795308610026639
8504120;Moudon;Schweizerische Bundesbahnen SBB;TRAIN;VD;Moudon;5678;Moudon;ch:1:sboid:100001;;2551319.277;1168734.577;509.9;46.66805734102318, 6.802507939012097
8570341;Moudon, Le Vallon;PostAuto AG;BUS;VD;Moudon;5678;Moudon;ch:1:sboid:100602;;2550418;1168799;532;46.66857035253092, 6.790724176342124
8570338;Moudon, L'Ochette;PostAuto AG;BUS;VD;Moudon;5678;Moudon;ch:1:sboid:100602;;2551223;1169025;517;46.670662712573254, 6.801219007412032
8570339;Moudon, La Prairie;PostAuto AG;BUS;VD;Moudon;5678;Moudon;ch:1:sboid:100602;;2551335;1169281;531;46.672973679637806, 6.802655383482721
8570340;Moudon, av. de Bussy;PostAuto AG;BUS;VD;Moudon;5678;Moudon;ch:1:sboid:100602;;2551094;1169170;536;46.671957556884635, 6.7995178399233795
8570393;Moudon, gare;PostAuto AG;BUS;VD;Moudon;5678;Moudon;ch:1:sboid:100602;;2551294;1168719;511;46.667915374553424, 6.802179304203142
8579243;Bressonnaz, village;PostAuto AG;BUS;VD;Moudon;5678;Moudon;ch:1:sboid:100602;;2550259;1166935;533;46.651791434631456, 6.788848699558008
8581513;Moudon, Chalet-Blanc;PostAuto AG;BUS;VD;Moudon;5678;Moudon;ch:1:sboid:100602;;2550959;1169256;549;46.672721216829366, 6.797744494441432
8570356;Moudon, Grange-Verney;PostAuto AG;BUS;VD;Moudon;5678;Moudon;ch:1:sboid:100602;;2551464;1169764;564;46.67732777927516, 6.804290009748281
8504019;Bressonnaz;Schweizerische Bundesbahnen SBB;;VD;Moudon;5678;Moudon;ch:1:sboid:100001;;2550445.066;1167084.669;533.213;46.65315160510324, 6.791263084994819
8570342;Moudon, Belflori;PostAuto AG;BUS;VD;Moudon;5678;Moudon;ch:1:sboid:100602;;2550176;1168297;566;46.6640367029218, 6.787616532498464
8507691;Mutrux, anc. poste;PostAuto AG;BUS;VD;Mutrux;5563;Mutrux;ch:1:sboid:100602;;2545777;1192590;749;46.8822095034991, 6.7272565799998905
8570284;Mutrux, Le Ravin (Sylvabella);PostAuto AG;BUS;VD;Mutrux;5563;Mutrux;ch:1:sboid:100602;;2545508;1193056;756;46.88637908646437, 6.723671815304675
8507694;Novalles, collège;PostAuto AG;BUS;VD;Novalles;5564;Novalles;ch:1:sboid:100602;;2535704;1186718;571;46.82849254510777, 6.595942470911889
8570582;Noville, Pré des Fourches;PostAuto AG;BUS;VD;Noville;5408;Noville;ch:1:sboid:100602;;2560160;1137274;375;46.38564486685372, 6.9207497586507385
8570588;Noville, Crebelley;PostAuto AG;BUS;VD;Noville;5408;Noville;ch:1:sboid:100602;;2558671;1134929;379;46.36446032392395, 6.901603552085638
8557105;Noville, Collège;PostAuto AG;BUS;VD;Noville;5408;Noville;ch:1:sboid:100602;;2558615;1136588;380;46.379380258355134, 6.900727732956423
8580445;Noville, Chotron;PostAuto AG;BUS;VD;Noville;5408;Noville;ch:1:sboid:100602;;2558700;1135187;379;46.36678293067303, 6.901957384105634
8502637;Noville, La Mouniaz;Transports publics Vevey-Montreux-Chillon-Villeneuve;BUS;VD;Noville;5408;Noville;ch:1:sboid:100675;;2560193.138;1137739.034;373;46.3898300196923, 6.921140543139381
8502636;Noville, Les Saviez;Transports publics Vevey-Montreux-Chillon-Villeneuve;BUS;VD;Noville;5408;Noville;ch:1:sboid:100675;;2560231.085;1138027.147;374;46.39242397366317, 6.9216091026272535
8501069;L'Asse;Nyon-St-Cergue-Morez;TRAIN;VD;Nyon;5724;Nyon;ch:1:sboid:100047;;2505657.19;1139674.155;474.1;46.401773580174975, 6.21184431876294
8579306;Nyon, hôpital;Transports Publics de la Région Nyonnaise;BUS;VD;Nyon;5724;Nyon;ch:1:sboid:100540;;2506696;1137554;415;46.38284925169411, 6.225777232057655
8510730;Nyon, La Vuarpillière;Nyon-St-Cergue-Morez Ersatzverkehr;BUS;VD;Nyon;5724;Nyon;ch:1:sboid:1100073;;2506182.4;1139516.65;464;46.400430667318304, 6.218704732180522
8588659;Nyon, route de Genève;Transports Publics de la Région Nyonnaise;BUS;VD;Nyon;5724;Nyon;ch:1:sboid:100540;;2507026;1136288;393;46.37150800852563, 6.2303200532597325
8588660;Nyon, Colovray;Transports Publics de la Région Nyonnaise;BUS;VD;Nyon;5724;Nyon;ch:1:sboid:100540;;2506836.325;1136130.854;390.2;46.37006821061667, 6.227886917555773
8579307;Nyon, La Suettaz;Bus Nyon-Prangins;BUS;VD;Nyon;5724;Nyon;ch:1:sboid:100543;(Bus) fermé le 13.12.2014, réouverture possible;2506455;1137766;421;46.38472249087919, 6.222602184143813
8593897;Nyon, rte de l'Etraz;Bus Nyon-Prangins;BUS;VD;Nyon;5724;Nyon;ch:1:sboid:100543;;2507703;1138182;403;46.388637329124194, 6.238740219636583
8593891;Nyon, Marens;Bus Nyon-Prangins;BUS;VD;Nyon;5724;Nyon;ch:1:sboid:100543;;2506860.668;1138028.069;419.3;46.38713621003085, 6.227822190329808
8593890;Nyon, Mafroi;Bus Nyon-Prangins;BUS;VD;Nyon;5724;Nyon;ch:1:sboid:100543;;2507860.704;1137758.148;398.6;46.384846670384874, 6.240874370427912
8593895;Nyon, route du Boiron;Bus Nyon-Prangins;BUS;VD;Nyon;5724;Nyon;ch:1:sboid:100543;;2505858;1137265;418;46.38013260466308, 6.214944444568588
8593892;Nyon, Petit Perdtemps;Bus Nyon-Prangins;BUS;VD;Nyon;5724;Nyon;ch:1:sboid:100543;;2507746.396;1137593.462;398.7;46.38334965249889, 6.239421415487556
8593877;Nyon, Champ-Colin;Bus Nyon-Prangins;BUS;VD;Nyon;5724;Nyon;ch:1:sboid:100543;(Bus) L'arrêt pourrait être ouvert plus tard;2505928;1137488;426;46.38214821861178, 6.21580894613448
8593881;Nyon, chemin des Plantaz;Bus Nyon-Prangins;BUS;VD;Nyon;5724;Nyon;ch:1:sboid:100543;;2507333;1138528;420;46.391698371474874, 6.233861638960194
8593893;Nyon, route de Divonne;Transports Publics de la Région Nyonnaise;BUS;VD;Nyon;5724;Nyon;ch:1:sboid:100540;;2506492;1137656;419;46.3837382553574, 6.2231052745616955
8593899;Nyon, rue St-Jean;Transports Publics de la Région Nyonnaise;BUS;VD;Nyon;5724;Nyon;ch:1:sboid:100540;;2507799.305;1137635.785;397.4;46.38373761557723, 6.240100663532986
8593885;Nyon, La Levratte;Bus Nyon-Prangins;BUS;VD;Nyon;5724;Nyon;ch:1:sboid:100543;;2506940;1138206;415;46.38874764179643, 6.228817626924099
8593884;Nyon, chemin du Reposoir;Bus Nyon-Prangins;BUS;VD;Nyon;5724;Nyon;ch:1:sboid:100543;;2506965;1138543;424;46.39178228159325, 6.229074949006334
8593873;Nyon, Bel Automne;Bus Nyon-Prangins;BUS;VD;Nyon;5724;Nyon;ch:1:sboid:100543;;2507167;1138614;425;46.392448920011105, 6.231686558027891
8593878;Nyon, Chantemerle;Bus Nyon-Prangins;BUS;VD;Nyon;5724;Nyon;ch:1:sboid:100543;;2507591.302;1138669.251;416.6;46.39300454847594, 6.237191184620246
8593883;Nyon, chemin du Vallon;Bus Nyon-Prangins;BUS;VD;Nyon;5724;Nyon;ch:1:sboid:100543;;2507832.939;1137987.133;390.3;46.38690247605379, 6.240467964614717
8593882;Nyon, chemin des Tines;Bus Nyon-Prangins;BUS;VD;Nyon;5724;Nyon;ch:1:sboid:100543;;2506107;1137333;417;46.38077917326185, 6.218166761790562
8593894;Nyon, route de l'Oulteret;Bus Nyon-Prangins;BUS;VD;Nyon;5724;Nyon;ch:1:sboid:100543;(Bus) fermé le 13.12.2014, réouverture possible;2507199;1138370;421;46.390258679537375, 6.232151387662884
8593886;Nyon, La Paix;Bus Nyon-Prangins;BUS;VD;Nyon;5724;Nyon;ch:1:sboid:100543;;2507397.42;1138508.149;415.2;46.391528731233265, 6.234703003752029
8593898;Nyon, rte de Saint-Cergue;Bus Nyon-Prangins;BUS;VD;Nyon;5724;Nyon;ch:1:sboid:100543;;2507125;1138624;425;46.39253304379516, 6.2311385830784545
8593887;Nyon, Le Groseillier;Bus Nyon-Prangins;BUS;VD;Nyon;5724;Nyon;ch:1:sboid:100543;;2507102;1138729;427;46.39347428382309, 6.230818553024595
8593901;Nyon, Tattes d'Oie;Transports Publics de la Région Nyonnaise;BUS;VD;Nyon;5724;Nyon;ch:1:sboid:100540;;2506351;1137721;421;46.38430320692797, 6.221259540163083
8519325;Nyon [gare souterraine];Nyon-St-Cergue-Morez;;VD;Nyon;5724;Nyon;ch:1:sboid:100047;(Zug);2507438;1137730;395;46.384535219157165, 6.235385887568252
8501227;Nyon (lac);CGN SA;BOAT;VD;Nyon;5724;Nyon;ch:1:sboid:100143;;2508063;1137471;373;46.38229168004136, 6.243560650423274
8501030;Nyon;Schweizerische Bundesbahnen SBB;TRAIN;VD;Nyon;5724;Nyon;ch:1:sboid:100001;;2507482.434;1137716.393;405.612;46.384418967533634, 6.235966130629612
8515645;Nyon (bif);Schweizerische Bundesbahnen SBB;;VD;Nyon;5724;Nyon;ch:1:sboid:100001;(Zug);2507301.305;1137512.692;404.97;46.38256173000132, 6.233652653089623
8501053;La Vuarpillière;Nyon-St-Cergue-Morez;TRAIN;VD;Nyon;5724;Nyon;ch:1:sboid:100047;;2506052.27;1139370.715;464.4;46.399099815246345, 6.217042481220914
8570008;Nyon, La Redoute;PostAuto AG;BUS;VD;Nyon;5724;Nyon;ch:1:sboid:100602;;2507662;1138516;419;46.39163586810261, 6.238140750296546
8593889;Nyon, Les Mésanges;Bus Nyon-Prangins;BUS;VD;Nyon;5724;Nyon;ch:1:sboid:100543;(Bus) fermé le 13.12.2014, réouverture possible;2506742;1138023;421;46.387074103656424, 6.226280755189956
8593888;Nyon, Les Jouvencelles;Bus Nyon-Prangins;BUS;VD;Nyon;5724;Nyon;ch:1:sboid:100543;;2506256;1137883;425;46.38574703750921, 6.219992037582318
8593880;Nyon, chemin des Pensées;Transports Publics de la Région Nyonnaise;BUS;VD;Nyon;5724;Nyon;ch:1:sboid:100540;;2507349;1137128;401;46.379108184886945, 6.2343494070842835
8593896;Nyon, route du Stand;Bus Nyon-Prangins;BUS;VD;Nyon;5724;Nyon;ch:1:sboid:100543;;2506667.692;1137419.82;413.9;46.38163842097184, 6.225436316360094
8595597;Nyon, Martavaux;Bus Nyon-Prangins;BUS;VD;Nyon;5724;Nyon;ch:1:sboid:100543;;2507044;1137347;408;46.38103574998152, 6.230341690628225
8570001;Nyon, ch. Monastier;Transports Publics de la Région Nyonnaise;BUS;VD;Nyon;5724;Nyon;ch:1:sboid:100540;;2507078.001;1137822.858;412.6;46.385320599607105, 6.230688225732159
8510728;Nyon, L'Asse;Nyon-St-Cergue-Morez Ersatzverkehr;BUS;VD;Nyon;5724;Nyon;ch:1:sboid:1100073;;2505787.398;1139676.655;477;46.40181440028903, 6.213536712105128
8593874;Nyon, centre ville;Bus Nyon-Prangins;BUS;VD;Nyon;5724;Nyon;ch:1:sboid:100543;;2507479.456;1137567.032;399.4;46.38307511859078, 6.235957232458722
8593879;Nyon, chemin de Bourgogne;Bus Nyon-Prangins;BUS;VD;Nyon;5724;Nyon;ch:1:sboid:100543;;2507093.159;1138402.87;420.8;46.39053965989972, 6.230768996994613
8593876;Nyon, ch. Valmont;Bus Nyon-Prangins;BUS;VD;Nyon;5724;Nyon;ch:1:sboid:100543;;2506249;1137409;419;46.38148264305451, 6.2199968973674205
8588658;Nyon, Conservatoire;Transports Publics de la Région Nyonnaise;BUS;VD;Nyon;5724;Nyon;ch:1:sboid:100540;;2507611;1137006;378;46.37804702445739, 6.237778700295306
8588656;Nyon, plage;Transports Publics de la Région Nyonnaise;BUS;VD;Nyon;5724;Nyon;ch:1:sboid:100540;;2507427.213;1136882.157;381.9;46.376907746796554, 6.235414944162184
8570002;Nyon, route de Signy;Transports Publics de la Région Nyonnaise;BUS;VD;Nyon;5724;Nyon;ch:1:sboid:100540;;2506632;1138174;421;46.38841695985479, 6.2248205617267045
8511579;Nyon, Musée du Léman;Transports Publics de la Région Nyonnaise;BUS;VD;Nyon;5724;Nyon;ch:1:sboid:100540;;2507876.381;1137247.193;374.2;46.38025299063614, 6.2411796472393375
8595599;Nyon, Usine à Gaz;Bus Nyon-Prangins;BUS;VD;Nyon;5724;Nyon;ch:1:sboid:100543;;2508060.839;1137610.823;377.1;46.383549030033876, 6.243504838397623
8595596;Nyon, Fontaine;Bus Nyon-Prangins;BUS;VD;Nyon;5724;Nyon;ch:1:sboid:100543;;2506350.945;1138060.466;423.9;46.38735654164791, 6.221190247408898
8501059;Les Plantaz;Nyon-St-Cergue-Morez;TRAIN;VD;Nyon;5724;Nyon;ch:1:sboid:100047;;2506983.957;1138440.938;422.4;46.390866912378364, 6.229341854308162
8595598;Nyon, Petite Prairie;Bus Nyon-Prangins;BUS;VD;Nyon;5724;Nyon;ch:1:sboid:100543;;2506394.566;1138440.906;430.3;46.390784524410904, 6.221680423291038
8570000;Nyon, gare;PostAuto AG;BUS;VD;Nyon;5724;Nyon;ch:1:sboid:100602;;2507510;1137711;406;46.38437426592057, 6.236325492879923
8579305;Nyon, CESSOUEST;Transports Publics de la Région Nyonnaise;BUS;VD;Nyon;5724;Nyon;ch:1:sboid:100540;;2507100;1137600;406;46.383319142204975, 6.231018808701756
8570397;Ogens, village;PostAuto AG;BUS;VD;Ogens;5680;Ogens;ch:1:sboid:100602;;2545203;1173564;632;46.71102345389099, 6.722010868427447
8501401;St-Triphon;Schweizerische Bundesbahnen SBB;;VD;Ollon;5409;St-Triphon;ch:1:sboid:100001;Güterverkehr;2564023.624;1125371.918;390.67;46.278798997094334, 6.971895899113651
8501447;Roches Grises;Transports Publics du Chablais;TRAIN;VD;Ollon;5409;Villars-sur-Ollon;ch:1:sboid:100008;;2570907.335;1126997.937;1301.9;46.29375999793236, 7.061100003355582
8501495;Villars-sur-Ollon;Transports Publics du Chablais;TRAIN;VD;Ollon;5409;Villars-sur-Ollon;ch:1:sboid:100008;;2570533.426;1127277.67;1253.5;46.29625999728537, 7.0562300052530285
8501470;Verschiez;Transports Publics du Chablais;TRAIN;VD;Ollon;5409;Ollon VD;ch:1:sboid:100008;;2564950;1128632;565;46.30817402746623, 6.983668232370273
8504430;St-Triphon, centre;Transports Publics du Chablais (Bus);BUS;VD;Ollon;5409;St-Triphon;ch:1:sboid:100617;;2564562;1126927;429;46.29281635179578, 6.978761903242759
8504446;Salaz, Vers les Moulins;Transports Publics du Chablais (Bus);BUS;VD;Ollon;5409;Ollon VD;ch:1:sboid:100617;;2567157;1124640;485;46.27237588028006, 7.012598387193691
8504435;Ollon VD, Vergers;Transports Publics du Chablais (Bus);BUS;VD;Ollon;5409;Ollon VD;ch:1:sboid:100617;;2565404;1127110;430;46.29450651541132, 6.9896747396935
8504439;Antagnes, Le Boët;Transports Publics du Chablais (Bus);BUS;VD;Ollon;5409;Ollon VD;ch:1:sboid:100617;;2566873;1125598;565;46.28097957473362, 7.008846080170146
8504688;Ollon VD, bif. Forchex;Transports Publics du Chablais (Bus);BUS;VD;Ollon;5409;Ollon VD;ch:1:sboid:100617;;2567603;1125642;738;46.281411058067704, 7.018314031952488
8504687;Antagnes, Glutières;Transports Publics du Chablais (Bus);BUS;VD;Ollon;5409;Ollon VD;ch:1:sboid:100617;;2567195;1126083;698;46.285358220758084, 7.012989467366528
8579114;Villars-sur-Ollon, gare;Transports Publics du Chablais (Bus);BUS;VD;Ollon;5409;Villars-sur-Ollon;ch:1:sboid:100617;;2570522;1127221;1254;46.2957497190067, 7.056085319795627
8579130;Chesières, cimetière;Transports Publics du Chablais (Bus);BUS;VD;Ollon;5409;Chesières;ch:1:sboid:100617;;2569012;1127224;1100;46.295708564264274, 7.036489032866956
8579131;Huémoz, Bellevue;Transports Publics du Chablais (Bus);BUS;VD;Ollon;5409;Huémoz;ch:1:sboid:100617;;2568490;1126903;1035;46.29279666442787, 7.0297365421409275
8579128;Chesières, Hôtel du Soleil;Transports Publics du Chablais (Bus);BUS;VD;Ollon;5409;Chesières;ch:1:sboid:100617;;2569507.463;1127791.363;1202;46.30083501694384, 7.042881666092383
8509507;St-Triphon, Charpigny;Transports Publics du Chablais (Bus);BUS;VD;Ollon;5409;St-Triphon;ch:1:sboid:100617;;2564446;1126671;412;46.290507370170886, 6.977276185709482
8510071;Villars-sur-Ollon, Hôtels;Transports Publics du Chablais (Bus);BUS;VD;Ollon;5409;Villars-sur-Ollon;ch:1:sboid:100617;;2570631.379;1127482.207;1276;46.29810421747955, 7.057488272641054
8510070;Villars-sur-Ollon, télécabine;Transports Publics du Chablais (Bus);BUS;VD;Ollon;5409;Chesières;ch:1:sboid:100617;;2570443.24;1128073.702;1267;46.30341673842332, 7.0550089224956025
8510072;Villars-sur-Ollon, centre;Transports Publics du Chablais (Bus);BUS;VD;Ollon;5409;Villars-sur-Ollon;ch:1:sboid:100617;;2570411.781;1127446.024;1251;46.29776906450613, 7.054640613217277
8510224;Chesières, Chavasses;Transports Publics du Chablais (Bus);BUS;VD;Ollon;5409;Chesières;ch:1:sboid:100617;;2570128.403;1128088.362;1267;46.30353465063928, 7.050921587941781
8510589;Villars-sur-Ollon, patinoire;Transports Publics du Chablais (Bus);BUS;VD;Ollon;5409;Villars-sur-Ollon;ch:1:sboid:100617;;2570265;1127452;1223;46.29781632382253, 7.052735296148964
8510590;Chesières, Cornuit;Transports Publics du Chablais (Bus);BUS;VD;Ollon;5409;Chesières;ch:1:sboid:100617;;2568923;1127792;1291.9;46.300813885720096, 7.035296020875718
8508300;St-Triphon, gare;Transports Publics du Chablais (Bus);BUS;VD;Ollon;5409;St-Triphon;ch:1:sboid:100617;;2564134;1125395;392;46.27901254418728, 6.973326074235732
8508334;Antagnes, Pissot;Transports Publics du Chablais (Bus);BUS;VD;Ollon;5409;Ollon VD;ch:1:sboid:100617;;2567080;1124979;537;46.27542157095509, 7.011575540328473
8510625;Plambuit, bifurcation;Transports Publics du Chablais (Bus);BUS;VD;Ollon;5409;Panex;ch:1:sboid:100617;;2568268;1130039;1128;46.32099606330637, 7.02664133745457
8530052;Lac-Noir (Petit-Chamossaire);Télé-Villars-Gryon SA;CHAIRLIFT;VD;Ollon;5409;Villars-sur-Ollon;ch:1:sboid:100960;SBA.73.241.1;2572373;1131005;1712;46.32986768987246, 7.079881506502966
8579126;Villars-sur-Ollon, temple;Transports Publics du Chablais (Bus);BUS;VD;Ollon;5409;Villars-sur-Ollon;ch:1:sboid:100617;;2570203;1127726;1237;46.30027833848566, 7.051913073541198
8579119;Villars-sur-Ollon, Colonges;Transports Publics du Chablais (Bus);BUS;VD;Ollon;5409;Villars-sur-Ollon;ch:1:sboid:100617;arrêt ligne 12.162;2571597;1126879;1392;46.29271969401432, 7.070057125015947
8579127;Chesières, Aiglon Collège;Transports Publics du Chablais (Bus);BUS;VD;Ollon;5409;Chesières;ch:1:sboid:100617;;2569802.965;1127920.959;1223;46.30201418363876, 7.046708489264247
8579129;Chesières, La Palette;Transports Publics du Chablais (Bus);BUS;VD;Ollon;5409;Chesières;ch:1:sboid:100617;;2569226;1127454;1132;46.297787393192465, 7.039250983462704
8501704;Villars-s.-O., Col de la Croix;Transports Publics du Chablais (Bus);BUS;VD;Ollon;5409;Villars-sur-Ollon;ch:1:sboid:100617;;2575971;1130405;1776;46.32460921038763, 7.126635379644363
8501452;St-Triphon-Gare;Transports Publics du Chablais;TRAIN;VD;Ollon;5409;St-Triphon;ch:1:sboid:100008;;2564158.488;1125317.28;396.232;46.278314726968105, 6.973649761471454
8508332;Antagnes, Forêt;Transports Publics du Chablais (Bus);BUS;VD;Ollon;5409;Ollon VD;ch:1:sboid:100617;;2566617;1125821;555;46.282972865236346, 7.0055087204772
8530051;Chaux-Ronde (Villars-s.-Ollon);Télé-Villars-Gryon SA;CHAIRLIFT;VD;Ollon;5409;Villars-sur-Ollon;ch:1:sboid:100959;SBA.73.090.9;2572770;1129980;1978;46.320663537717536, 7.085097025242233
8501497;Col-de-Soud;Transports Publics du Chablais;TRAIN;VD;Ollon;5409;Villars-sur-Ollon;ch:1:sboid:100008;;2571563.563;1128237.646;1526.8;46.30494000110108, 7.069540000758731
8501498;Bouquetins;Transports Publics du Chablais;TRAIN;VD;Ollon;5409;Villars-sur-Ollon;ch:1:sboid:100008;;2571785.246;1129510.571;1758.5;46.31640000233462, 7.072339999586302
8501472;Exergillod;Transports Publics du Chablais;TRAIN;VD;Ollon;5409;La Forclaz VD;ch:1:sboid:100008;;2569188.959;1131825.551;863;46.337109997985436, 7.038480004199044
8501727;La Clairière;Transports Publics du Chablais;TRAIN;VD;Ollon;5409;Arveyes;ch:1:sboid:100008;;2571436.173;1126392.885;1219.7;46.288340000466555, 7.067999996978398
8504427;St-Triphon,gouille du Duzillet;Transports Publics du Chablais (Bus);BUS;VD;Ollon;5409;St-Triphon;ch:1:sboid:100617;;2563109;1126939;387;46.29284589872297, 6.959905704134726
8504429;St-Triphon, site d'escalade;Transports Publics du Chablais (Bus);BUS;VD;Ollon;5409;St-Triphon;ch:1:sboid:100617;;2564583;1127208;409;46.295345187010305, 6.979012993802196
8504431;St-Triphon, Monnaie;Transports Publics du Chablais (Bus);BUS;VD;Ollon;5409;St-Triphon;ch:1:sboid:100617;;2564790;1126815;396;46.29182087644898, 6.981729099557658
8504436;Ollon VD, cimetière;Transports Publics du Chablais (Bus);BUS;VD;Ollon;5409;Ollon VD;ch:1:sboid:100617;;2565286;1127473;434;46.29776576911036, 6.98811630289073
8504438;Ollon VD, Via Francigena;Transports Publics du Chablais (Bus);BUS;VD;Ollon;5409;Ollon VD;ch:1:sboid:100617;;2566532;1126478;561;46.28887865534268, 7.004358569692706
8504443;Antagnes, place de la Dîme;Transports Publics du Chablais (Bus);BUS;VD;Ollon;5409;Ollon VD;ch:1:sboid:100617;;2567163;1125110;581;46.276604049880895, 7.012643017106618
8504445;Salaz, Abbaye;Transports Publics du Chablais (Bus);BUS;VD;Ollon;5409;Ollon VD;ch:1:sboid:100617;;2566897;1124800;467;46.27380236839779, 7.00921428993961
8510587;Arveyes, Regina;Transports Publics du Chablais (Bus);BUS;VD;Ollon;5409;Arveyes;ch:1:sboid:100617;;2570736;1126708;1292.5;46.291144403850325, 7.058894844643805
8510588;Villars-sur-Ollon, Le Bristol;Transports Publics du Chablais (Bus);BUS;VD;Ollon;5409;Villars-sur-Ollon;ch:1:sboid:100617;;2570494;1126874;1252.8;46.29262704429476, 7.055743995720087
8510591;Chesières, La Bercière;Transports Publics du Chablais (Bus);BUS;VD;Ollon;5409;Chesières;ch:1:sboid:100617;;2568439;1127838;1288.6;46.3012050524465, 7.029011182238426
8510819;St-Triphon-Village, gare;Transports Publics du Chablais (Bus);BUS;VD;Ollon;5409;Ollon VD;ch:1:sboid:100617;;2564318;1127957;402;46.302068731568056, 6.975516449705622
8511065;Chesières, La Prairie;Transports Publics du Chablais (Bus);BUS;VD;Ollon;5409;Chesières;ch:1:sboid:100617;;2569157.188;1127916.641;1263;46.30194591676881, 7.038327207646581
8530043;Roc-d'Orsay;Télé-Villars-Gryon;CABLE_CAR;VD;Ollon;5409;Villars-sur-Ollon;ch:1:sboid:100954;SBA.72.031.9;2571139;1130146;1952;46.32208847412032, 7.063910583692271
8530045;Chamossaire VD;Télé-Villars-Gryon SA;CHAIRLIFT;VD;Ollon;5409;Villars-sur-Ollon;ch:1:sboid:100956;SBA.73.137.9;2570976;1130646;2101;46.3265791877509, 7.061762929814782
8570607;Ollon VD, gare;Transports Publics du Chablais (Bus);BUS;VD;Ollon;5409;Ollon VD;ch:1:sboid:100617;;2565688;1127370;467;46.29685993911259, 6.993341061057941
8570611;Panex, En Mers;Transports Publics du Chablais (Bus);BUS;VD;Ollon;5409;Panex;ch:1:sboid:100617;;2566844;1128691;849;46.30880116766431, 7.008249055921073
8510069;Villars-sur-Ollon, rte du Roc;Transports Publics du Chablais (Bus);BUS;VD;Ollon;5409;Chesières;ch:1:sboid:100617;;2570109.248;1127854.581;1237;46.301430809589775, 7.050688025892427
8510592;Chesières, Les Ecovets;Transports Publics du Chablais (Bus);BUS;VD;Ollon;5409;Chesières;ch:1:sboid:100617;;2568299;1127965;1295.2;46.30234087051613, 7.02718547472661
8530050;Lac-Noir (Chaux-Ronde);Télé-Villars-Gryon SA;CHAIRLIFT;VD;Ollon;5409;Villars-sur-Ollon;ch:1:sboid:100959;SBA.73.090.1;2572240;1130755;1719;46.3276133054853, 7.078169370464633
8509508;St-Triphon, Les Andonces;Transports Publics du Chablais (Bus);BUS;VD;Ollon;5409;St-Triphon;ch:1:sboid:100617;;2563911.06;1126451.925;392;46.28850810113797, 6.970351689979724
8510593;Panex, Les Planches;Transports Publics du Chablais (Bus);BUS;VD;Ollon;5409;Panex;ch:1:sboid:100617;;2567963;1129156;1223.8;46.31303852057135, 7.022742306808064
8510594;Plambuit, rte des Tailles;Transports Publics du Chablais (Bus);BUS;VD;Ollon;5409;Panex;ch:1:sboid:100617;;2568490;1130197;1159;46.322427834116155, 7.029512959360073
8510706;Villars-sur-Ollon, rte Coufin;Transports Publics du Chablais (Bus);BUS;VD;Ollon;5409;Villars-sur-Ollon;ch:1:sboid:100617;;2573587.307;1128506.819;1432;46.3074442290619, 7.095792436375354
8511066;Panex, Forêt des Esserts;Transports Publics du Chablais (Bus);BUS;VD;Ollon;5409;Panex;ch:1:sboid:100617;;2567688.541;1129475.057;1052;46.31589541100355, 7.0191571594919955
8510225;Chesières, Crêt des Nex;Transports Publics du Chablais (Bus);BUS;VD;Ollon;5409;Chesières;ch:1:sboid:100617;;2569779.935;1128159.089;1270;46.30415523729429, 7.04639407893402
8510226;Chesières, Cormanon;Transports Publics du Chablais (Bus);BUS;VD;Ollon;5409;Chesières;ch:1:sboid:100617;;2569348.034;1128017.083;1255;46.3028582031899, 7.040797574678715
8501499;Col-de-Bretaye;Transports Publics du Chablais;TRAIN;VD;Ollon;5409;Villars-sur-Ollon;ch:1:sboid:100008;;2571885.937;1130124.85;1808;46.32192999943989, 7.07360999383511
8504433;Villy, gare;Transports Publics du Chablais (Bus);BUS;VD;Ollon;5409;Ollon VD;ch:1:sboid:100617;;2565727;1126290;403;46.28714682447404, 6.993926867552505
8504434;Ollon VD, Les Arnoux;Transports Publics du Chablais (Bus);BUS;VD;Ollon;5409;Ollon VD;ch:1:sboid:100617;;2565908;1126769;425;46.291464887249155, 6.996240277210196
8504442;Antagnes, rte d'Antagnes;Transports Publics du Chablais (Bus);BUS;VD;Ollon;5409;Ollon VD;ch:1:sboid:100617;;2567023;1125320;573;46.27848622785679, 7.010811904804328
8504444;Antagnes, Les Fontaines;Transports Publics du Chablais (Bus);BUS;VD;Ollon;5409;Ollon VD;ch:1:sboid:100617;;2566827;1125254;500;46.277882855031805, 7.008273830029788
8508336;Salaz, Les Glareys;Transports Publics du Chablais (Bus);BUS;VD;Ollon;5409;Ollon VD;ch:1:sboid:100617;;2566186;1124589;442;46.27186883804669, 7.0000063533312264
8570610;Ollon VD, Crettaz-Tavez;Transports Publics du Chablais (Bus);BUS;VD;Ollon;5409;Ollon VD;ch:1:sboid:100617;;2566360;1128461;788;46.306708078921915, 7.001983096367842
8570608;Ollon VD, Le Moulin;Transports Publics du Chablais (Bus);BUS;VD;Ollon;5409;Ollon VD;ch:1:sboid:100617;;2566151;1127489;525;46.29795394769213, 6.999341097881365
8530355;Les Arnoux;Transports Publics du Chablais;TRAIN;VD;Ollon;5409;Ollon VD;ch:1:sboid:100008;;2565946.976;1126788.808;430.099;46.29164505114743, 6.996744596703117
8570612;Panex, Au Pomey rouge;Transports Publics du Chablais (Bus);BUS;VD;Ollon;5409;Panex;ch:1:sboid:100617;;2567079;1128937;916;46.31102564677863, 7.0112820605821
8579132;Ollon VD, bif. rte d'Antagnes;Transports Publics du Chablais (Bus);BUS;VD;Ollon;5409;Ollon VD;ch:1:sboid:100617;;2566299;1127008;549;46.29363458236319, 7.0012967453532555
8579120;Villars-sur-Ollon, La Verneyre;Transports Publics du Chablais (Bus);BUS;VD;Ollon;5409;Villars-sur-Ollon;ch:1:sboid:100617;arrêt ligne 12.162;2573381;1128426;1424;46.306709051706186, 7.093119130306479
8579121;Villars-s.-O., Bois des Tines;Transports Publics du Chablais (Bus);BUS;VD;Ollon;5409;Villars-sur-Ollon;ch:1:sboid:100617;arrêt ligne 12.162;2575399;1129645;1631;46.31775181156763, 7.119248566652091
8510586;Arveyes, gare;Transports Publics du Chablais (Bus);BUS;VD;Ollon;5409;Arveyes;ch:1:sboid:100617;;2571044;1126715;1230.7;46.291220755284655, 7.062891158709444
8511118;Arveyes, La Clairière;Transports Publics du Chablais (Bus);BUS;VD;Ollon;5409;Arveyes;ch:1:sboid:100617;;2571433;1126382;1220;46.28824194898932, 7.067959494279027
8511063;Panex, réservoir;Transports Publics du Chablais (Bus);BUS;VD;Ollon;5409;Panex;ch:1:sboid:100617;;2567537.684;1128959.235;996;46.3112480429239, 7.01723476476337
8511064;Panex, Bois de la Glaive;Transports Publics du Chablais (Bus);BUS;VD;Ollon;5409;Panex;ch:1:sboid:100617;;2566746.061;1128840.767;883;46.310143536982984, 7.0069670210118264
8530047;Charmet;Télé-Villars-Gryon SA;CHAIRLIFT;VD;Ollon;5409;Villars-sur-Ollon;ch:1:sboid:100957;SBA.73.115.9;2572686;1129975;1972;46.32061513824172, 7.08400670307075
8530053;Petit-Chamossaire;Télé-Villars-Gryon SA;CHAIRLIFT;VD;Ollon;5409;Villars-sur-Ollon;ch:1:sboid:100960;SBA.73.241.9;2571384;1131192;2031;46.33150830605746, 7.067027091527522
8530042;Villars-sur-Ollon (télécabine);Télé-Villars-Gryon;CABLE_CAR;VD;Ollon;5409;Chesières;ch:1:sboid:100954;SBA.72.031.1;2570440;1128100;1252;46.303653159964256, 7.054965197469535
8530046;Villars-sur-Ollon La Rasse;Télé-Villars-Gryon SA;CHAIRLIFT;VD;Ollon;5409;Villars-sur-Ollon;ch:1:sboid:100957;SBA.73.115.1;2573097;1127880;1347;46.30178614226103, 7.089464403525084
8530044;Col-de-Bretaye (télésiège);Télé-Villars-Gryon SA;CHAIRLIFT;VD;Ollon;5409;Villars-sur-Ollon;ch:1:sboid:100956;SBA.73.137.1;2571843;1129985;1783;46.32067017097115, 7.073060996210191
8531178;Bretaye Conche;Télé-Villars-Gryon;CHAIRLIFT;VD;Ollon;5409;Villars-sur-Ollon;ch:1:sboid:100954;SBA.73.279.9;2573014;1130586;1829;46.32612471053791, 7.088229746588705
8570609;Ollon VD, Plan-d'Essert;Transports Publics du Chablais (Bus);BUS;VD;Ollon;5409;Ollon VD;ch:1:sboid:100617;;2566221;1128053;647;46.30303092980446, 7.000208538761203
8570613;Panex, La Croisée;Transports Publics du Chablais (Bus);BUS;VD;Ollon;5409;Panex;ch:1:sboid:100617;;2567430;1128853;951;46.31028718307505, 7.01584434555652
8501459;St-Triphon-Village;Transports Publics du Chablais;TRAIN;VD;Ollon;5409;Ollon VD;ch:1:sboid:100008;;2564345.84;1127954.34;403.24;46.302046285452654, 6.975877989128015
8501461;Ollon VD;Transports Publics du Chablais;TRAIN;VD;Ollon;5409;Ollon VD;ch:1:sboid:100008;;2565677.15;1127352.796;464.843;46.29670462536613, 6.993201523515191
8501494;Arveyes;Transports Publics du Chablais;TRAIN;VD;Ollon;5409;Arveyes;ch:1:sboid:100008;;2571028.514;1126718.325;1231.2;46.29124999585974, 7.062689997506701
8501558;Huémoz, Les Combes;Transports Publics du Chablais (Bus);BUS;VD;Ollon;5409;Ollon VD;ch:1:sboid:100617;;2568325;1126268;855;46.28707674680623, 7.027638663743488
8501446;Villars-sur-Ollon Golf;Transports Publics du Chablais;TRAIN;VD;Ollon;5409;Villars-sur-Ollon;ch:1:sboid:100008;;2572024.117;1128700.165;1630.6;46.30911999816197, 7.075490004343779
8504447;Villy, village;Transports Publics du Chablais (Bus);BUS;VD;Ollon;5409;Ollon VD;ch:1:sboid:100617;;2565943;1125846;411;46.28316384486897, 6.996762105604779
8501777;Panex, village;Transports Publics du Chablais (Bus);BUS;VD;Ollon;5409;Panex;ch:1:sboid:100617;;2567272;1128907;930;46.31076523898338, 7.01378954149088
8504689;Auliens, halte;Transports Publics du Chablais (Bus);BUS;VD;Ollon;5409;Ollon VD;ch:1:sboid:100617;;2568200;1125900;850;46.28376048614785, 7.026041918265997
8504432;Ollon VD,collège de Perrosalle;Transports Publics du Chablais (Bus);BUS;VD;Ollon;5409;Ollon VD;ch:1:sboid:100617;;2565237.835;1126725.357;397.8;46.29103787058141, 6.9875471699805205
8501557;Huémoz, village;Transports Publics du Chablais (Bus);BUS;VD;Ollon;5409;Huémoz;ch:1:sboid:100617;;2567989;1126617;1010;46.290200207307194, 7.023254861945005
8501458;Villy;Transports Publics du Chablais;TRAIN;VD;Ollon;5409;Ollon VD;ch:1:sboid:100008;;2565756.23;1126257.368;404.25;46.28685477826867, 6.9943085447664695
8510705;Villars-sur-Ollon, tennis;Transports Publics du Chablais (Bus);BUS;VD;Ollon;5409;Villars-sur-Ollon;ch:1:sboid:100617;;2570951;1127208;1305;46.295651517338, 7.06165350691992
8511899;St-Triphon Lessus;Schweizerische Bundesbahnen SBB;;VD;Ollon;5409;St-Triphon;ch:1:sboid:100001;;2563809.589;1126853.016;388.5;46.29211062709121, 6.969003791070338
8570615;Plambuit, Hameau;Transports Publics du Chablais (Bus);BUS;VD;Ollon;5409;Panex;ch:1:sboid:100617;;2568440;1130327;1115;46.32359489467692, 7.0288549211294855
8501705;Les Diablerets, Les Mazots;Transports Publics du Chablais (Bus);BUS;VD;Ollon;5409;Villars-sur-Ollon;ch:1:sboid:100617;;2576183;1131154;1702;46.331354458518376, 7.12934961103568
8501707;Villars-sur-Ollon, La Roche;Transports Publics du Chablais (Bus);BUS;VD;Ollon;5409;Villars-sur-Ollon;ch:1:sboid:100617;;2574053;1128804;1350;46.31013574253152, 7.101820692651643
8504202;Onnens-Bonvillars;Schweizerische Bundesbahnen SBB;;VD;Onnens (VD);5565;Onnens VD;ch:1:sboid:100001;Güterverkehr;2542873.844;1187106.296;435.5;46.83264056094969, 6.689858900834078
8507695;Onnens VD, croisée;PostAuto AG;BUS;VD;Onnens (VD);5565;Onnens VD;ch:1:sboid:100602;;2542804;1187786;477;46.8387484345975, 6.688858179794391
8581610;Oppens, La Tuilière;PostAuto AG;BUS;VD;Oppens;5923;Oppens;ch:1:sboid:100602;;2543542;1173920;560;46.71408688237777, 6.700245961135294
8507696;Oppens, croisée;PostAuto AG;BUS;VD;Oppens;5923;Oppens;ch:1:sboid:100602;;2542875;1173939;557;46.71420087643368, 6.691520701405202
8581116;Orbe, gare;Transports Vallée de Joux-Yverdon-Ste-Croix;BUS;VD;Orbe;5757;Orbe;ch:1:sboid:100694;;2530563.841;1175198.483;470;46.72435943334232, 6.530329913816158
8530262;St-Eloi;Transports Vallée de Joux-Yverdon-Ste-Croix;TRAIN;VD;Orbe;5757;Orbe;ch:1:sboid:100074;;2530690.876;1174781.434;460;46.72062137903839, 6.532054679166742
8577202;Orbe, Chantemerle;Transports Vallée de Joux-Yverdon-Ste-Croix;BUS;VD;Orbe;5757;Orbe;ch:1:sboid:100694;;2530409.46;1175860.895;490;46.730301605924204, 6.528209889724492
8595249;Orbe, Petit-Bois;Transports Vallée de Joux-Yverdon-Ste-Croix;BUS;VD;Orbe;5757;Orbe;ch:1:sboid:100694;;2530355.014;1176257.181;504;46.73386043836036, 6.527437338558557
8595482;Les Granges (Orbe), gare;Transports Vallée de Joux-Yverdon-Ste-Croix;BUS;VD;Orbe;5757;Orbe;ch:1:sboid:100694;;2531435.868;1174822.152;442;46.72106478609425, 6.541792416783904
8501191;Orbe;Transports Vallée de Joux-Yverdon-Ste-Croix;BUS|TRAIN;VD;Orbe;5757;Orbe;ch:1:sboid:100074;;2530549.617;1175204.088;473;46.72440836623426, 6.530143011721603
8507417;Orbe, Gruvatiez;Transports Vallée de Joux-Yverdon-Ste-Croix;BUS;VD;Orbe;5757;Orbe;ch:1:sboid:100694;;2531055;1174853;444;46.72130291700625, 6.5368063143181905
8570237;Orbe, collège;PostAuto AG;BUS;VD;Orbe;5757;Orbe;ch:1:sboid:100602;;2530644;1174988;477;46.722474526758745, 6.531410283666294
8501190;Orbe-Industrie (marchandises);Transports Vallée de Joux-Yverdon-Ste-Croix;;VD;Orbe;5757;Orbe;ch:1:sboid:100074;Güterverkehr;2531413;1174806.001;442;46.72091715078077, 6.541495739101297
8501194;Les Granges (Orbe);Transports Vallée de Joux-Yverdon-Ste-Croix;BUS|TRAIN;VD;Orbe;5757;Orbe;ch:1:sboid:100074;;2531411.08;1174812.006;445;46.720970967157385, 6.541469727341632
8570246;Orbe, Les Mosaïques;PostAuto AG;BUS;VD;Orbe;5757;Orbe;ch:1:sboid:100602;;2530567;1176773;484;46.738522304301554, 6.5301323323072795
8595063;Orbe, rue Neuve;Transports Vallée de Joux-Yverdon-Ste-Croix;BUS;VD;Orbe;5757;Orbe;ch:1:sboid:100694;;2530905;1175195.001;455;46.72436361570983, 6.534792801262541
8595060;Orbe, Penchèvre;Transports Vallée de Joux-Yverdon-Ste-Croix;BUS;VD;Orbe;5757;Orbe;ch:1:sboid:100694;;2530952;1175563;442;46.72767859238165, 6.535352046273063
8579108;Orbe, croisée Agiez;PostAuto AG;BUS;VD;Orbe;5757;Orbe;ch:1:sboid:100602;;2530452;1174610;497;46.71905443807861, 6.528956437114532
8581953;Orbe, Suchet;Transports Vallée de Joux-Yverdon-Ste-Croix;BUS;VD;Orbe;5757;Orbe;ch:1:sboid:100694;;2530242;1175845.001;498;46.73014111253303, 6.526021694920565
8510801;Orbe, Le Devin;PostAuto AG;BUS;VD;Orbe;5757;Orbe;ch:1:sboid:100602;;2530317;1173706;547.7;46.710908967033376, 6.527328383510175
8570247;Orbe, Montchoisi;PostAuto AG;BUS;VD;Orbe;5757;Orbe;ch:1:sboid:100602;;2530679;1176060;488;46.73212065598903, 6.5317057016210684
8570248;Orbe, hôpital;PostAuto AG;BUS;VD;Orbe;5757;Orbe;ch:1:sboid:100602;;2530725;1175712;475;46.72899523747994, 6.532360148403331
8501267;Orbe, poste;PostAuto AG;BUS;VD;Orbe;5757;Orbe;ch:1:sboid:100602;;2530608;1175164;480;46.7240538695627, 6.530912739564207
8503604;Orbe, Taborneires;Transports Vallée de Joux-Yverdon-Ste-Croix;BUS;VD;Orbe;5757;Orbe;ch:1:sboid:100694;;2531766;1174682;440;46.71983805542495, 6.546131178334912
8570236;Orbe, Champ de la Pierre;PostAuto AG;BUS;VD;Orbe;5757;Orbe;ch:1:sboid:100602;;2530076;1174736;518;46.72014840032613, 6.524019600133693
8595062;Orbe, route de Valeyres;Transports Vallée de Joux-Yverdon-Ste-Croix;BUS;VD;Orbe;5757;Orbe;ch:1:sboid:100694;;2530536;1176356;492;46.73476821992022, 6.529790057042717
8595061;Orbe, Plamont;Transports Vallée de Joux-Yverdon-Ste-Croix;BUS;VD;Orbe;5757;Orbe;ch:1:sboid:100694;;2530280;1175990.001;483;46.73144934661764, 6.5264966970572384
8595054;Orbe, Couronne;Transports Vallée de Joux-Yverdon-Ste-Croix;BUS;VD;Orbe;5757;Orbe;ch:1:sboid:100694;;2530710;1175500.001;483;46.72708677604792, 6.5321960275671085
8595057;Orbe, La Croix;Transports Vallée de Joux-Yverdon-Ste-Croix;BUS;VD;Orbe;5757;Orbe;ch:1:sboid:100694;;2530611.126;1175867.67;483.6;46.7303836025417, 6.530846948720715
8595056;Orbe, Fleurs-de-Lys;PostAuto AG;BUS;VD;Orbe;5757;Orbe;ch:1:sboid:100602;;2530422;1174399;512;46.71715338799099, 6.528596141451369
8595055;Orbe, Dame;Transports Vallée de Joux-Yverdon-Ste-Croix;BUS;VD;Orbe;5757;Orbe;ch:1:sboid:100694;;2530756;1175565;479;46.72767621983592, 6.5327879044184565
8595410;Orbe, route de Chavornay;Transports Vallée de Joux-Yverdon-Ste-Croix;BUS;VD;Orbe;5757;Orbe;ch:1:sboid:100694;;2531192.009;1174938.602;442;46.72208707206132, 6.538585431242574
8595409;Orbe, Les Moulins;Transports Vallée de Joux-Yverdon-Ste-Croix;BUS;VD;Orbe;5757;Orbe;ch:1:sboid:100694;;2530889;1174784;446;46.72066505723897, 6.534645572334127
8579729;Orges, Gret;PostAuto AG;BUS;VD;Orges;5924;Orges;ch:1:sboid:100602;;2535228;1184504;562;46.80853175327845, 6.590018703612026
8507697;Orges, village;PostAuto AG;BUS;VD;Orges;5924;Orges;ch:1:sboid:100602;;2534936;1184483;564;46.80831433661321, 6.5861963351002615
8500361;Mi-Laouissalet (Meilleret);Télé-Villars-Gryon;CHAIRLIFT;VD;Ormont-Dessous;5410;La Forclaz VD;ch:1:sboid:100954;SBA.73.280.1;2574523;1131322;1685;46.33280456781934, 7.107783445077318
8531382;Choulet - Le Fer;Télé-Leysin-Col des Mosses - La Lécherette SA;CHAIRLIFT;VD;Ormont-Dessous;5410;Le Sépey;ch:1:sboid:100191;SBA.74.023.1;2569484;1135654;1444;46.37156236471855, 7.04205971675884
8500362;Meilleret (Mi-Laouissalet);Télé-Villars-Gryon;CHAIRLIFT;VD;Ormont-Dessous;5410;La Forclaz VD;ch:1:sboid:100954;SBA.73.280.9;2575555;1131376;1947;46.33332882260317, 7.121182623814612
8531384;Solepraz (télésiège);Télé-Leysin-Col des Mosses - La Lécherette SA;CHAIRLIFT;VD;Ormont-Dessous;5410;Le Sépey;ch:1:sboid:100191;SBA.74.024.1;2570036;1136168;1326;46.37621100973087, 7.049200071820851
8501469;Les Fontanelles;Transports Publics du Chablais;TRAIN;VD;Ormont-Dessous;5410;La Forclaz VD;ch:1:sboid:100008;;2569728.982;1132492.035;896.7;46.34312999823321, 7.045450001544031
8501473;Les Planches (Aigle);Transports Publics du Chablais;TRAIN;VD;Ormont-Dessous;5410;Le Sépey;ch:1:sboid:100008;;2570491.648;1133845.592;869;46.35534000043915, 7.055269997276302
8501475;Les Echenards;Transports Publics du Chablais;TRAIN;VD;Ormont-Dessous;5410;La Forclaz VD;ch:1:sboid:100008;;2572784.585;1133835.899;1077.3;46.35534999649843, 7.085060005444977
8501702;Les Mosses, L'Arsaz;Transports Publics du Chablais (Bus);BUS;VD;Ormont-Dessous;5410;Les Mosses;ch:1:sboid:100617;;2574310;1139610;1408;46.407351491759314, 7.104557393406898
8501758;La Comballaz, centre;Transports Publics du Chablais (Bus);BUS;VD;Ormont-Dessous;5410;La Comballaz;ch:1:sboid:100617;bis 2018: La Comballaz, poste;2572687;1136568;1354;46.37992272656798, 7.083631044187388
8501975;Le Sépey, gare;Transports Publics du Chablais (Bus);BUS;VD;Ormont-Dessous;5410;Le Sépey;ch:1:sboid:100617;bis 2018: Le Sépey, gare/poste;2570292;1134511;975;46.36131685595531, 7.05263354295921
8531177;Mi-Laouissalet (Conche);Télé-Villars-Gryon;CHAIRLIFT;VD;Ormont-Dessous;5410;La Forclaz VD;ch:1:sboid:100954;SBA.73.279.1;2574879;1131244;1786;46.33211637385899, 7.112410849824772
8570628;Cergnat, Pied de Crettaz;Transports Publics du Chablais (Bus);BUS;VD;Ormont-Dessous;5410;Le Sépey;ch:1:sboid:100617;;2568625;1133204;1197;46.34948364903749, 7.031062345966449
8570627;Cergnat, Les Noisetiers;Transports Publics du Chablais (Bus);BUS;VD;Ormont-Dessous;5410;Le Sépey;ch:1:sboid:100617;;2568883;1133612;1121;46.35316585913705, 7.034386472427223
8501346;Les Mosses, église;Transports Publics du Chablais (Bus);BUS;VD;Ormont-Dessous;5410;Les Mosses;ch:1:sboid:100617;;2573605;1137798;1414;46.39102410425286, 7.095492784921062
8570620;La Comballaz, Les Voëttes;Transports Publics du Chablais (Bus);BUS;VD;Ormont-Dessous;5410;La Comballaz;ch:1:sboid:100617;;2572894;1136832;1363;46.382305970036036, 7.0863061086560775
8570634;La Forclaz VD, Les Granges;Transports Publics du Chablais (Bus);BUS;VD;Ormont-Dessous;5410;La Forclaz VD;ch:1:sboid:100617;;2570125;1132545;1086;46.34362423769711, 7.050590417335035
8570635;La Forclaz VD, Le Bouillet;Transports Publics du Chablais (Bus);BUS;VD;Ormont-Dessous;5410;La Forclaz VD;ch:1:sboid:100617;;2570298;1132900;1158;46.34682534505196, 7.052814766055376
8570632;Les Planches (Aigle), gare;Transports Publics du Chablais (Bus);BUS;VD;Ormont-Dessous;5410;La Forclaz VD;ch:1:sboid:100617;;2570493;1133756;941;46.35453413359769, 7.055293267532992
8570624;Le Sépey, La Combaz;Transports Publics du Chablais (Bus);BUS;VD;Ormont-Dessous;5410;Le Sépey;ch:1:sboid:100617;;2570847;1134418;1041;46.360504683836176, 7.059850642218145
8570622;Le Sépey, Aux Caudreys;Transports Publics du Chablais (Bus);BUS;VD;Ormont-Dessous;5410;Le Sépey;ch:1:sboid:100617;;2571770;1134928;1210;46.365131982894056, 7.07181214480393
8570626;Cergnat, église;Transports Publics du Chablais (Bus);BUS;VD;Ormont-Dessous;5410;Le Sépey;ch:1:sboid:100617;;2569571;1134079;1052;46.35739839648583, 7.043293801354409
8570633;La Forclaz VD, La Trappaz;Transports Publics du Chablais (Bus);BUS;VD;Ormont-Dessous;5410;La Forclaz VD;ch:1:sboid:100617;;2570091;1133090;1047;46.3485252748085, 7.050113624919109
8570636;La Forclaz VD, Vougny-Paluex;Transports Publics du Chablais (Bus);BUS;VD;Ormont-Dessous;5410;La Forclaz VD;ch:1:sboid:100617;;2570832;1133198;1205;46.34952949507088, 7.0597325476467825
8511127;Le Sépey, Pont de la Tine;Transports Publics du Chablais (Bus);BUS;VD;Ormont-Dessous;5410;Le Sépey;ch:1:sboid:100617;;2569229;1132491;858;46.343097891206156, 7.038955870249612
8501766;La Forclaz VD, village;Transports Publics du Chablais (Bus);BUS;VD;Ormont-Dessous;5410;La Forclaz VD;ch:1:sboid:100617;;2571425;1133350;1260;46.350922397803075, 7.067426494819335
8531176;Meilleret;Télé-Villars-Gryon;CHAIRLIFT;VD;Ormont-Dessous;5410;La Forclaz VD;ch:1:sboid:100954;SBA.73.159.9;2575525;1131474;1941;46.33420928983214, 7.1207878512034375
8573653;La Comballaz, L'Ortier;Transports Publics du Chablais (Bus);BUS;VD;Ormont-Dessous;5410;Les Mosses;ch:1:sboid:100617;;2573159;1137221;1382;46.38581592308219, 7.0897280910821845
8501792;Les Mosses, Col des Mosses;Transports Publics du Chablais (Bus);BUS;VD;Ormont-Dessous;5410;Les Mosses;ch:1:sboid:100617;;2574059;1138497;1445;46.39732975852564, 7.1013557557993545
8501474;Le Sépey;Transports Publics du Chablais;TRAIN;VD;Ormont-Dessous;5410;Le Sépey;ch:1:sboid:100008;;2570303.999;1134502.397;975.4;46.36124000014802, 7.052790000219997
8586294;Les Mosses, village;Transports Publics du Chablais (Bus);BUS;VD;Ormont-Dessous;5410;Les Mosses;ch:1:sboid:100617;;2573996;1138180;1435;46.39447572399019, 7.100554459517004
8570623;Le Sépey, La Mosse;Transports Publics du Chablais (Bus);BUS;VD;Ormont-Dessous;5410;Le Sépey;ch:1:sboid:100617;;2570870;1134759;1125;46.363573158237216, 7.060128038044764
8570621;La Comballaz, Le Pilet;Transports Publics du Chablais (Bus);BUS;VD;Ormont-Dessous;5410;La Comballaz;ch:1:sboid:100617;;2572314;1136089;1323;46.3755985295397, 7.078811548893568
8579123;Les Diablerets,rte Creux Culan;Transports Publics du Chablais (Bus);BUS;VD;Ormont-Dessus;5411;Les Diablerets;ch:1:sboid:100617;arrêt ligne 12.162;2577024;1130881;1554;46.328928080263125, 7.140284476743122
8510704;Les Diablerets, La Bierlaz;Transports Publics du Chablais (Bus);BUS;VD;Ormont-Dessus;5411;Les Diablerets;ch:1:sboid:100617;;2576773.869;1131106.224;1659;46.33094545861619, 7.137025107963838
8511108;Vers-l'Eglise, Le Rosex;Transports Publics du Chablais (Bus);BUS;VD;Ormont-Dessus;5411;Vers-l'Eglise;ch:1:sboid:100617;;2574528;1133963;1095;46.35656199161198, 7.107703192141277
8511193;Les Diablerets, La Vuargnaz;Transports Publics du Chablais (Bus);BUS;VD;Ormont-Dessus;5411;Les Diablerets;ch:1:sboid:100617;;2578771;1133562;1282.7;46.35310292026276, 7.162847362628055
8530039;Col-du-Pillon (téléphérique);Gstaad 3000 AG;CABLE_CAR;VD;Ormont-Dessus;5411;Les Diablerets;ch:1:sboid:100219;SBA.71.014.1;2582040;1133667;1555;46.354143289720476, 7.20531205973797
8530870;Cabane-des-Diabl. (Oldenegg);Gstaad 3000 AG;;VD;Ormont-Dessus;5411;Les Diablerets;ch:1:sboid:100219;SBA.73.139.9 reiner Betriebspunkt, VP=8530590;2582773;1132092;2520;46.33999454067401, 7.214893557060422
8593775;Les Nicolets;Transports Publics du Chablais;TRAIN;VD;Ormont-Dessus;5411;Vers-l'Eglise;ch:1:sboid:100008;;2575438.105;1133725.546;1096.6;46.35446000093237, 7.119539999710976
8512176;Vers-l'Eglise, Plan Morier;Transports Publics du Chablais (Bus);BUS;VD;Ormont-Dessus;5411;Vers-l'Eglise;ch:1:sboid:100617;;2575970.243;1133853.282;1118.4;46.355628390349004, 7.126446716710239
8517485;Sur-le-Buis;Transports Publics du Chablais;TRAIN;VD;Ormont-Dessus;5411;Vers-l'Eglise;ch:1:sboid:100008;;2573982.021;1133602.713;1123.7;46.35330000206168, 7.100629999496757
8584842;Les Diablerets, Lilas/Chamois;PostAuto AG;BUS;VD;Ormont-Dessus;5411;Les Diablerets;ch:1:sboid:100602;;2577997;1133533;1158;46.35281702619964, 7.152793446803683
8584840;Les Diablerets,parc des sports;PostAuto AG;BUS;VD;Ormont-Dessus;5411;Les Diablerets;ch:1:sboid:100602;;2578319;1132991;1161;46.347951947205935, 7.157002014685868
8584841;Les Diablerets, Les Vioz;PostAuto AG;BUS;VD;Ormont-Dessus;5411;Les Diablerets;ch:1:sboid:100602;;2578229;1132948;1162;46.34756221375422, 7.155834926821837
8579125;Les Diablerets, gare;Transports Publics du Chablais (Bus);BUS;VD;Ormont-Dessus;5411;Les Diablerets;ch:1:sboid:100617;;2578207;1133349;1155;46.35116871928394, 7.15553027391724
8511191;Les Diablerets, Mon Abri;Transports Publics du Chablais (Bus);BUS;VD;Ormont-Dessus;5411;Les Diablerets;ch:1:sboid:100617;;2577792;1133672;1155;46.354060632655745, 7.1501235702545145
8530038;Les Diablerets (Isenau aval);Télé-Villars-Gryon;CABLE_CAR;VD;Ormont-Dessus;5411;Les Diablerets;ch:1:sboid:100954;SBA.72.011.1;2578575;1133226;1192;46.35007415718553, 7.160316608530147
8531174;Les Mazots;Télé-Villars-Gryon;CHAIRLIFT;VD;Ormont-Dessus;5411;Les Diablerets;ch:1:sboid:100954;SBA.73.018.9 neu SBA.72.171.9;2576458;1131253;1717;46.332254750981875, 7.132915765474262
8584837;Les Diablerets, Les Diablotins;PostAuto AG;BUS;VD;Ormont-Dessus;5411;Les Diablerets;ch:1:sboid:100602;;2579327;1133155;1270;46.34945914608178, 7.170088726112962
8511109;Vers-l'Eglise, bifurcation;Transports Publics du Chablais (Bus);BUS;VD;Ormont-Dessus;5411;Vers-l'Eglise;ch:1:sboid:100617;;2576439;1133833;1145;46.35546261695756, 7.132537808083148
8511189;Les Diablerets, Le Planet;Transports Publics du Chablais (Bus);BUS;VD;Ormont-Dessus;5411;Les Diablerets;ch:1:sboid:100617;;2578269;1133706;1209.2;46.354382154513274, 7.156318951886299
8571278;Les Diablerets, Les Preises;PostAuto AG;BUS;VD;Ormont-Dessus;5411;Les Diablerets;ch:1:sboid:100602;;2580316;1133177;1385;46.349686900957636, 7.182935376463118
8571277;Les Diablerets, La Marche;PostAuto AG;BUS;VD;Ormont-Dessus;5411;Les Diablerets;ch:1:sboid:100602;;2583568;1134247;1441;46.359400065087144, 7.225142650062135
8511194;Les Diablerets, La Moille;Transports Publics du Chablais (Bus);BUS;VD;Ormont-Dessus;5411;Les Diablerets;ch:1:sboid:100617;;2578971.822;1133643.892;1329.6;46.35384593022261, 7.165452595217151
8593776;Plan Morier;Transports Publics du Chablais;TRAIN;VD;Ormont-Dessus;5411;Vers-l'Eglise;ch:1:sboid:100008;;2576181.256;1133623.62;1108.6;46.35356999777143, 7.129199996739162
8531229;Glacier-des-Diabl. (Sex Rouge);Gstaad 3000 AG;;VD;Ormont-Dessus;5411;Les Diablerets;ch:1:sboid:100219;SBA.74.190.9 reiner Betriebspunkt, VP=8501354;2581990;1130583;2935;46.32639956226762, 7.204782471475927
8579124;Les Diablerets, accrobranche;Transports Publics du Chablais (Bus);BUS;VD;Ormont-Dessus;5411;Les Diablerets;ch:1:sboid:100617;arrêt ligne 12.162;2578424;1132090;1232;46.33985033734851, 7.158407951238692
8511112;Les Diablerets, La Faverge;Transports Publics du Chablais (Bus);BUS;VD;Ormont-Dessus;5411;Les Diablerets;ch:1:sboid:100617;;2577619;1133790;1150;46.35511634115587, 7.14787032602621
8571280;Les Diablerets, Les Rochers;PostAuto AG;BUS;VD;Ormont-Dessus;5411;Les Diablerets;ch:1:sboid:100602;;2579056;1133273;1246;46.35051218905295, 7.166562970174341
8511190;Les Diablerets, Lac Retaud;Transports Publics du Chablais (Bus);BUS;VD;Ormont-Dessus;5411;Les Diablerets;ch:1:sboid:100617;;2581515;1134236;1685.2;46.35924745930817, 7.198468730449511
8511192;Les Diablerets, Crétêt au Rot;Transports Publics du Chablais (Bus);BUS;VD;Ormont-Dessus;5411;Les Diablerets;ch:1:sboid:100617;;2579084;1133515;1323.2;46.35268999381696, 7.166915776910325
8530590;Cabane-des-Diablerets;Gstaad 3000 AG;CABLE_CAR;VD;Ormont-Dessus;5411;Les Diablerets;ch:1:sboid:100219;SBA.71.014.9;2582760;1132113;2517;46.34018311274314, 7.214723927764375
8530869;Cabane-des-Diabl. (Glacier);Gstaad 3000 AG;;VD;Ormont-Dessus;5411;Les Diablerets;ch:1:sboid:100219;SBA.71.015.1 reiner Betriebspunkt, VP=8530590;2582742;1132086;2521;46.33993976724247, 7.214491145582705
8531155;Glacier du Sex Rouge;Gstaad 3000 AG;CHAIRLIFT;VD;Ormont-Dessus;5411;Les Diablerets;ch:1:sboid:100219;SBA.74.190.1;2582346;1130635;2819;46.326876829073036, 7.209403141677565
8531175;Mi-Ruvine;Télé-Villars-Gryon;CHAIRLIFT;VD;Ormont-Dessus;5411;Les Diablerets;ch:1:sboid:100954;SBA.73.159.1;2576359;1132079;1531;46.33968158864061, 7.1315879784920915
8511110;Les Diablerets, Les Bovets;Transports Publics du Chablais (Bus);BUS;VD;Ormont-Dessus;5411;Les Diablerets;ch:1:sboid:100617;;2577169;1133856;1161;46.35569483547704, 7.142020756617626
8511195;Les Diablerets, Les Frasses;Transports Publics du Chablais (Bus);BUS;VD;Ormont-Dessus;5411;Les Diablerets;ch:1:sboid:100617;;2579276;1133350;1304.2;46.35121170371526, 7.169417482875053
8501793;Col-du-Pillon, Glacier 3000;PostAuto AG;BUS;VD;Ormont-Dessus;5411;Les Diablerets;ch:1:sboid:100602;;2582063;1133631;1543;46.35382006647882, 7.205612262590459
8531173;Les Diablerets Le Vioz;Télé-Villars-Gryon;CHAIRLIFT;VD;Ormont-Dessus;5411;Les Diablerets;ch:1:sboid:100954;SBA.73.018.1 neu SBA.72.171.1;2578166.737;1132731.551;1171;46.34561309845036, 7.155036329494376
8571279;Les Diablerets, Les Parchets;PostAuto AG;BUS;VD;Ormont-Dessus;5411;Les Diablerets;ch:1:sboid:100602;;2579760;1133145;1311;46.34938243951988, 7.175714039944134
8511964;Les Diablerets, Sasset;Transports Publics du Chablais (Bus);BUS;VD;Ormont-Dessus;5411;Les Diablerets;ch:1:sboid:100617;;2578952.988;1133472.732;1294.8;46.35230565864906, 7.165215683671582
8511965;Les Diablerets, Droutzay;Transports Publics du Chablais (Bus);BUS;VD;Ormont-Dessus;5411;Les Diablerets;ch:1:sboid:100617;;2578649.361;1132085.26;1196.8;46.33981492651401, 7.161335195863767
8512175;Vers-l'Eglise, Les Nicolets;Transports Publics du Chablais (Bus);BUS;VD;Ormont-Dessus;5411;Vers-l'Eglise;ch:1:sboid:100617;;2575650.446;1133772.088;1111.5;46.35488643395354, 7.122296212862343
8593774;La Faverge;Transports Publics du Chablais;TRAIN;VD;Ormont-Dessus;5411;Les Diablerets;ch:1:sboid:100008;;2577561.17;1133769.5;1147.3;46.354929994011115, 7.147120002922439
8501479;Les Diablerets;Transports Publics du Chablais;TRAIN;VD;Ormont-Dessus;5411;Les Diablerets;ch:1:sboid:100008;;2578167.718;1133348.173;1156.1;46.35115999853249, 7.155020005386132
8501477;Vers-l'Eglise;Transports Publics du Chablais;TRAIN;VD;Ormont-Dessus;5411;Vers-l'Eglise;ch:1:sboid:100008;;2576561.527;1133628.796;1126.1;46.35362999354051, 7.134140001149164
8501354;Glacier-des-Diablerets;Gstaad 3000 AG;CABLE_CAR;VD;Ormont-Dessus;5411;Les Diablerets;ch:1:sboid:100219;SBA.71.015.9;2581981;1130628;2944;46.32680412096592, 7.204663855829559
8501706;Les Diablerets, Le Rachy;Transports Publics du Chablais (Bus);BUS;VD;Ormont-Dessus;5411;Les Diablerets;ch:1:sboid:100617;;2577329;1132914;1333;46.34722645991332, 7.144145586842023
8501476;Les Aviolats;Transports Publics du Chablais;TRAIN;VD;Ormont-Dessus;5411;Vers-l'Eglise;ch:1:sboid:100008;;2574946.339;1133561.936;1090.9;46.3529700008271, 7.113160005121262
8511963;Les Diablerets, Le Belvédère;Transports Publics du Chablais (Bus);BUS;VD;Ormont-Dessus;5411;Les Diablerets;ch:1:sboid:100617;;2578897.781;1133617.301;1309.4;46.35360439446439, 7.164491896077776
8584839;Les Diablerets, Commune;PostAuto AG;BUS;VD;Ormont-Dessus;5411;Les Diablerets;ch:1:sboid:100602;;2578425;1133068;1162;46.348648034355755, 7.15837537833363
8512405;La Jorasse;Télé-Villars-Gryon-Diablerets SA;CABLE_CAR;VD;Ormont-Dessus;5411;Les Diablerets;ch:1:sboid:1100022;;2576965.509;1131765.191;1696.3;46.33687986107873, 7.139480986573759
8593773;Les Bovets;Transports Publics du Chablais;TRAIN;VD;Ormont-Dessus;5411;Les Diablerets;ch:1:sboid:100008;;2577139.594;1133830.006;1156.2;46.355460000248435, 7.1416399987524475
8584838;Les Diablerets, Les Ormonts;PostAuto AG;BUS;VD;Ormont-Dessus;5411;Les Diablerets;ch:1:sboid:100602;;2578472;1133239;1175;46.350187791280085, 7.158977970777081
8505426;Orny, village;PostAuto AG;BUS;VD;Orny;5493;Orny;ch:1:sboid:100602;;2530182;1168928;467;46.66791728323623, 6.52629086679315
8577679;Oron-le-Châtel, La Chavanne;PostAuto AG;BUS;VD;Oron;5805;Oron-le-Châtel;ch:1:sboid:100602;;2554264;1158452;719;46.57577142094787, 6.842010308621177
8504014;Palézieux;Schweizerische Bundesbahnen SBB;TRAIN;VD;Oron;5805;Palézieux;ch:1:sboid:100001;;2553918.865;1154785.194;668.75;46.54276359358115, 6.837875276813898
8579741;Bussigny-sur-Oron, collège;PostAuto AG;BUS;VD;Oron;5805;Bussigny-sur-Oron;ch:1:sboid:100602;;2555841;1157773;771;46.569769854079816, 6.862646786393176
8579800;Oron-la-Ville, gare routière;PostAuto AG;BUS;VD;Oron;5805;Oron-la-Ville;ch:1:sboid:100602;;2552694;1157957;611;46.571209263457284, 6.821581301333403
8582199;Les Thioleyres, village;PostAuto AG;BUS;VD;Oron;5805;Les Thioleyres;ch:1:sboid:100602;;2551904;1154452;700;46.539624276974884, 6.811643171256561
8582200;Les Tavernes, collège;PostAuto AG;BUS;VD;Oron;5805;Les Tavernes;ch:1:sboid:100602;;2552116;1155971;645;46.553303378775695, 6.814248822487205
8577681;Oron-le-Châtel, gare;PostAuto AG;BUS;VD;Oron;5805;Oron-le-Châtel;ch:1:sboid:100602;;2553852;1158088;699;46.572468754755256, 6.836672470232651
8504790;Ecoteaux, collège;PostAuto AG;BUS;VD;Oron;5805;Ecoteaux;ch:1:sboid:100602;;2555812;1155099;766;46.54571440260721, 6.862525244744052
8570441;Ecoteaux, Platta-Pierraz;PostAuto AG;BUS;VD;Oron;5805;Ecoteaux;ch:1:sboid:100602;;2554949;1155067;692;46.54536885664717, 6.851277171946997
8570437;Vuibroye, Champacot;PostAuto AG;BUS;VD;Oron;5805;Vuibroye;ch:1:sboid:100602;;2551735;1158473;623;46.57578214172227, 6.80901854111848
8570458;Vuibroye, village;PostAuto AG;BUS;VD;Oron;5805;Vuibroye;ch:1:sboid:100602;;2551511;1158076;635;46.572194772612086, 6.806138412758192
8570438;Châtillens, gare;PostAuto AG;BUS;VD;Oron;5805;Châtillens;ch:1:sboid:100602;;2552214;1157874;602;46.57042844709366, 6.815329081297836
8570440;Palézieux, gare;PostAuto AG;BUS;VD;Oron;5805;Palézieux;ch:1:sboid:100602;;2553898;1154716;671;46.542139730401914, 6.837610194527385
8570442;Ecoteaux, laiterie;PostAuto AG;BUS;VD;Oron;5805;Ecoteaux;ch:1:sboid:100602;;2555591;1154817;725;46.543163047677496, 6.859671190086359
8578927;Palézieux, zone ind. En Grivaz;PostAuto AG;BUS;VD;Oron;5805;Palézieux-Village;ch:1:sboid:100602;;2553416;1154704;636;46.54199832231591, 6.831327849466611
8579737;Palézieux-Village, collège;PostAuto AG;BUS;VD;Oron;5805;Palézieux-Village;ch:1:sboid:100602;;2553620;1156222;637;46.55566741910814, 6.833834376738656
8580757;Oron-la-Ville, Pralets;PostAuto AG;BUS;VD;Oron;5805;Oron-la-Ville;ch:1:sboid:100602;;2552547;1157935;604;46.57100092763476, 6.819666187178014
8582202;Palézieux, En Plan;PostAuto AG;BUS;VD;Oron;5805;Palézieux-Village;ch:1:sboid:100602;;2552854;1155614;633;46.550144596686195, 6.8239082408100025
8583253;Bussigny-sur-Oron, La Resse;PostAuto AG;BUS;VD;Oron;5805;Bussigny-sur-Oron;ch:1:sboid:100602;;2555427;1157591;780;46.56810517172925, 6.8572645650601665
8515350;Palézieux Est (bif);Schweizerische Bundesbahnen SBB;;VD;Oron;5805;Palézieux-Village;ch:1:sboid:100001;(Zug);2554370.435;1155161.747;670.8;46.54618183375128, 6.843724903102607
8504775;Oron-la-Ville, centre;PostAuto AG;BUS;VD;Oron;5805;Oron-la-Ville;ch:1:sboid:100602;;2553123;1157918;630;46.57088872782371, 6.827180907308626
8570451;Bussigny-sur-Oron, croisée;PostAuto AG;BUS;VD;Oron;5805;Chesalles-sur-Oron;ch:1:sboid:100602;;2555954;1158387;831;46.57530045759296, 6.864061872105564
8570449;Oron-le-Châtel, Château;PostAuto AG;BUS;VD;Oron;5805;Oron-le-Châtel;ch:1:sboid:100602;;2554042;1158380;708;46.5751085010789, 6.839121612160447
8519342;Palézieux [voie 11-12];Transports publics fribourgeois;;VD;Oron;5805;Palézieux;ch:1:sboid:100034;(Zug);2553902.93;1154721.62;668;46.54219062816765, 6.837673895124957
8504016;Palézieux-Village;Schweizerische Bundesbahnen SBB;TRAIN;VD;Oron;5805;Palézieux-Village;ch:1:sboid:100001;;2553240.909;1156385.667;633.8;46.557113199779806, 6.828874524740348
8504020;Oron;Schweizerische Bundesbahnen SBB;TRAIN;VD;Oron;5805;Oron-le-Châtel;ch:1:sboid:100001;;2553885.158;1158096.289;700.1;46.57254560973378, 6.837104144003912
8504017;Châtillens;Schweizerische Bundesbahnen SBB;TRAIN;VD;Oron;5805;Châtillens;ch:1:sboid:100001;;2552225.779;1157885.532;601.96;46.57053302432071, 6.815481520130104
8504789;Palézieux-Village, centre;PostAuto AG;BUS;VD;Oron;5805;Palézieux-Village;ch:1:sboid:100602;;2553318;1156172;634;46.555196596209385, 6.82990146118472
8570439;Oron-la-Ville, Pré à l'Abbé;PostAuto AG;BUS;VD;Oron;5805;Oron-la-Ville;ch:1:sboid:100602;;2553437;1157489;640;46.56705173128464, 6.831319935209418
8570459;Châtillens, collège;PostAuto AG;BUS;VD;Oron;5805;Vuibroye;ch:1:sboid:100602;;2551336;1157330;641;46.56547155243198, 6.803934668075031
8570450;Chesalles-sur-Oron;PostAuto AG;BUS;VD;Oron;5805;Chesalles-sur-Oron;ch:1:sboid:100602;;2555114;1158549;787;46.576701704227276, 6.853088724088641
8570460;Châtillens, Le Péleret;PostAuto AG;BUS;VD;Oron;5805;Châtillens;ch:1:sboid:100602;;2550769;1157067;689;46.56306420270705, 6.796567981701812
8570461;Essertes, village;PostAuto AG;BUS;VD;Oron;5805;Essertes;ch:1:sboid:100602;;2550117;1157015;738;46.56254802872666, 6.78807061420497
8507698;Orzens, village;PostAuto AG;BUS;VD;Orzens;5925;Orzens;ch:1:sboid:100602;;2542228;1174952;620;46.72325701426686, 6.682931504337101
8570186;Oulens-sous-Echallens,Gd Salle;PostAuto AG;BUS;VD;Oulens-sous-Echallens;5529;Oulens-sous-Echallens;ch:1:sboid:100602;;2534016;1165700;586;46.63927221993103, 6.576851633164543
8570187;Oulens-sous-Echallens, collège;PostAuto AG;BUS;VD;Oulens-sous-Echallens;5529;Oulens-sous-Echallens;ch:1:sboid:100602;;2534119;1166169;587;46.64350105621181, 6.5781294603016445
8504759;Pailly, village;PostAuto AG;BUS;VD;Pailly;5530;Pailly;ch:1:sboid:100602;;2541532;1172537;649;46.70147320447046, 6.674136233048425
8570305;Pailly, Le Rembloz;PostAuto AG;BUS;VD;Pailly;5530;Pailly;ch:1:sboid:100602;;2541912;1172166;610;46.698169301195136, 6.6791516736618854
8502735;Pailly, Moulin-Pacot;PostAuto AG;BUS;VD;Pailly;5530;Pailly;ch:1:sboid:100602;;2542513;1171977;560;46.696521396573004, 6.687032822799444
8592167;Paudex, Marronnier;Transports Publics de la Région Lausannoise sa;BUS;VD;Paudex;5588;Paudex;ch:1:sboid:100122;;2541418;1150778;394;46.505738313528724, 6.675418648185158
8592169;Paudex, village;Transports Publics de la Région Lausannoise sa;BUS;VD;Paudex;5588;Paudex;ch:1:sboid:100122;;2541227;1150883;405;46.50666603340664, 6.672917031931323
8592168;Paudex, Verrière;Transports Publics de la Région Lausannoise sa;BUS;VD;Paudex;5588;Paudex;ch:1:sboid:100122;;2541082;1150789;384;46.505807716830105, 6.671040026721771
8504134;Payerne;Schweizerische Bundesbahnen SBB;TRAIN;VD;Payerne;5822;Payerne;ch:1:sboid:100001;;2561939.492;1185510.189;451.96;46.81964995917924, 6.939884923199121
8511703;Payerne, Stade;PostAuto AG;BUS;VD;Payerne;5822;Payerne;ch:1:sboid:100602;;2562251.77;1185939.025;451;46.82352524156948, 6.943941422007995
8512255;Payerne, Vuaz Vauchy;PostAuto AG;BUS;VD;Payerne;5822;Payerne;ch:1:sboid:100602;;2561694.346;1187136.609;446.9;46.834265771083004, 6.936535842140554
8504158;Vers-chez-Perrin, Etrabloz;PostAuto AG;BUS;VD;Payerne;5822;Vers-chez-Perrin;ch:1:sboid:100602;;2561830;1182400;494;46.79166693859296, 6.938710529316902
8557134;Payerne, Simplon;PostAuto AG;BUS;VD;Payerne;5822;Payerne;ch:1:sboid:100602;(neue Hst per 08.2018 aber keine Fahrplandaten);2561696;1185490;449;46.81945435152479, 6.936695956723768
8557131;Payerne, Rives de la Broye;PostAuto AG;BUS;VD;Payerne;5822;Payerne;ch:1:sboid:100602;(neue Hst per 08.2018 aber keine Fahrplandaten);2560977;1184966;450;46.81469901204424, 6.927319250276555
8504154;Vers-chez-Perrin, bif.;PostAuto AG;BUS;VD;Payerne;5822;Vers-chez-Perrin;ch:1:sboid:100602;;2561932;1182973;507;46.79682704319899, 6.939998600175327
8557132;Payerne, Beaulieu;PostAuto AG;BUS;VD;Payerne;5822;Payerne;ch:1:sboid:100602;(neue Hst per 08.2018 aber keine Fahrplandaten);2561447;1185597;449;46.820402421308216, 6.9334240786916155
8582048;Payerne, gymnase;PostAuto AG;BUS;VD;Payerne;5822;Payerne;ch:1:sboid:100602;;2561864;1185078;466;46.81575801172425, 6.938931857160664
8515351;Payerne Est (bif);Schweizerische Bundesbahnen SBB;;VD;Payerne;5822;Payerne;ch:1:sboid:100001;(Zug);2562566.951;1186322.89;447.96;46.826996022499685, 6.948040242988017
8504999;Payerne, hôpital;PostAuto AG;BUS;VD;Payerne;5822;Payerne;ch:1:sboid:100602;(Bus) ohne Fahrplandaten 12.2018;2562470;1185487;485;46.81947157293441, 6.946838493887663
8557135;Payerne, Concorde;PostAuto AG;BUS;VD;Payerne;5822;Payerne;ch:1:sboid:100602;(neue Hst per 08.2018 aber keine Fahrplandaten);2561827;1185553;450;46.82002859266185, 6.938407267584982
8557136;Payerne, Sansui;PostAuto AG;BUS;VD;Payerne;5822;Payerne;ch:1:sboid:100602;(neue Hst per 08.2018 aber keine Fahrplandaten);2562449;1185761;466;46.82193506353714, 6.946540736584206
8557137;Payerne, Colline;PostAuto AG;BUS;VD;Payerne;5822;Payerne;ch:1:sboid:100602;(neue Hst per 08.2018 aber keine Fahrplandaten);2562652;1185541;486;46.8199675767092, 6.949218949014696
8570399;Payerne, croisée de Cugy (VD);PostAuto AG;BUS;VD;Payerne;5822;Payerne;ch:1:sboid:100602;;2561225;1185466;449;46.81921112564259, 6.930526148173708
8570400;Payerne, Les Sorbiers;PostAuto AG;BUS;VD;Payerne;5822;Payerne;ch:1:sboid:100602;;2561021.294;1185133.005;450;46.81620385435403, 6.9278853333504635
8504780;Payerne, gare;PostAuto AG;BUS;VD;Payerne;5822;Payerne;ch:1:sboid:100602;;2561959;1185547;452;46.81998219858285, 6.9401374788381505
8583429;Payerne, Moulin à Pigeon;PostAuto AG;BUS;VD;Payerne;5822;Payerne;ch:1:sboid:100602;;2561864;1184621;484;46.811647215096585, 6.938970091579637
8511702;Payerne, Grandes Rayes;PostAuto AG;BUS;VD;Payerne;5822;Payerne;ch:1:sboid:100602;;2562007.753;1186182.988;447.9;46.8257058119405, 6.940723306788541
8511700;Payerne, Champ Aubert;PostAuto AG;BUS;VD;Payerne;5822;Payerne;ch:1:sboid:100602;;2561077.899;1186350.925;447.8;46.82716256027411, 6.928523007533564
8511701;Payerne, La Palaz;PostAuto AG;BUS;VD;Payerne;5822;Payerne;ch:1:sboid:100602;;2561357.825;1185918.101;448.3;46.8232855923648, 6.93222829942922
8512171;Payerne, caserne;PostAuto AG;BUS;VD;Payerne;5822;Payerne;ch:1:sboid:100602;;2561731.727;1186264.074;448.2;46.82641933228896, 6.93709910596976
8557138;Payerne, Grand'Rue;PostAuto AG;BUS;VD;Payerne;5822;Payerne;ch:1:sboid:100602;(neue Hst per 08.2018 aber keine Fahrplandaten);2561777;1185697;450;46.82132102014053, 6.937739996212812
8511699;Payerne, Aéropôle;PostAuto AG;BUS;VD;Payerne;5822;Payerne;ch:1:sboid:100602;;2560175.745;1187656.953;445.7;46.8388569482275, 6.916585571424147
8593755;Cossonay-Penthalaz (funi);Transports de la Région Morges-Bière-Cossonay;CABLE_RAILWAY;VD;Penthalaz;5495;Penthalaz;ch:1:sboid:100301;SBA.61.009.1;2529839;1162038;431;46.605906271097766, 6.5228617949711625
8501115;Cossonay-Penthalaz;Schweizerische Bundesbahnen SBB;TRAIN;VD;Penthalaz;5495;Penthalaz;ch:1:sboid:100001;;2529902.52;1162048.799;427.95;46.6060100852867, 6.523689168142412
8570129;Cossonay-Penthalaz, gare;PostAuto AG;BUS;VD;Penthalaz;5495;Penthalaz;ch:1:sboid:100602;;2529881;1162027;428;46.60581174285841, 6.523411627966799
8570131;Penthalaz, village;PostAuto AG;BUS;VD;Penthalaz;5495;Penthalaz;ch:1:sboid:100602;;2530227;1162873;485;46.613457745582906, 6.527798968104601
8581114;Penthalaz, Verney;PostAuto AG;BUS;VD;Penthalaz;5495;Penthalaz;ch:1:sboid:100602;;2530301;1161861;441;46.60436259713349, 6.528918341516292
8570130;Penthalaz, poste;PostAuto AG;BUS;VD;Penthalaz;5495;Penthalaz;ch:1:sboid:100602;;2530036;1162464;453;46.60975880731903, 6.525368072019379
8570132;Penthaz, La Vaux;PostAuto AG;BUS;VD;Penthaz;5496;Penthaz;ch:1:sboid:100602;;2530469.001;1161616.001;454;46.602176375958166, 6.531147959058235
8501299;Penthaz, village;PostAuto AG;BUS;VD;Penthaz;5496;Penthaz;ch:1:sboid:100602;;2531068;1161308;486;46.59946807944156, 6.539011341936963
8570192;Penthéréaz, village;PostAuto AG;BUS;VD;Penthéréaz;5531;Penthéréaz;ch:1:sboid:100602;;2536121;1170404;622;46.68178975909402, 6.6036869633649165
8570194;Penthéréaz, Le Battoir;PostAuto AG;BUS;VD;Penthéréaz;5531;Penthéréaz;ch:1:sboid:100602;;2536279;1170889;620;46.68616746196988, 6.605684572905265
8570195;Penthéréaz, Champ-de-Vaud;PostAuto AG;BUS;VD;Penthéréaz;5531;Penthéréaz;ch:1:sboid:100602;;2537416;1171661;604;46.693219414176376, 6.620440767415653
8501034;Perroy;Schweizerische Bundesbahnen SBB;;VD;Perroy;5860;Perroy;ch:1:sboid:100001;(Zug);2517385.957;1147223.951;418.072;46.47123185896843, 6.362992260381611
8570040;Perroy, village;PostAuto AG;BUS;VD;Perroy;5860;Perroy;ch:1:sboid:100602;;2517428;1146964;419;46.46889885088727, 6.363586046017817
8570039;Perroy, Couronnette;PostAuto AG;BUS;VD;Perroy;5860;Perroy;ch:1:sboid:100602;;2516601;1146417;385;46.46387611407035, 6.352918901648455
8570041;Perroy, Vinicole;PostAuto AG;BUS;VD;Perroy;5860;Perroy;ch:1:sboid:100602;;2517768;1147136;417;46.47048784011646, 6.36798155535601
8579669;Poliez-Pittet, collège;PostAuto AG;BUS;VD;Poliez-Pittet;5533;Poliez-Pittet;ch:1:sboid:100602;;2541726;1164675;709;46.63077085687746, 6.677671689143971
8570212;Poliez-Pittet, village;PostAuto AG;BUS;VD;Poliez-Pittet;5533;Poliez-Pittet;ch:1:sboid:100602;;2542129;1164373;742;46.62808943783684, 6.682971960992948
8570210;Poliez-Pittet, Grands-Champs;PostAuto AG;BUS;VD;Poliez-Pittet;5533;Poliez-Pittet;ch:1:sboid:100602;;2541657;1164880;711;46.63260881935328, 6.676744669588884
8570211;Poliez-Pittet, Les Roches;PostAuto AG;BUS;VD;Poliez-Pittet;5533;Poliez-Pittet;ch:1:sboid:100602;;2541901;1164539;723;46.62956279602667, 6.679973975327162
8570162;Pompaples, La Colline;PostAuto AG;BUS;VD;Pompaples;5497;Pompaples;ch:1:sboid:100602;;2528873;1168745;490;46.66613277613107, 6.509215476740316
8501894;St-Loup, hôpital;PostAuto AG;BUS;VD;Pompaples;5497;Pompaples;ch:1:sboid:100602;;2528481;1168865;524;46.66717020280956, 6.504074957903854
8570308;Pomy, collège;PostAuto AG;BUS;VD;Pomy;5926;Pomy;ch:1:sboid:100602;;2541343;1178916;567;46.75883582040387, 6.670847329238494
8507953;Pomy, village;PostAuto AG;BUS;VD;Pomy;5926;Pomy;ch:1:sboid:100602;;2541160;1179082;557;46.760312823264606, 6.668430741427392
8570302;Pomy, Centre Orif;PostAuto AG;BUS;VD;Pomy;5926;Pomy;ch:1:sboid:100602;;2540187;1179558;498;46.76450763304124, 6.655632889041579
8570303;Pomy, croisée de Sermuz;PostAuto AG;BUS;VD;Pomy;5926;Pomy;ch:1:sboid:100602;;2540052;1179080;493;46.76019588191017, 6.653928444007187
8502812;Prangins, Les Clos;Transports Publics de la Région Nyonnaise;BUS;VD;Prangins;5725;Prangins;ch:1:sboid:100540;;2508568.144;1138549.686;400.2;46.39206315022458, 6.249913216862347
8588683;Prangins, Tour d'Eau;Bus Nyon-Prangins;BUS;VD;Prangins;5725;Prangins;ch:1:sboid:100543;;2508482.464;1139732.245;427.5;46.40268809138396, 6.248565902052106
8588681;Prangins, Les Morettes;Bus Nyon-Prangins;BUS;VD;Prangins;5725;Prangins;ch:1:sboid:100543;;2508775.335;1139345.797;416.9;46.39925210079153, 6.25244984038806
8588670;Prangins, La Banderolle;Transports Publics de la Région Nyonnaise;BUS;VD;Prangins;5725;Prangins;ch:1:sboid:100540;;2508391.839;1138081.651;378.9;46.38782928468708, 6.247713885948735
8588680;Prangins, La Bruyère;Bus Nyon-Prangins;BUS;VD;Prangins;5725;Prangins;ch:1:sboid:100543;;2508707.014;1139124.56;414.3;46.39725286107569, 6.251605183268332
8588675;Prangins, gare;Bus Nyon-Prangins;BUS;VD;Prangins;5725;Prangins;ch:1:sboid:100543;;2508212.617;1139001.547;417.6;46.39607883515992, 6.245202150092708
8588679;Prangins, La Tuilière;Bus Nyon-Prangins;BUS;VD;Prangins;5725;Prangins;ch:1:sboid:100543;;2508261.107;1139380.673;420.5;46.39949556388446, 6.2457574680511705
8588685;Prangins, hôpital;Transports Publics de la Région Nyonnaise;BUS;VD;Prangins;5725;Prangins;ch:1:sboid:100540;;2509150;1139275;403;46.398666239119486, 6.257334747851874
8588678;Prangins, Sus-Gare;Bus Nyon-Prangins;BUS;VD;Prangins;5725;Prangins;ch:1:sboid:100543;;2508100;1139075;445;46.396724075214514, 6.243723534272709
8507318;Prangins, Musée national;Bus Nyon-Prangins;BUS;VD;Prangins;5725;Prangins;ch:1:sboid:100543;;2508638;1138646;405;46.392938991826114, 6.25080231329261
8501040;Prangins;Schweizerische Bundesbahnen SBB;;VD;Prangins;5725;Prangins;ch:1:sboid:100001;(Zug);2508195.48;1138993.533;416.852;46.396004406420076, 6.244980948432408
8595653;Prangins, Bénex-Dessus;Bus Nyon-Prangins;BUS;VD;Prangins;5725;Prangins;ch:1:sboid:100543;;2508734.782;1139524.317;423;46.4008522967947, 6.251887456396127
8588674;Prangins, Les Mélèzes;Bus Nyon-Prangins;BUS;VD;Prangins;5725;Prangins;ch:1:sboid:100543;;2508029.039;1138759.326;419.5;46.39387497772115, 6.242863663413214
8588672;Prangins, Pont de la Redoute;Bus Nyon-Prangins;BUS;VD;Prangins;5725;Prangins;ch:1:sboid:100543;;2507917.302;1138455.976;419.4;46.39113112113905, 6.241471379718453
8588677;Prangins, Vieux Pressoir;Transports Publics de la Région Nyonnaise;BUS;VD;Prangins;5725;Prangins;ch:1:sboid:100540;;2508535.576;1138858.816;410.3;46.394839212737566, 6.249428855637456
8588671;Prangins, Sadex;Transports Publics de la Région Nyonnaise;BUS;VD;Prangins;5725;Prangins;ch:1:sboid:100540;;2508578;1138288;381;46.389710739384235, 6.25009295592756
8588676;Prangins, temple;Transports Publics de la Région Nyonnaise;BUS;VD;Prangins;5725;Prangins;ch:1:sboid:100540;;2508550;1138800;414;46.39431215160808, 6.249627972726598
8595589;Prangins, Les Abériaux;Transports Publics de la Région Nyonnaise;BUS;VD;Prangins;5725;Prangins;ch:1:sboid:100540;;2508894;1138650;383;46.39300983767094, 6.254129396067228
8501256;Premier, collège;PostAuto AG;BUS;VD;Premier;5759;Premier;ch:1:sboid:100602;;2524051;1173049;867;46.70431414748599, 6.445499521581564
8570227;Premier, croisée de Forel (Lavaux);PostAuto AG;BUS;VD;Premier;5759;Premier;ch:1:sboid:100602;;2524382;1172733;807;46.70150947069503, 6.449879497411116
8570228;Premier, village;PostAuto AG;BUS;VD;Premier;5759;Premier;ch:1:sboid:100602;;2524137;1172955;849;46.70347844301589, 6.44663953525394
8588898;Préverenges, Capellan;Automobiles MBC;BUS;VD;Préverenges;5643;Préverenges;ch:1:sboid:100566;;2529954;1152437;405;46.51955767353338, 6.525823157329829
8592279;Préverenges, Taudaz;Automobiles MBC;BUS;VD;Préverenges;5643;Préverenges;ch:1:sboid:100566;;2529331;1152250;384;46.51781000786395, 6.517733817535222
8579230;Préverenges, village;Automobiles MBC;BUS;VD;Préverenges;5643;Préverenges;ch:1:sboid:100566;;2529987;1152190;411;46.5173393697413, 6.526290657406674
8570470;Prévonloup, café;PostAuto AG;BUS;VD;Prévonloup;5683;Prévonloup;ch:1:sboid:100602;;2557533;1172123;747;46.69896235858652, 6.883387989911752
8570471;Prévonloup, poste;PostAuto AG;BUS;VD;Prévonloup;5683;Prévonloup;ch:1:sboid:100602;;2557466;1172313;741;46.70066717802537, 6.882494354488424
8511406;Union-Prilly, gare;Transports Publics de la Région Lausannoise sa;BUS;VD;Prilly;5589;Prilly;ch:1:sboid:100122;;2536412.865;1154086.205;504;46.53503837792419, 6.609758951330921
8592187;Prilly, Mont-Goulin;Transports Publics de la Région Lausannoise sa;BUS;VD;Prilly;5589;Prilly;ch:1:sboid:100122;;2536517;1154484;535;46.53862649015892, 6.611061487005326
8592179;Prilly, Flumeaux;Transports Publics de la Région Lausannoise sa;BUS;VD;Prilly;5589;Prilly;ch:1:sboid:100122;;2535710;1153529;437;46.52995899032867, 6.600675261565543
8592176;Prilly, Coudraie;Transports Publics de la Région Lausannoise sa;BUS;VD;Prilly;5589;Prilly;ch:1:sboid:100122;;2536413;1154670;538;46.5402896821149, 6.609680156165989
8592181;Prilly, Huttins;Transports Publics de la Région Lausannoise sa;BUS;VD;Prilly;5589;Prilly;ch:1:sboid:100122;;2536308;1153887;484;46.53323652303582, 6.6084196232123436
8593849;Cery-Fleur-de-Lys, gare;Transports Publics de la Région Lausannoise sa;BUS;VD;Prilly;5589;Prilly;ch:1:sboid:100122;arrêt Taxibus 960;2536079;1155158;540;46.544647395217225, 6.605258555138089
8518452;Prilly-Malley;Schweizerische Bundesbahnen SBB;TRAIN;VD;Prilly;5589;Prilly;ch:1:sboid:100001;;2535856.007;1153164.24;430.4;46.52669197652311, 6.6026289392506525
8501162;Union-Prilly;Lausanne-Echallens-Bercher;TRAIN;VD;Prilly;5589;Prilly;ch:1:sboid:100036;;2536419.475;1154050.74;503;46.53472000029555, 6.6098499957699275
8501164;Cery-Fleur-de-Lys;Lausanne-Echallens-Bercher;TRAIN;VD;Prilly;5589;Prilly;ch:1:sboid:100036;;2536059.857;1155150.711;540;46.544579997347824, 6.605010005346762
8592180;Prilly, Grand Vigne;Transports Publics de la Région Lausannoise sa;BUS;VD;Prilly;5589;Prilly;ch:1:sboid:100122;;2535964;1153723;461;46.53172843617947, 6.603958731908137
8592049;Prilly-Malley, Galicien;Transports Publics de la Région Lausannoise sa;BUS|TRAM;VD;Prilly;5589;Prilly;ch:1:sboid:100122;;2535933.887;1153340.241;433.7;46.52828259669206, 6.603619439782549
8511846;Prilly-Malley, gare;Transports Publics de la Région Lausannoise sa;BUS;VD;Prilly;5589;Prilly;ch:1:sboid:100122;;2535848.511;1153269.879;429.1;46.52764149501712, 6.602516552906934
8592175;Prilly, Chasseur;Transports Publics de la Région Lausannoise sa;BUS;VD;Prilly;5589;Prilly;ch:1:sboid:100122;;2536176;1154545;510;46.53914268807974, 6.606608021601741
8592173;Prilly, centre;Transports Publics de la Région Lausannoise sa;BUS;VD;Prilly;5589;Prilly;ch:1:sboid:100122;;2536064.618;1154037.432;482.6;46.534566413960924, 6.605226528885792
8501163;Prilly-Chasseur;Lausanne-Echallens-Bercher;TRAIN;VD;Prilly;5589;Prilly;ch:1:sboid:100036;;2536239.649;1154600.723;520.9;46.539650001094884, 6.607429999799677
8510543;Prilly-Malley, gare/aréna;Transports Publics de la Région Lausannoise sa;BUS;VD;Prilly;5589;Prilly;ch:1:sboid:100122;;2535782.001;1153352.972;433;46.52838253185972, 6.601638181129214
8592192;Prilly, Corminjoz;Transports Publics de la Région Lausannoise sa;BUS;VD;Prilly;5589;Prilly;ch:1:sboid:100122;;2535816.93;1154331.21;479.2;46.5371852179583, 6.601957186623665
8510752;Provence, Les Rochats;PostAuto AG;BUS;VD;Provence;5566;Provence;ch:1:sboid:100602;;2541679;1193462;1161;46.88970546014013, 6.673384498252535
8511753;Creux-du-Van, Chez les Favre;PostAuto AG;BUS;VD;Provence;5566;Couvet;ch:1:sboid:100602;;2543656.379;1197082.262;1260.1;46.92244001045271, 6.698880006609493
8507666;Provence, Le Couvent;PostAuto AG;BUS;VD;Provence;5566;Couvet;ch:1:sboid:100602;;2540300;1196145;1113;46.91371584449393, 6.654939075713871
8507955;Provence, poste;PostAuto AG;BUS;VD;Provence;5566;Provence;ch:1:sboid:100602;;2545698;1193470;773;46.89011855040655, 6.7261151422019685
8570286;Provence, anc. poste;PostAuto AG;BUS;VD;Provence;5566;Provence;ch:1:sboid:100602;;2545888;1193662;776;46.89186109474485, 6.728585226028661
8570285;Provence, La Grangette;PostAuto AG;BUS;VD;Provence;5566;Provence;ch:1:sboid:100602;;2545825;1193430;764;46.88976913818517, 6.727786233317028
8570272;Provence, Vuissens;PostAuto AG;BUS;VD;Provence;5566;Couvet;ch:1:sboid:100602;;2539376;1193987;1174;46.89422129246223, 6.643098140880567
8570287;Provence, village;PostAuto AG;BUS;VD;Provence;5566;Provence;ch:1:sboid:100602;;2545835;1193619;781;46.891469989098276, 6.7278949290378725
8504012;Puidoux;Schweizerische Bundesbahnen SBB;TRAIN;VD;Puidoux;5607;Puidoux;ch:1:sboid:100001;;2548335.067;1149391.962;617.56;46.49384122879209, 6.765686484646686
8504009;Le Verney (embr);Schweizerische Bundesbahnen SBB;;VD;Puidoux;5607;Puidoux;ch:1:sboid:100001;Güterverkehr;2548128.461;1148744.469;607.993;46.48800084505212, 6.76306827379806
8570563;Chexbres, Bellevue;PostAuto AG;BUS;VD;Puidoux;5607;Puidoux;ch:1:sboid:100602;;2548969;1147996;571;46.48133286682049, 6.774097622099306
8570566;Puidoux, Cité-de-Sully;PostAuto AG;BUS;VD;Puidoux;5607;Puidoux;ch:1:sboid:100602;;2548576;1149236;598;46.49245689262496, 6.7688419477194595
8557083;Puidoux, Grangeneuve;PostAuto AG;BUS;VD;Puidoux;5607;Puidoux;ch:1:sboid:100602;;2550908;1153348;695;46.529620974623626, 6.7987771632620735
8557086;Puidoux, La Lôche;PostAuto AG;BUS;VD;Puidoux;5607;Puidoux;ch:1:sboid:100602;;2550489;1151869;658;46.51628600094493, 6.793475043147545
8557085;Puidoux, En Botonnet;PostAuto AG;BUS;VD;Puidoux;5607;Puidoux;ch:1:sboid:100602;;2550024;1151479;663;46.51274320532765, 6.787458295861215
8557143;Puidoux, Drugex;PostAuto AG;BUS;VD;Puidoux;5607;Puidoux;ch:1:sboid:100602;;2550710;1152396;701;46.52104286853749, 6.7962983638426255
8570567;Puidoux, gare;PostAuto AG;BUS;VD;Puidoux;5607;Puidoux;ch:1:sboid:100602;;2548311;1149379;619;46.49372277073782, 6.765374470751261
8504007;Moreillon;Schweizerische Bundesbahnen SBB;TRAIN;VD;Puidoux;5607;Puidoux;ch:1:sboid:100001;;2549880.843;1150997.152;657.24;46.50839811665493, 6.78564542808098
8557082;Puidoux, Moreillon;PostAuto AG;BUS;VD;Puidoux;5607;Puidoux;ch:1:sboid:100602;(neue Hst per 12.2017 aber keine Fahrplandaten);2549880.648;1150936.63;657;46.50785368805773, 6.785649459187576
8570568;Puidoux, Logis du Pont;PostAuto AG;BUS;VD;Puidoux;5607;Puidoux;ch:1:sboid:100602;;2548596;1149871;610;46.498170433430616, 6.769031698377449
8570562;Epesses, Chapotannaz;PostAuto AG;BUS;VD;Puidoux;5607;Epesses;ch:1:sboid:100602;;2547800.001;1148387.001;502.1;46.48475974876073, 6.758831058626963
8557087;Puidoux, La Tronche;PostAuto AG;BUS;VD;Puidoux;5607;Les Thioleyres;ch:1:sboid:100602;(neue Hst per 12.2017 aber keine Fahrplandaten);2551744;1154247;711;46.53776869388737, 6.809578918279182
8557084;Puidoux,gare/Collège du Verney;PostAuto AG;BUS;VD;Puidoux;5607;Puidoux;ch:1:sboid:100602;(neue Hst per 12.2017 aber keine Fahrplandaten);2548421;1149276;618;46.49280475728611, 6.766818698135297
8570569;Puidoux, village;PostAuto AG;BUS;VD;Puidoux;5607;Puidoux;ch:1:sboid:100602;;2549641;1150152;658;46.500777692249436, 6.7826129639142145
8579248;Pully, Trois-Chasseurs;PostAuto AG;BUS;VD;Pully;5590;Les Monts-de-Pully;ch:1:sboid:100602;;2542140;1153953;727;46.534360928597344, 6.6844260634037385
8588435;Pully, Chenaulaz;Transports Publics de la Région Lausannoise sa;BUS;VD;Pully;5590;Les Monts-de-Pully;ch:1:sboid:100122;;2541240;1153150;422;46.52705922777306, 6.672797538537136
8588434;Pully, Rosiaz;Transports Publics de la Région Lausannoise sa;BUS;VD;Pully;5590;Pully;ch:1:sboid:100122;;2540422;1152551;422;46.5215986646449, 6.6622143183249065
8588450;Pully, Pré Pariset;Transports Publics de la Région Lausannoise sa;BUS;VD;Pully;5590;Pully;ch:1:sboid:100122;;2540788.49;1152267.407;539;46.51908028505239, 6.667026550796179
8588445;Pully, gare;Transports Publics de la Région Lausannoise sa;BUS;VD;Pully;5590;Pully;ch:1:sboid:100122;;2540150;1151300;425;46.51032141089047, 6.658832169802723
8592193;Pully, Pierraz-Portay;Transports Publics de la Région Lausannoise sa;BUS;VD;Pully;5590;Pully;ch:1:sboid:100122;;2538971;1151206;429;46.50936921507795, 6.643484018024766
8592186;Pully, Métairie;Transports Publics de la Région Lausannoise sa;BUS;VD;Pully;5590;Pully;ch:1:sboid:100122;;2538767;1151286;420;46.510070161530656, 6.64081563511572
8592191;Pully, Pavillard;Transports Publics de la Région Lausannoise sa;BUS;VD;Pully;5590;Pully;ch:1:sboid:100122;;2540137.794;1152345.322;532;46.51972314935417, 6.658537471294899
8588448;Pully, Boverattes;Transports Publics de la Région Lausannoise sa;BUS;VD;Pully;5590;Pully;ch:1:sboid:100122;;2540695;1151962;422;46.51632480796197, 6.665847596155375
8588447;Pully, Rochettaz;Transports Publics de la Région Lausannoise sa;BUS;VD;Pully;5590;Pully;ch:1:sboid:100122;;2540503.859;1151719.063;465;46.5141225568191, 6.663388373876147
8588446;Pully, Clergère;Transports Publics de la Région Lausannoise sa;BUS;VD;Pully;5590;Pully;ch:1:sboid:100122;;2540392;1151396;429;46.51120658067058, 6.661972665881726
8512377;Pully, Chantemerle;Transports Publics de la Région Lausannoise sa;BUS;VD;Pully;5590;Pully;ch:1:sboid:100122;;2540319.859;1152050.997;519.9;46.517091945260916, 6.660948009472276
8592195;Pully, Reymondin;Transports Publics de la Région Lausannoise sa;BUS;VD;Pully;5590;Pully;ch:1:sboid:100122;;2540670.163;1151175.149;413;46.50924474934347, 6.665625178998985
8592177;Pully, Daillettes;Transports Publics de la Région Lausannoise sa;BUS;VD;Pully;5590;Pully;ch:1:sboid:100122;;2540728;1152702;588;46.52298415632626, 6.666182466748293
8592194;Pully, Ravessoud;PostAuto AG;BUS;VD;Pully;5590;Les Monts-de-Pully;ch:1:sboid:100602;;2543103;1154479;797;46.53917514088077, 6.69691320900258
8592185;Pully, Margerol;Transports Publics de la Région Lausannoise sa;BUS;VD;Pully;5590;Pully;ch:1:sboid:100122;;2540323.451;1152366.839;550;46.51993331489017, 6.660953939451322
8592171;Pully, Bruyère;Transports Publics de la Région Lausannoise sa;BUS;VD;Pully;5590;Pully;ch:1:sboid:100122;;2540486.402;1152810.502;598;46.52393866709813, 6.663020064624682
8592170;Pully, Bourdonnière;Transports Publics de la Région Lausannoise sa;BUS;VD;Pully;5590;Pully;ch:1:sboid:100122;;2539206;1150888;387;46.5065301829782, 6.646587565580432
8592172;Pully, C. F. Ramuz;Transports Publics de la Région Lausannoise sa;BUS;VD;Pully;5590;Pully;ch:1:sboid:100122;;2539332;1151221;418;46.5095370186102, 6.648185249701605
8592188;Pully, Montillier;Transports Publics de la Région Lausannoise sa;BUS;VD;Pully;5590;Pully;ch:1:sboid:100122;;2540062;1151528;447;46.51236441753664, 6.657656034183158
8592199;Pully, Vignes;Transports Publics de la Région Lausannoise sa;BUS;VD;Pully;5590;Pully;ch:1:sboid:100122;;2540659;1150950;385;46.50721850527584, 6.665508711576937
8592198;Pully, Verney;Transports Publics de la Région Lausannoise sa;BUS;VD;Pully;5590;Pully;ch:1:sboid:100122;;2539447;1150879;386;46.50647111038737, 6.649728395113107
8592189;Pully, Moulins;Transports Publics de la Région Lausannoise sa;BUS;VD;Pully;5590;Pully;ch:1:sboid:100122;;2541006;1151079;400;46.508409610469045, 6.6700128564619146
8595192;Pully, Ruisselet;Transports Publics de la Région Lausannoise sa;BUS;VD;Pully;5590;Pully;ch:1:sboid:100122;;2540590;1151575;450;46.512834350835625, 6.664529300232438
8501121;Pully;Schweizerische Bundesbahnen SBB;TRAIN;VD;Pully;5590;Pully;ch:1:sboid:100001;;2540199.475;1151366.456;424.8;46.510923623181604, 6.659468140211437
8592183;Pully, Les Liaudes;Transports Publics de la Région Lausannoise sa;BUS;VD;Pully;5590;Pully;ch:1:sboid:100122;;2539984;1152138;501;46.51784445836704, 6.656560393923926
8592197;Pully, Tour Haldimand;Transports Publics de la Région Lausannoise sa;BUS;VD;Pully;5590;Pully;ch:1:sboid:100122;;2538893;1150902;384;46.50662756372486, 6.642508080581785
8592196;Pully, Roses;Transports Publics de la Région Lausannoise sa;BUS;VD;Pully;5590;Pully;ch:1:sboid:100122;;2539984;1151832;476;46.51509194184851, 6.656600215115785
8595191;Pully,Centre Sportif Rochettaz;Transports Publics de la Région Lausannoise sa;BUS;VD;Pully;5590;Pully;ch:1:sboid:100122;;2541012;1151453;450;46.51177433369477, 6.670043198423991
8579249;Pully, Monts-de-Pully;PostAuto AG;BUS;VD;Pully;5590;Les Monts-de-Pully;ch:1:sboid:100602;;2542462;1154129;749;46.53597190160384, 6.688601149867501
8579256;Pully, Val-Vert;Transports Publics de la Région Lausannoise sa;BUS;VD;Pully;5590;Pully;ch:1:sboid:100122;;2540789;1152580;601;46.52189215673333, 6.666993060029455
8588439;Pully, port;Transports Publics de la Région Lausannoise sa;BUS;VD;Pully;5590;Pully;ch:1:sboid:100122;;2540343;1150847;377;46.50626386407182, 6.661405254906462
8593850;Pully, Caudoz;Transports Publics de la Région Lausannoise sa;BUS;VD;Pully;5590;Pully;ch:1:sboid:100122;;2540789;1151460;449;46.51181757337023, 6.667136860272329
8588449;Pully, Vallon;Transports Publics de la Région Lausannoise sa;BUS;VD;Pully;5590;Pully;ch:1:sboid:100122;;2540792.867;1152151.914;529;46.51804179591222, 6.667098416030502
8588442;Pully, Osches;Transports Publics de la Région Lausannoise sa;BUS;VD;Pully;5590;Pully;ch:1:sboid:100122;;2539795.527;1151141.92;399;46.50886761289069, 6.654234541099499
8588441;Pully, Châtaignier;Transports Publics de la Région Lausannoise sa;BUS;VD;Pully;5590;Pully;ch:1:sboid:100122;;2539759.753;1150874.904;383;46.50646253384658, 6.653803349795257
8588440;Pully, Somais;Transports Publics de la Région Lausannoise sa;BUS;VD;Pully;5590;Pully;ch:1:sboid:100122;;2540046.155;1150898.847;380;46.50670366481074, 6.657531358267764
8592182;Pully, Joliette;Transports Publics de la Région Lausannoise sa;BUS;VD;Pully;5590;Pully;ch:1:sboid:100122;;2539720;1151257;412;46.50989596218756, 6.653235531943572
8592190;Pully, Perraudettaz;Transports Publics de la Région Lausannoise sa;BUS;VD;Pully;5590;Pully;ch:1:sboid:100122;;2539805;1151717;460;46.51404139514092, 6.65428291597401
8501319;Pully (lac);CGN SA;BOAT;VD;Pully;5590;Pully;ch:1:sboid:100143;;2540326.65;1150744.836;374;46.50534342474838, 6.661205467732405
8511925;Pully, Bosquets;Transports Publics de la Région Lausannoise sa;BUS;VD;Pully;5590;Pully;ch:1:sboid:100122;;2540703.227;1153062.019;645.6;46.5262203900055, 6.665813336432788
8504000;Pully-Nord;Schweizerische Bundesbahnen SBB;TRAIN;VD;Pully;5590;Pully;ch:1:sboid:100001;;2540090.014;1151785.309;473.38;46.51468146448523, 6.657987606597673
8570243;Rances, Praz-Riond;PostAuto AG;BUS;VD;Rances;5760;Rances;ch:1:sboid:100602;;2531358;1179638;487;46.76437458658134, 6.540051272797173
8507956;Rances, bif.;PostAuto AG;BUS;VD;Rances;5760;Rances;ch:1:sboid:100602;;2530669;1179181;557;46.76019249230191, 6.531101774244825
8501119;Renens VD Entrepôts;Schweizerische Bundesbahnen SBB;;VD;Renens (VD);5591;Renens VD;ch:1:sboid:100001;Güterverkehr;2534336;1154085;411;46.534826581825264, 6.582688565698789
8510400;Renens VD, Simplon;Transports Publics de la Région Lausannoise sa;BUS;VD;Renens (VD);5591;Renens VD;ch:1:sboid:100122;;2534286.739;1154025.957;411;46.5342906401279, 6.58205490800164
8588839;Renens VD, 14 Avril;Transports Publics de la Région Lausannoise sa;BUS;VD;Renens (VD);5591;Renens VD;ch:1:sboid:100122;;2534113;1154587;420;46.5393201363406, 6.579710157034854
8592178;Renens VD, Temple de Broye;Transports Publics de la Région Lausannoise sa;BUS;VD;Renens (VD);5591;Renens VD;ch:1:sboid:100122;;2535483.15;1154569.287;474.6;46.53929457702753, 6.597573077421576
8530749;Renens VD, gare;Transports Publics de la Région Lausannoise sa;BUS|METRO|TRAM;VD;Renens (VD);5591;Renens VD;ch:1:sboid:100122;;2534019.521;1154398.916;415.8;46.53761908661437, 6.578518549175006
8512031;Renens VD, cimetière;Transports Publics de la Région Lausannoise sa;BUS;VD;Renens (VD);5591;Renens VD;ch:1:sboid:100122;;2534169.236;1153519.635;425.3;46.529724678329025, 6.580595652965176
8512035;Renens VD, Poste;Transports Publics de la Région Lausannoise sa;BUS;VD;Renens (VD);5591;Renens VD;ch:1:sboid:100122;;2534384.437;1154573.036;422.5;46.53922125451854, 6.583250429519345
8512037;Renens VD, Verdeaux;Transports Publics de la Région Lausannoise sa;BUS;VD;Renens (VD);5591;Renens VD;ch:1:sboid:100122;;2534748.757;1154480.057;432.7;46.53842060018652, 6.5880126334563425
8512045;Renens VD, Lilas;Transports Publics de la Région Lausannoise sa;BUS;VD;Renens (VD);5591;Renens VD;ch:1:sboid:100122;;2534429.187;1154892.14;441.7;46.54209600387454, 6.583788348716881
8592219;Renens VD, rue du Lac;Transports Publics de la Région Lausannoise sa;BUS;VD;Renens (VD);5591;Renens VD;ch:1:sboid:100122;;2534898.17;1153430.591;419.5;46.52899516114425, 6.590108479400722
8592215;Renens VD, Longemalle;Transports Publics de la Région Lausannoise sa;BUS;VD;Renens (VD);5591;Renens VD;ch:1:sboid:100122;;2535392;1153045;431;46.52557468991172, 6.596598551170598
8592212;Renens VD, Follieu;Transports Publics de la Région Lausannoise sa;BUS;VD;Renens (VD);5591;Renens VD;ch:1:sboid:100122;;2535129;1154615;462;46.539671460993524, 6.592950165687719
8592209;Renens VD, Censuy;Transports Publics de la Région Lausannoise sa;BUS;VD;Renens (VD);5591;Renens VD;ch:1:sboid:100122;;2534431;1153812;410;46.532380264052314, 6.583965657136456
8592201;Renens VD, 1er Mai;Transports Publics de la Région Lausannoise sa;BUS;VD;Renens (VD);5591;Renens VD;ch:1:sboid:100122;;2534396;1154741;433;46.54073323456168, 6.583377242397835
8592200;Renens VD, 1er Août;Transports Publics de la Région Lausannoise sa;BUS;VD;Renens (VD);5591;Renens VD;ch:1:sboid:100122;;2534290;1154299;418;46.536746999535, 6.5820584793227885
8592206;Renens VD, Bourg-Dessus;Transports Publics de la Région Lausannoise sa;BUS;VD;Renens (VD);5591;Renens VD;ch:1:sboid:100122;;2535271;1154453;464;46.53822803817095, 6.594823956844971
8592205;Renens VD, Borjod;Transports Publics de la Région Lausannoise sa;BUS;VD;Renens (VD);5591;Renens VD;ch:1:sboid:100122;;2534803;1154610;441;46.53959473949837, 6.588701312806733
8592221;Renens VD, Sous l'Eglise;Transports Publics de la Région Lausannoise sa;BUS;VD;Renens (VD);5591;Renens VD;ch:1:sboid:100122;;2534795;1154107;416;46.535069442065705, 6.588668194201955
8592220;Renens VD, Saugiaz;Transports Publics de la Région Lausannoise sa;BUS;VD;Renens (VD);5591;Renens VD;ch:1:sboid:100122;;2534621;1154688;437;46.54027856159833, 6.586317797068468
8595534;Renens VD, piscine;Transports Publics de la Région Lausannoise sa;BUS;VD;Renens (VD);5591;Renens VD;ch:1:sboid:100122;;2534529;1153591;418;46.5304019688885, 6.585274347401455
8515354;Renens VD Est (bif);Schweizerische Bundesbahnen SBB;;VD;Renens (VD);5591;Renens VD;ch:1:sboid:100001;(Zug);2534670.41;1153906.708;416.263;46.53325562799005, 6.5870726329003215
8592218;Renens VD, Caudray;Transports Publics de la Région Lausannoise sa;BUS;VD;Renens (VD);5591;Renens VD;ch:1:sboid:100122;;2534580;1153738;414;46.53172923994984, 6.585918180387198
8511874;Renens VD, Roche;Transports Publics de la Région Lausannoise sa;BUS;VD;Renens (VD);5591;Renens VD;ch:1:sboid:100122;;2535545.888;1153842.638;453.4;46.53276437254919, 6.598492514274258
8592203;Renens VD, Baumettes;Transports Publics de la Région Lausannoise sa;BUS;VD;Renens (VD);5591;Renens VD;ch:1:sboid:100122;;2534907.908;1155089.87;463.1;46.54392143328322, 6.590001044055672
8592222;Renens VD, Sur-la-Croix;Transports Publics de la Région Lausannoise sa;BUS;VD;Renens (VD);5591;Renens VD;ch:1:sboid:100122;;2535153.188;1154807.452;471;46.54140492942268, 6.593238389416824
8512038;Renens VD, Jonquilles;Transports Publics de la Région Lausannoise sa;BUS;VD;Renens (VD);5591;Renens VD;ch:1:sboid:100122;;2534925.233;1154485.068;440.3;46.538482890031325, 6.5903123104006465
8512044;Renens VD, Pallettes;Transports Publics de la Région Lausannoise sa;BUS;VD;Renens (VD);5591;Renens VD;ch:1:sboid:100122;;2534543.086;1155186.438;454.8;46.544754411394145, 6.58523133706596
8592211;Renens VD, Florissant;Transports Publics de la Région Lausannoise sa;BUS;VD;Renens (VD);5591;Renens VD;ch:1:sboid:100122;;2535565.357;1153609.733;441;46.53067124850541, 6.598778825319171
8592213;Renens VD, Hôtel-de-Ville/ECAL;Transports Publics de la Région Lausannoise sa;BUS|TRAM;VD;Renens (VD);5591;Renens VD;ch:1:sboid:100122;;2534560.996;1154213.533;415.7;46.536004824685214, 6.5856029755120735
8592223;Renens VD, Croisée/Tilleuls;Transports Publics de la Région Lausannoise sa;BUS|TRAM;VD;Renens (VD);5591;Renens VD;ch:1:sboid:100122;;2534952.006;1153941.602;421.4;46.53359698861025, 6.59073800791911
8592207;Renens VD, Vorsiaz;Transports Publics de la Région Lausannoise sa;BUS;VD;Renens (VD);5591;Renens VD;ch:1:sboid:100122;;2535523.123;1154126.783;460.8;46.535318078167286, 6.598156048138537
8592210;Renens VD, Marais;Transports Publics de la Région Lausannoise sa;BUS;VD;Renens (VD);5591;Renens VD;ch:1:sboid:100122;;2535063.961;1153246.664;422.1;46.52735686137509, 6.592295122032066
8501118;Renens VD;Schweizerische Bundesbahnen SBB;TRAIN;VD;Renens (VD);5591;Renens VD;ch:1:sboid:100001;;2534050.788;1154334.469;415.887;46.5370424668982, 6.578935338085809
8592202;Renens VD, Avenir;Transports Publics de la Région Lausannoise sa;BUS;VD;Renens (VD);5591;Renens VD;ch:1:sboid:100122;;2534348.373;1154498.661;420.3;46.538548697581156, 6.582790916071104
8512036;Renens VD, Alpes;Transports Publics de la Région Lausannoise sa;BUS;VD;Renens (VD);5591;Renens VD;ch:1:sboid:100122;;2534596.497;1154455.272;425.4;46.53818275907407, 6.58603141422399
8512040;Renens VD, Château;Transports Publics de la Région Lausannoise sa;BUS;VD;Renens (VD);5591;Renens VD;ch:1:sboid:100122;;2535267.701;1154072.16;455.1;46.53480203513723, 6.594834438082713
8512041;Renens VD, Mont Robert;Transports Publics de la Région Lausannoise sa;BUS;VD;Renens (VD);5591;Renens VD;ch:1:sboid:100122;;2535367.167;1154804.305;479.3;46.5413973660294, 6.596028238543998
8512043;Renens VD, Eterpy;Transports Publics de la Région Lausannoise sa;BUS;VD;Renens (VD);5591;Renens VD;ch:1:sboid:100122;;2534908.874;1154893.822;457.8;46.54215806190589, 6.590041342003404
8592217;Renens VD, Perrelet;Transports Publics de la Région Lausannoise sa;BUS|TRAM;VD;Renens (VD);5591;Renens VD;ch:1:sboid:100122;;2535429.512;1153581.144;435.5;46.53040097262898, 6.597012313563925
8592204;Renens VD, Biondes;Transports Publics de la Région Lausannoise sa;BUS;VD;Renens (VD);5591;Renens VD;ch:1:sboid:100122;;2534528.399;1155328.858;458.9;46.54603403907738, 6.58501962711468
8512039;Renens VD, Creuse;Transports Publics de la Région Lausannoise sa;BUS;VD;Renens (VD);5591;Renens VD;ch:1:sboid:100122;;2535044.197;1154218.271;439.9;46.53609461738299, 6.591900637263155
8512042;Renens VD, Mont Robert/EMS;Transports Publics de la Région Lausannoise sa;BUS;VD;Renens (VD);5591;Renens VD;ch:1:sboid:100122;;2535208.708;1155003.779;480.1;46.5431762944413, 6.593934528390936
8570583;Rennaz, centre commercial;Transports Publics du Chablais (Bus);BUS;VD;Rennaz;5412;Rennaz;ch:1:sboid:100617;;2560281;1137076;374;46.38387096366391, 6.922339610282774
8570585;Rennaz, village;PostAuto AG;BUS;VD;Rennaz;5412;Rennaz;ch:1:sboid:100602;;2559994;1136344;378;46.37726921569886, 6.918672259405367
8570584;Rennaz, hôpital;PostAuto AG;BUS;VD;Rennaz;5412;Rennaz;ch:1:sboid:100602;bis 2018: Rennaz, motel;2560027;1136572;378;46.379322145067704, 6.91908148427421
8519694;En Grillon (diag);Schweizerische Bundesbahnen SBB;;VD;Rivaz;5609;Rivaz;ch:1:sboid:100001;(Zug);2549313.755;1147214.468;376.837;46.47432899037857, 6.778672710551464
8510136;Rivaz, gare;Service d'automobiles TPF;BUS;VD;Rivaz;5609;Rivaz;ch:1:sboid:100633;;2549682;1147190;384.2;46.47413671807036, 6.783469949649215
8501126;Rivaz;Schweizerische Bundesbahnen SBB;TRAIN;VD;Rivaz;5609;Rivaz;ch:1:sboid:100001;;2549768.468;1147197.172;377.04;46.47420773607816, 6.784594982914345
8501243;Rivaz-St-Saphorin (lac);CGN SA;BOAT;VD;Rivaz;5609;Rivaz;ch:1:sboid:100143;;2549730.232;1147134.399;375;46.473640195877735, 6.784103981941564
8591822;Roche VD, Rotzéranne-Pré-Clos;Transports Publics du Chablais (Bus);BUS;VD;Roche (VD);5413;Roche VD;ch:1:sboid:100617;;2560992;1134117;380;46.35729528057842, 6.93183065960837
8501304;Roche VD;Schweizerische Bundesbahnen SBB;TRAIN;VD;Roche (VD);5413;Roche VD;ch:1:sboid:100001;;2560625.287;1134275.142;379.617;46.35869637210566, 6.927052837461041
8591823;Roche VD, centre commercial;Transports Publics du Chablais (Bus);BUS;VD;Roche (VD);5413;Roche VD;ch:1:sboid:100617;;2561080;1133673;382;46.353306426658015, 6.933011242260906
8591820;Roche VD, Salines;Transports Publics du Chablais (Bus);BUS;VD;Roche (VD);5413;Roche VD;ch:1:sboid:100617;;2560797;1134530;384;46.36099900701236, 6.92926226282762
8501320;Rolle (lac);CGN SA;BOAT;VD;Rolle;5861;Rolle;ch:1:sboid:100143;;2515386;1145446;373;46.45498964544956, 6.33728131389524
8582688;Rolle, Quatre-Communes;PostAuto AG;BUS;VD;Rolle;5861;Rolle;ch:1:sboid:100602;(Bus) ohne Fahrplandaten 12.2018;2515056;1145981;397;46.459760007809095, 6.33288821805159
8582696;Rolle, Les Vernes;PostAuto AG;BUS;VD;Rolle;5861;Rolle;ch:1:sboid:100602;;2515867;1146284;378;46.46258789926882, 6.343388834323366
8583530;Rolle, déchetterie;PostAuto AG;BUS;VD;Rolle;5861;Rolle;ch:1:sboid:100602;;2514487;1146364;424;46.46313249334954, 6.325411443383366
8570035;Rolle, place des Tilleuls;PostAuto AG;BUS;VD;Rolle;5861;Rolle;ch:1:sboid:100602;;2515641;1146025;379;46.460229800335235, 6.340494389489557
8501033;Rolle;Schweizerische Bundesbahnen SBB;TRAIN;VD;Rolle;5861;Rolle;ch:1:sboid:100001;;2515330.72;1146309.079;402.349;46.46274581604107, 6.336403807618889
8570034;Rolle, gare nord;PostAuto AG;BUS;VD;Rolle;5861;Rolle;ch:1:sboid:100602;;2515356;1146348;400;46.4630990991912, 6.336725736336149
8570037;Rolle, Bellefontaine;PostAuto AG;BUS;VD;Rolle;5861;Rolle;ch:1:sboid:100602;;2516132;1146290;384;46.46267514408526, 6.346837097260966
8582690;Rolle, Baccara;PostAuto AG;BUS;VD;Rolle;5861;Rolle;ch:1:sboid:100602;;2514332;1145751;421;46.45759890408115, 6.323507477848245
8582691;Rolle, Uttins-Maupas;PostAuto AG;BUS;VD;Rolle;5861;Rolle;ch:1:sboid:100602;;2514705;1145436;401;46.45481322616738, 6.328420247952012
8582692;Rolle, route de Gilly;PostAuto AG;BUS;VD;Rolle;5861;Rolle;ch:1:sboid:100602;;2514905;1145172;391;46.45246408634013, 6.331071732731999
8583501;Rolle, gare sud;PostAuto AG;BUS;VD;Rolle;5861;Rolle;ch:1:sboid:100602;(Bus) ohne Fahrplandaten 2016/2018;2515352;1146285;395;46.46253192498569, 6.3366852065955985
8583464;Rolle, La Prairie;PostAuto AG;BUS;VD;Rolle;5861;Rolle;ch:1:sboid:100602;;2515172;1145918;391;46.45920805881697, 6.334409600163934
8583465;Rolle, Martinet;PostAuto AG;BUS;VD;Rolle;5861;Rolle;ch:1:sboid:100602;;2514950;1145766;396;46.457812674589114, 6.331548104198637
8583682;Rolle, Les Eaux;PostAuto AG;BUS;VD;Rolle;5861;Rolle;ch:1:sboid:100602;;2515456;1146153;390;46.461357772030816, 6.33806305179029
8570055;Rolle, La Pièce;PostAuto AG;BUS;VD;Rolle;5861;Rolle;ch:1:sboid:100602;;2514265;1146137;436;46.46106227918321, 6.3225638810833455
8583821;Rolle, centre ville;PostAuto AG;BUS;VD;Rolle;5861;Rolle;ch:1:sboid:100602;;2515467;1145750;376;46.457734284138, 6.338279915877716
8570148;Croy-Romainmôtier, gare;PostAuto AG;BUS;VD;Romainmôtier-Envy;5761;Romainmôtier;ch:1:sboid:100602;;2526509.942;1172166.621;642;46.696653229543294, 6.47779182026848
8570225;Romainmôtier, Les Portes;PostAuto AG;BUS;VD;Romainmôtier-Envy;5761;Romainmôtier;ch:1:sboid:100602;;2525375;1171850;675;46.69367908732149, 6.4630061082063275
8570149;Romainmôtier, église;PostAuto AG;BUS;VD;Romainmôtier-Envy;5761;Romainmôtier;ch:1:sboid:100602;;2525180;1171830;663;46.6934773148625, 6.460460250633796
8570226;Romainmôtier, Le Nid;PostAuto AG;BUS;VD;Romainmôtier-Envy;5761;Romainmôtier;ch:1:sboid:100602;;2524923;1172115;697;46.69601190810037, 6.457053961475754
8501106;Croy-Romainmôtier;Schweizerische Bundesbahnen SBB;TRAIN;VD;Romainmôtier-Envy;5761;Romainmôtier;ch:1:sboid:100001;;2526534.837;1172172.885;641.76;46.69671231859737, 6.4781162685524185
8504657;Romainmôtier, poste;PostAuto AG;BUS;VD;Romainmôtier-Envy;5761;Romainmôtier;ch:1:sboid:100602;;2525195;1171946;684;46.694522394990486, 6.460637401729599
8501166;Romanel-sur-Lausanne;Lausanne-Echallens-Bercher;TRAIN;VD;Romanel-sur-Lausanne;5592;Romanel-sur-Lausanne;ch:1:sboid:100036;;2535939.948;1157140.855;588.3;46.562469994784706, 6.6031699971269475
8507628;Romanel-sur-Lausanne, gare;Transports Publics de la Région Lausannoise sa;BUS;VD;Romanel-sur-Lausanne;5592;Romanel-sur-Lausanne;ch:1:sboid:100122;;2535990;1157166;591.9;46.56270097712048, 6.603819228749401
8506417;Romanel-sur-Morges,Z.I. Moulin;Automobiles MBC;BUS;VD;Romanel-sur-Morges;5645;Romanel-sur-Morges;ch:1:sboid:100566;;2529703.33;1157213.802;417.6;46.5624985611498, 6.521828162998183
8581054;Romanel-sur-Morges, Pra-Vuatte;Automobiles MBC;BUS;VD;Romanel-sur-Morges;5645;Romanel-sur-Morges;ch:1:sboid:100566;;2528955.293;1155959.187;436.1;46.55113416921986, 6.512266668169812
8504656;Romanel-sur-Morges, poste;Automobiles MBC;BUS;VD;Romanel-sur-Morges;5645;Romanel-sur-Morges;ch:1:sboid:100566;;2528866.273;1156463.605;452.9;46.55566191057921, 6.511028127812335
8592224;Ropraz, Corcelles-Jorat;PostAuto AG;BUS;VD;Ropraz;5798;Ropraz;ch:1:sboid:100602;;2546855;1160216;783;46.59108992516386, 6.74516036920683
8591905;Ropraz, Ussières;PostAuto AG;BUS;VD;Ropraz;5798;Ropraz;ch:1:sboid:100602;;2547629;1161327;721;46.601144830490036, 6.755133066552346
8570433;Ropraz, village;PostAuto AG;BUS;VD;Ropraz;5798;Ropraz;ch:1:sboid:100602;;2547359;1162886;745;46.6151470990018, 6.751430834591904
8592225;Ropraz, Home du Jorat;PostAuto AG;BUS;VD;Ropraz;5798;Ropraz;ch:1:sboid:100602;;2547305;1160740;741;46.59583911922317, 6.7509719727672515
8570343;Rossenges, croisée;PostAuto AG;BUS;VD;Rossenges;5684;Rossenges;ch:1:sboid:100602;;2549285;1166980;663;46.65212278818673, 6.776120527382605
8501391;La Tine;Montreux-Oberland Bernois;TRAIN;VD;Rossinière;5842;La Tine;ch:1:sboid:100045;;2569884.329;1146280.356;849.7;46.46716999525477, 7.046570001311358
8501392;Rossinière;Montreux-Oberland Bernois;TRAIN;VD;Rossinière;5842;Rossinière;ch:1:sboid:100045;;2572699.805;1146004.548;891.3;46.46480999670123, 7.083240002174651
8511811;Rossinière, Hôtel de Ville;Montreux-Oberland Bernois;BUS;VD;Rossinière;5842;Rossinière;ch:1:sboid:100045;;2572593;1146285;920;46.46732843327817, 7.081832947093047
8501393;La Chaudanne-Les Moulins;Montreux-Oberland Bernois;TRAIN;VD;Rossinière;5842;Rossinière;ch:1:sboid:100045;;2573737;1146138;887;46.46605207107037, 7.096734699534454
8511810;La Tine, village;Montreux-Oberland Bernois;BUS;VD;Rossinière;5842;La Tine;ch:1:sboid:100045;;2570330;1146576;865.3;46.46984941056064, 7.052353012631206
8511812;La Chaudanne-Les Moulins, gare;Montreux-Oberland Bernois;BUS;VD;Rossinière;5842;Rossinière;ch:1:sboid:100045;;2573738;1146128;886.3;46.4659621551194, 7.096748287189905
8500820;Les Gouilles (Videmanette);Bergbahnen Destination Gstaad AG;;VD;Rougemont;5843;Rougemont;ch:1:sboid:100183;SBA.81.038.1 reiner Betriebspunkt, VP=8530033;2582183;1145171;2007;46.45763231565494, 7.206725970642877
8501396;Flendruz;Montreux-Oberland Bernois;TRAIN;VD;Rougemont;5843;Flendruz;ch:1:sboid:100045;;2580604.891;1147894.753;978.6;46.48208999459528, 7.186070004776346
8501358;La Videmanette;Bergbahnen Destination Gstaad AG;CABLE_CAR;VD;Rougemont;5843;Rougemont;ch:1:sboid:100183;SBA.72.023.9;2582031;1145432;2158;46.459976082709225, 7.204737297382987
8530033;Les Gouilles;Bergbahnen Destination Gstaad AG;CHAIRLIFT;VD;Rougemont;5843;Rougemont;ch:1:sboid:100183;SBA.73.199.9;2582168;1145117;2010;46.45714615357973, 7.2065328135411395
8512473;Rougemont, chemin des Palettes;Gander Autocar Sàrl;BUS;VD;Rougemont;5843;Rougemont;ch:1:sboid:1100042;;2581941.601;1148595.163;994.7;46.48842812229015, 7.203449577003236
8512491;Ch. du Perrex;Gander Autocar Sàrl;BUS;VD;Rougemont;5843;Rougemont;ch:1:sboid:1100042;;2582842.983;1148756.631;1008.8;46.489904439536694, 7.215183014473006
8510909;Rougemont, Les Adannes;PostAuto AG;BUS;VD;Rougemont;5843;Rougemont;ch:1:sboid:100602;;2585103;1153470;1325;46.532358260873146, 7.244465160801446
8511916;Flendruz, gare;Montreux-Oberland Bernois;BUS;VD;Rougemont;5843;Flendruz;ch:1:sboid:100045;;2580643;1147934;980.4;46.48244415086227, 7.186564622112751
8511917;Rougemont, gare;Montreux-Oberland Bernois;BUS;VD;Rougemont;5843;Rougemont;ch:1:sboid:100045;;2582353;1148613;992.3;46.488599600332556, 7.208806888038203
8512478;Rougemont, La Videmanette;Gander Autocar Sàrl;BUS;VD;Rougemont;5843;Rougemont;ch:1:sboid:1100042;;2582346.529;1148314.76;967.4;46.48591659020189, 7.208734045140999
8530032;Rougemont (télécabine);Bergbahnen Destination Gstaad AG;CABLE_CAR;VD;Rougemont;5843;Rougemont;ch:1:sboid:100183;SBA.72.023.1;2582328;1148291;971;46.48570236452718, 7.208493652004502
8500841;La Videmanette (Les Gouilles);Bergbahnen Destination Gstaad AG;;VD;Rougemont;5843;Rougemont;ch:1:sboid:100183;SBA.81.038.9 reiner Betriebspunkt, VP=8501358;2582020;1145402;2155;46.459705918951656, 7.204595280922811
8501397;Rougemont;Montreux-Oberland Bernois;TRAIN;VD;Rougemont;5843;Rougemont;ch:1:sboid:100045;;2582364.763;1148615.233;992.2;46.48861999879943, 7.208960002316979
8512472;Rougemont, Les Allamans;Gander Autocar Sàrl;BUS;VD;Rougemont;5843;Rougemont;ch:1:sboid:1100042;;2583260.144;1148777.021;1009;46.49009846903557, 7.220615458555378
8512474;Flendruz, Le Crêt;Gander Autocar Sàrl;BUS;VD;Rougemont;5843;Flendruz;ch:1:sboid:1100042;;2581122.321;1148333.731;1033.8;46.486053701589114, 7.192790135810626
8512477;Rougemont, pl. de la Fontaine;Gander Autocar Sàrl;BUS;VD;Rougemont;5843;Rougemont;ch:1:sboid:1100042;;2582490.375;1148746.971;1007.4;46.489808364923185, 7.21059095264714
8512475;Flendruz, village;Gander Autocar Sàrl;BUS;VD;Rougemont;5843;Flendruz;ch:1:sboid:1100042;;2580436.759;1147932.866;983.2;46.48242792870782, 7.183878921776974
8507651;Arrissoules, village;PostAuto AG;BUS;VD;Rovray;5928;Rovray;ch:1:sboid:100602;;2549699;1183266;641;46.79864898746067, 6.77973808459133
8570387;Rovray, village;PostAuto AG;BUS;VD;Rovray;5928;Rovray;ch:1:sboid:100602;;2548547;1181716;646;46.78461844394912, 6.764823409733934
8570306;Rueyres VD, Le Dejors;PostAuto AG;BUS;VD;Rueyres;5534;Rueyres;ch:1:sboid:100602;;2543203;1171529;610;46.692550818153286, 6.696109108909433
8507959;Rueyres VD, croisée;PostAuto AG;BUS;VD;Rueyres;5534;Rueyres;ch:1:sboid:100602;;2542975;1171642;619;46.693547774849705, 6.69311449682591
8570182;St-Barthélemy, Champ Cadet;PostAuto AG;BUS;VD;Saint-Barthélemy (VD);5535;St-Barthélemy VD;ch:1:sboid:100602;;2536361;1165217;596;46.63515561673166, 6.607543189165604
8570184;St-Barthélemy, Château;PostAuto AG;BUS;VD;Saint-Barthélemy (VD);5535;St-Barthélemy VD;ch:1:sboid:100602;;2535496;1165206;585;46.63497353688459, 6.596249113760785
8570183;St-Barthélemy, village;PostAuto AG;BUS;VD;Saint-Barthélemy (VD);5535;St-Barthélemy VD;ch:1:sboid:100602;;2535889;1165298;586;46.635838988658946, 6.601368254227651
8501061;La Givrine;Nyon-St-Cergue-Morez;TRAIN;VD;Saint-Cergue;5727;St-Cergue;ch:1:sboid:100047;;2498036.119;1145671.618;1209;46.45459999365591, 6.111439999745718
8510719;St-Cergue Les Cheseaux, gare;Nyon-St-Cergue-Morez Ersatzverkehr;BUS;VD;Saint-Cergue;5727;St-Cergue;ch:1:sboid:1100073;;2500758.171;1144663.196;1091.2;46.44593908313137, 6.147081157911446
8519077;St-Cergue Les Cheseaux;Nyon-St-Cergue-Morez;TRAIN;VD;Saint-Cergue;5727;St-Cergue;ch:1:sboid:100047;;2500775.172;1144767.527;1101.7;46.44688000225904, 6.147279994100998
8510722;St-Cergue, bif. La Chèvrerie;Nyon-St-Cergue-Morez Ersatzverkehr;BUS;VD;Saint-Cergue;5727;St-Cergue;ch:1:sboid:1100073;;2502803.962;1145217.502;1061.3;46.45122501234092, 6.1735845026425995
8510717;La Givrine, gare;Nyon-St-Cergue-Morez Ersatzverkehr;BUS;VD;Saint-Cergue;5727;St-Cergue;ch:1:sboid:1100073;;2498099.384;1145651.708;1207;46.45443055240167, 6.112267705953971
8510720;St-Cergue, gare;Nyon-St-Cergue-Morez Ersatzverkehr;BUS;VD;Saint-Cergue;5727;St-Cergue;ch:1:sboid:1100073;;2501734.59;1144932.986;1044.2;46.44850977162287, 6.159728964407098
8501060;La Cure;Nyon-St-Cergue-Morez;TRAIN;VD;Saint-Cergue;5727;La Cure;ch:1:sboid:100047;;2495147.434;1146894.22;1154.3;46.46514999705084, 6.073570005229383
8510718;Les Pralies, gare;Nyon-St-Cergue-Morez Ersatzverkehr;BUS;VD;Saint-Cergue;5727;St-Cergue;ch:1:sboid:1100073;;2499208.407;1145251.698;1175;46.4510006804128, 6.126787599042378
8501062;St-Cergue;Nyon-St-Cergue-Morez;TRAIN;VD;Saint-Cergue;5727;St-Cergue;ch:1:sboid:100047;;2501783.253;1144943.335;1044.2;46.448610000612014, 6.1603600010073825
8501055;Les Pralies;Nyon-St-Cergue-Morez;TRAIN;VD;Saint-Cergue;5727;St-Cergue;ch:1:sboid:100047;;2499215.071;1145271.523;1178.2;46.45118000069597, 6.126870003891381
8510716;La Cure, gare;Nyon-St-Cergue-Morez Ersatzverkehr;BUS;VD;Saint-Cergue;5727;La Cure;ch:1:sboid:1100073;;2495131;1146889;1154;46.46510047127266, 6.073357278967982
8579282;Ste-Croix, La Charmille;Transports Vallée de Joux-Yverdon-Ste-Croix;BUS;VD;Sainte-Croix;5568;Ste-Croix;ch:1:sboid:100694;;2528637;1186024;1081;46.82152866434602, 6.503436177125493
8571783;La Chaux-de-Ste-Croix;Transports Vallée de Joux-Yverdon-Ste-Croix;BUS;VD;Sainte-Croix;5568;L'Auberson;ch:1:sboid:100694;;2526788.481;1187132.515;1087;46.831298291504055, 6.479036110942586
8571780;La Vraconnaz, Les Rochettes;PostAuto AG;BUS;VD;Sainte-Croix;5568;La Vraconnaz;ch:1:sboid:100602;;2526181;1188680;1123;46.84515014789873, 6.470823941409993
8571782;La Vraconnaz, Noirvaux-Dessus;PostAuto AG;BUS;VD;Sainte-Croix;5568;La Vraconnaz;ch:1:sboid:100602;;2527669;1187579;1028;46.83541073124094, 6.490505290464651
8571788;Ste-Croix, gare;PostAuto AG;BUS;VD;Sainte-Croix;5568;Ste-Croix;ch:1:sboid:100602;;2528437;1185816;1070;46.81963625437598, 6.500848099693559
8571787;Ste-Croix, poste;PostAuto AG;BUS;VD;Sainte-Croix;5568;Ste-Croix;ch:1:sboid:100602;;2528478;1186120;1080;46.82237506047299, 6.501337656869413
8587594;L'Auberson, Vers-chz-ls-Jaques;Transports Vallée de Joux-Yverdon-Ste-Croix;BUS;VD;Sainte-Croix;5568;L'Auberson;ch:1:sboid:100694;;2525029;1185671.001;1106;46.81795627302622, 6.456216879389158
8587789;Ste-Croix, La Cité;Transports Vallée de Joux-Yverdon-Ste-Croix;BUS;VD;Sainte-Croix;5568;Ste-Croix;ch:1:sboid:100694;arrêt allobus TRAVYS 10.615;2529422.756;1185871.493;1042;46.8202408362589, 6.51375599670933
8579078;L'Auberson, La Grand'Borne;Transports Vallée de Joux-Yverdon-Ste-Croix;BUS;VD;Sainte-Croix;5568;L'Auberson;ch:1:sboid:100694;;2523812;1186304;1096;46.82351144726928, 6.440165330905833
8579077;L'Auberson, école;Transports Vallée de Joux-Yverdon-Ste-Croix;BUS;VD;Sainte-Croix;5568;L'Auberson;ch:1:sboid:100694;;2525593.134;1185649.355;1100;46.81782498052058, 6.463612037543253
8504290;Ste-Croix, Les Replans;Transports Vallée de Joux-Yverdon-Ste-Croix;BUS;VD;Sainte-Croix;5568;Ste-Croix;ch:1:sboid:100694;;2529943.986;1186297.943;1146;46.82413179549793, 6.520520310874017
8593788;Ste-Croix, Rocher;Transports Vallée de Joux-Yverdon-Ste-Croix;BUS;VD;Sainte-Croix;5568;Le Château-de-Ste-Croix;ch:1:sboid:100694;arrêt allobus TRAVYS 10.615;2529877.568;1185895.526;1024;46.82050515995252, 6.519711827138936
8593786;Ste-Croix, av. des Gittaz;Transports Vallée de Joux-Yverdon-Ste-Croix;BUS;VD;Sainte-Croix;5568;Ste-Croix;ch:1:sboid:100694;;2528165.25;1186256.189;1108;46.8235663023953, 6.497218012316517
8504298;Ste-Croix;Transports Vallée de Joux-Yverdon-Ste-Croix;TRAIN;VD;Sainte-Croix;5568;Ste-Croix;ch:1:sboid:100074;;2528425.802;1185793.766;1065.8;46.819435055402906, 6.500704862738937
8593784;L'Auberson, Les Sapins;Transports Vallée de Joux-Yverdon-Ste-Croix;BUS;VD;Sainte-Croix;5568;L'Auberson;ch:1:sboid:100694;;2525937.076;1185796.806;1101;46.819189675729675, 6.468094630889126
8579071;L'Auberson, Vers-le-Bois;Transports Vallée de Joux-Yverdon-Ste-Croix;BUS;VD;Sainte-Croix;5568;L'Auberson;ch:1:sboid:100694;;2527527;1186749;1114;46.82792967097813, 6.4887760408309445
8579284;Ste-Croix, place du Pont;Transports Vallée de Joux-Yverdon-Ste-Croix;BUS;VD;Sainte-Croix;5568;Ste-Croix;ch:1:sboid:100694;;2528462;1186315;1085;46.82412730576444, 6.501097409498636
8579286;Ste-Croix, rue des Rasses;Transports Vallée de Joux-Yverdon-Ste-Croix;BUS;VD;Sainte-Croix;5568;Ste-Croix;ch:1:sboid:100694;;2528893;1186211;1088;46.823238121695404, 6.506761536519341
8579285;Ste-Croix,centre de soins-hôp.;Transports Vallée de Joux-Yverdon-Ste-Croix;BUS;VD;Sainte-Croix;5568;Ste-Croix;ch:1:sboid:100694;arrêt allobus TRAVYS 10.615;2527953.898;1185783.773;1086;46.81929417800154, 6.494523066555081
8579719;Ste-Croix, av. de Neuchâtel;PostAuto AG;BUS;VD;Sainte-Croix;5568;Ste-Croix;ch:1:sboid:100602;;2528127;1186534;1122;46.826060990850884, 6.496672993258124
8587930;Ste-Croix, av. des Alpes;Transports Vallée de Joux-Yverdon-Ste-Croix;BUS;VD;Sainte-Croix;5568;Ste-Croix;ch:1:sboid:100694;arrêt allobus TRAVYS 10.615;2528822.478;1185952.42;1070;46.82090471652035, 6.505877771686775
8571781;La Vraconnaz, bif. nord;PostAuto AG;BUS;VD;Sainte-Croix;5568;La Vraconnaz;ch:1:sboid:100602;;2526984;1188405;1109;46.842765380947526, 6.48139474782313
8571786;Ste-Croix, Col-des-Etroits;PostAuto AG;BUS;VD;Sainte-Croix;5568;Ste-Croix;ch:1:sboid:100602;;2528002;1186960;1153;46.8298791957965, 6.4949676497905555
8571784;L'Auberson, Vers-chez-Gueissaz;Transports Vallée de Joux-Yverdon-Ste-Croix;BUS;VD;Sainte-Croix;5568;L'Auberson;ch:1:sboid:100694;;2526840.536;1186625.551;1091;46.82674405091441, 6.4797996789950165
8593783;L'Auberson, ch. du Carre;Transports Vallée de Joux-Yverdon-Ste-Croix;BUS;VD;Sainte-Croix;5568;L'Auberson;ch:1:sboid:100694;;2525763;1185698.001;1100;46.81828153294018, 6.465829807314417
8593787;Ste-Croix, Le Château;Transports Vallée de Joux-Yverdon-Ste-Croix;BUS;VD;Sainte-Croix;5568;Le Château-de-Ste-Croix;ch:1:sboid:100694;arrêt allobus TRAVYS 10.615;2530969.332;1185629.268;995;46.81822455700626, 6.534057922211778
8593785;L'Auberson, ch. des Grangettes;Transports Vallée de Joux-Yverdon-Ste-Croix;BUS;VD;Sainte-Croix;5568;L'Auberson;ch:1:sboid:100694;;2525303;1185648.001;1102;46.81778025184768, 6.459810759469767
8504270;Les Rasses, Bois de Ban;Transports Vallée de Joux-Yverdon-Ste-Croix;BUS;VD;Sainte-Croix;5568;Les Rasses;ch:1:sboid:100694;;2530464.045;1186571.356;1164;46.82664570950166, 6.527293608100481
8579075;L'Auberson, La Combe;Transports Vallée de Joux-Yverdon-Ste-Croix;BUS;VD;Sainte-Croix;5568;L'Auberson;ch:1:sboid:100694;;2526102.182;1185842.602;1102;46.819619977883214, 6.470250587446792
8504271;Les Rasses, Crêt-Junod;Transports Vallée de Joux-Yverdon-Ste-Croix;BUS;VD;Sainte-Croix;5568;Les Rasses;ch:1:sboid:100694;;2530845;1186663;1173;46.82750978637045, 6.532272072098367
8501855;St-George, village;PostAuto AG;BUS;VD;Saint-George;5434;St-George;ch:1:sboid:100602;;2509606;1152079;931;46.51389489224837, 6.260760111828941
8583861;Saint-George, Le Fort;PostAuto AG;BUS;VD;Saint-George;5434;St-George;ch:1:sboid:100602;;2510211;1154232;1086;46.53334181153987, 6.26822328799009
8570018;St-George, Côte-Malherbe;PostAuto AG;BUS;VD;Saint-George;5434;St-George;ch:1:sboid:100602;;2510316;1152027;892;46.51352282129417, 6.270020507343164
8570017;St-George, Maison Neuve;PostAuto AG;BUS;VD;Saint-George;5434;St-George;ch:1:sboid:100602;;2509368;1151436;930;46.50807914339424, 6.257785601756435
8570051;St-Livres, village;PostAuto AG;BUS;VD;Saint-Livres;5435;St-Livres;ch:1:sboid:100602;;2519290;1151216;601;46.50737203172586, 6.387082501113534
8570049;Aubonne, Sermaret;PostAuto AG;BUS;VD;Saint-Livres;5435;St-Livres;ch:1:sboid:100602;;2519556;1150344;461;46.499560631803824, 6.390699741176965
8583710;St-Livres, grande salle;PostAuto AG;BUS;VD;Saint-Livres;5435;St-Livres;ch:1:sboid:100602;;2519532;1151409;608;46.50913720726776, 6.390201450307398
8501863;St-Oyens, église;PostAuto AG;BUS;VD;Saint-Oyens;5436;St-Oyens;ch:1:sboid:100602;;2513309;1150321;730;46.49857282939702, 6.309335491857883
8589253;St-Prex, gare nord;Automobiles MBC;BUS;VD;Saint-Prex;5646;St-Prex;ch:1:sboid:100566;;2524482.165;1148438.379;395.3;46.482994443304605, 6.455177405235745
8589252;St-Prex, Penguey;Automobiles MBC;BUS;VD;Saint-Prex;5646;St-Prex;ch:1:sboid:100566;;2524685.347;1148510.75;386.8;46.48366833437075, 6.457811354003598
8589262;St-Prex, Taillecou;Automobiles MBC;BUS;VD;Saint-Prex;5646;St-Prex;ch:1:sboid:100566;;2524958;1148755;382;46.48589599652712, 6.461322086777478
8511342;St-Prex, gare sud;SBB Infrastruktur AG Bahnersatz;BUS;VD;Saint-Prex;5646;St-Prex;ch:1:sboid:1100021;;2524626.265;1148270.05;393;46.48149660008718, 6.457081285553468
8506410;St-Prex, Pont Rouge;Automobiles MBC;BUS;VD;Saint-Prex;5646;St-Prex;ch:1:sboid:100566;;2524171.773;1148031.429;398.4;46.47929883732143, 6.4512024296113895
8589251;St-Prex, place d'Armes;Automobiles MBC;BUS;VD;Saint-Prex;5646;St-Prex;ch:1:sboid:100566;;2524890.753;1148207.91;375;46.48096741795959, 6.460535343762191
8589257;St-Prex, Scierie;Automobiles MBC;BUS;VD;Saint-Prex;5646;St-Prex;ch:1:sboid:100566;;2523618;1147805;402;46.47719911001442, 6.44402938696689
8501036;St-Prex;Schweizerische Bundesbahnen SBB;TRAIN;VD;Saint-Prex;5646;St-Prex;ch:1:sboid:100001;;2524537.165;1148362.364;395.19;46.482316906306195, 6.455906017304926
8501321;St-Prex (lac);CGN SA;BOAT;VD;Saint-Prex;5646;St-Prex;ch:1:sboid:100143;;2524993;1147960;373;46.478748966721014, 6.461906970844283
8595646;St-Prex, Epondaz;Automobiles MBC;BUS;VD;Saint-Prex;5646;St-Prex;ch:1:sboid:100566;;2524348.297;1148661.857;396.9;46.48498947166752, 6.453397641464724
8501127;St-Saphorin;Schweizerische Bundesbahnen SBB;TRAIN;VD;Saint-Saphorin (Lavaux);5610;St-Saphorin (Lavaux);ch:1:sboid:100001;;2550722.284;1147009.849;376.93;46.472593707752836, 6.797033689379044
8510135;St-Saphorin (Lavaux), gare;Service d'automobiles TPF;BUS;VD;Saint-Saphorin (Lavaux);5610;St-Saphorin (Lavaux);ch:1:sboid:100633;;2550804.571;1147020.468;385.1;46.47269529115874, 6.798103907871372
8588156;St-Sulpice VD, Laviau;Transports Publics de la Région Lausannoise sa;BUS;VD;Saint-Sulpice (VD);5648;St-Sulpice VD;ch:1:sboid:100122;;2531846;1151495;397;46.51128004049808, 6.550616135861815
8579231;St-Sulpice VD, Venoge sud;Transports Publics de la Région Lausannoise sa;BUS;VD;Saint-Sulpice (VD);5648;St-Sulpice VD;ch:1:sboid:100122;;2531519;1151671;397;46.512829731820894, 6.546329675355274
8510527;St-Sulpice VD, Ochettaz-Ormet;Automobiles MBC;BUS;VD;Saint-Sulpice (VD);5648;St-Sulpice VD;ch:1:sboid:100566;;2532295.712;1151769.502;405;46.5137949104142, 6.556434955983805
8510526;St-Sulpice VD, En Champagny;Automobiles MBC;BUS;VD;Saint-Sulpice (VD);5648;St-Sulpice VD;ch:1:sboid:100566;;2531784.044;1151773.366;398.8;46.51377762895995, 6.549767779953437
8592226;St-Sulpice VD, Russel;Transports Publics de la Région Lausannoise sa;BUS;VD;Saint-Sulpice (VD);5648;St-Sulpice VD;ch:1:sboid:100122;;2532871;1151912;387;46.51513473192479, 6.5639097468692285
8595223;St-Sulpice VD, Parc Scient.;Automobiles MBC;BUS;VD;Saint-Sulpice (VD);5648;St-Sulpice VD;ch:1:sboid:100566;;2532863;1152073;394;46.516582129619145, 6.563782076778429
8588158;St-Sulpice VD, centre;Transports Publics de la Région Lausannoise sa;BUS;VD;Saint-Sulpice (VD);5648;St-Sulpice VD;ch:1:sboid:100122;;2532419;1151355;397;46.51007893301721, 6.558102013553923
8588157;St-Sulpice VD, Bochet;Transports Publics de la Région Lausannoise sa;BUS;VD;Saint-Sulpice (VD);5648;St-Sulpice VD;ch:1:sboid:100122;;2532528;1151716;397;46.5133371560909, 6.559469297773421
8588155;St-Sulpice VD, Chantres;Transports Publics de la Région Lausannoise sa;BUS;VD;Saint-Sulpice (VD);5648;St-Sulpice VD;ch:1:sboid:100122;;2532069;1151404;397;46.510484200438995, 6.553534904003516
8510525;St-Sulpice VD, Castolin;Automobiles MBC;BUS;VD;Saint-Sulpice (VD);5648;St-Sulpice VD;ch:1:sboid:100566;;2531524.519;1151737.002;395;46.513423987706126, 6.546391791208048
8594988;St-Sulpice VD, Venoge nord;Transports Publics de la Région Lausannoise sa;BUS;VD;Saint-Sulpice (VD);5648;St-Sulpice VD;ch:1:sboid:100122;;2531466;1151782;394;46.513822744949955, 6.545622652050942
8501245;St-Sulpice VD (lac);CGN SA;BOAT;VD;Saint-Sulpice (VD);5648;St-Sulpice VD;ch:1:sboid:100143;;2532656.66;1151186.05;374;46.50858321323263, 6.561222976504764
8592227;St-Sulpice VD, Pâqueret;Transports Publics de la Région Lausannoise sa;BUS;VD;Saint-Sulpice (VD);5648;St-Sulpice VD;ch:1:sboid:100122;;2533389.039;1152057.108;390.6;46.51649183471221, 6.570638591607028
8570125;Saubraz, village;PostAuto AG;BUS;VD;Saubraz;5437;Saubraz;ch:1:sboid:100602;;2514923;1151997;685;46.51385530696295, 6.330048944600191
8504172;Savigny, Claie-aux-Moines;PostAuto AG;BUS;VD;Savigny;5611;Savigny;ch:1:sboid:100602;;2543655;1154636;803;46.54063419435302, 6.7040896244492005
8579250;Mollie-Margot, centre;PostAuto AG;BUS;VD;Savigny;5611;Mollie-Margot;ch:1:sboid:100602;;2547236;1156368;831;46.5565065457686, 6.750572959436394
8592228;Savigny, ancienne poste;PostAuto AG;BUS;VD;Savigny;5611;Savigny;ch:1:sboid:100602;;2545242;1154537;823;46.53987570579605, 6.724789392251025
8592229;Savigny, Clair-Matin;PostAuto AG;BUS;VD;Savigny;5611;Mollie-Margot;ch:1:sboid:100602;;2546955;1155673;820;46.5502325861145, 6.74698884230878
8592234;Savigny, St-Amour;PostAuto AG;BUS;VD;Savigny;5611;Mollie-Margot;ch:1:sboid:100602;;2546849;1155407;809;46.54783142240162, 6.745637484460708
8592233;Savigny, Publoz;PostAuto AG;BUS;VD;Savigny;5611;Savigny;ch:1:sboid:100602;;2544546;1154761;818;46.54183318974649, 6.715689569181506
8592232;Savigny, Palaz;PostAuto AG;BUS;VD;Savigny;5611;Savigny;ch:1:sboid:100602;;2546033;1154707;815;46.54146929756565, 6.735080757096507
8592231;Savigny, Grange-la-Ville;PostAuto AG;BUS;VD;Savigny;5611;Mollie-Margot;ch:1:sboid:100602;;2547048;1155895;825;46.55223691198402, 6.748175874665115
8592230;Savigny, Crêt-Rouge;PostAuto AG;BUS;VD;Savigny;5611;Savigny;ch:1:sboid:100602;;2546326;1154921;809;46.543417895935214, 6.738875412634512
8504173;Savigny, centre;PostAuto AG;BUS;VD;Savigny;5611;Savigny;ch:1:sboid:100602;;2545711;1154384;799;46.53853773561214, 6.7309211842468475
8570108;Senarclens, village;Automobiles MBC;BUS;VD;Senarclens;5499;Senarclens;ch:1:sboid:100566;;2527066.34;1161460.569;582.5;46.60041496425442, 6.486766724948886
8579102;Sergey;Transports Vallée de Joux-Yverdon-Ste-Croix;BUS;VD;Sergey;5762;Sergey;ch:1:sboid:100694;;2528259;1178151.001;612;46.75067232316906, 6.499719762348373
8505530;Servion, Moléson;PostAuto AG;BUS;VD;Servion;5799;Servion;ch:1:sboid:100602;;2549710;1157685;742;46.5685443063403, 6.7826896017563385
8581429;Servion, Grange Rouge;PostAuto AG;BUS;VD;Servion;5799;Servion;ch:1:sboid:100602;;2549434;1157989;736;46.57125800541496, 6.779056404634097
8557026;Servion, Vieux-Collège;PostAuto AG;BUS;VD;Servion;5799;Servion;ch:1:sboid:100602;;2549798;1158482;752;46.57572015434955, 6.783750406059069
8504997;Servion, Zoo-Tropiquarium;PostAuto AG;BUS;VD;Servion;5799;Servion;ch:1:sboid:100602;;2548897;1157422;764;46.5661167865417, 6.772115077854489
8570462;Servion, Clos de l'Auberge;PostAuto AG;BUS;VD;Servion;5799;Servion;ch:1:sboid:100602;;2549668;1157654;744;46.568262286510034, 6.782145197642712
8570421;Servion, Mannessivaz;PostAuto AG;BUS;VD;Servion;5799;Servion;ch:1:sboid:100602;;2549780;1159293;768;46.58301395117819, 6.78342706691406
8570420;Servion, poste/croisée;PostAuto AG;BUS;VD;Servion;5799;Servion;ch:1:sboid:100602;;2549588;1158205;739;46.573212633934794, 6.781041420455006
8570419;Les Cullayes, Pra la Tête;PostAuto AG;BUS;VD;Servion;5799;Les Cullayes;ch:1:sboid:100602;;2547875;1157310;801;46.565030272076726, 6.758798724755407
8504169;Les Cullayes, village;PostAuto AG;BUS;VD;Servion;5799;Les Cullayes;ch:1:sboid:100602;;2547399;1158191;836;46.57291772026203, 6.752490113433848
8570005;Signy, centre commercial;Transports Publics de la Région Nyonnaise;BUS;VD;Signy-Avenex;5728;Signy;ch:1:sboid:100540;;2505155.896;1139248.53;479.2;46.39787449305133, 6.205413862386875
8501969;Signy, Le Glassey;Transports Publics de la Région Nyonnaise;BUS;VD;Signy-Avenex;5728;Signy;ch:1:sboid:100540;;2504550;1138350;470;46.389706587894864, 6.197721942350284
8501970;Signy, village;Transports Publics de la Région Nyonnaise;BUS;VD;Signy-Avenex;5728;Signy;ch:1:sboid:100540;;2504907;1138440;470;46.390566864894595, 6.202343973461926
8579734;Suchy, village;PostAuto AG;BUS;VD;Suchy;5929;Suchy;ch:1:sboid:100602;;2535800;1174952;583;46.72266798946339, 6.598854134060022
8579733;Suchy, Grande Salle;PostAuto AG;BUS;VD;Suchy;5929;Suchy;ch:1:sboid:100602;;2535970;1175185;588;46.724780187798956, 6.601045091622523
8570068;Sullens, Auberge;PostAuto AG;BUS;VD;Sullens;5501;Sullens;ch:1:sboid:100602;;2533123;1160639;590;46.59365959336547, 6.565926056764861
8507962;Suscévaz, village;PostAuto AG;BUS;VD;Suscévaz;5930;Suscévaz;ch:1:sboid:100602;;2534257;1179584;446;46.76418173660095, 6.578006391891406
8570241;Suscévaz, Les Vignes;PostAuto AG;BUS;VD;Suscévaz;5930;Suscévaz;ch:1:sboid:100602;;2535139;1179857;452;46.76672394114255, 6.589512832415286
8582423;Suscévaz, Au Coin;PostAuto AG;BUS;VD;Suscévaz;5930;Suscévaz;ch:1:sboid:100602;;2534749;1179878;456;46.76687468351731, 6.58440458212336
8504162;Syens, Champ-du-Chêne;PostAuto AG;BUS;VD;Syens;5688;Syens;ch:1:sboid:100602;;2549854;1166037;579;46.64368337580689, 6.783656388716565
8588154;Syens, Clos du Château;PostAuto AG;BUS;VD;Syens;5688;Syens;ch:1:sboid:100602;;2549476;1166047;594;46.64374477387258, 6.77871827758749
8507647;Tannay, giratoire;Transports Publics de la Région Nyonnaise;BUS;VD;Tannay;5729;Tannay;ch:1:sboid:100540;;2502549;1129540;413;46.31017730373154, 6.173561287436776
8588655;Tannay, village;Transports Publics de la Région Nyonnaise;BUS;VD;Tannay;5729;Tannay;ch:1:sboid:100540;;2502683;1129441;410;46.30930630274593, 6.175321261056969
8511286;Tannay, gare;PostAuto AG;BUS;VD;Tannay;5729;Tannay;ch:1:sboid:100602;;2503308.88;1129320.858;384.8;46.30831617841637, 6.183469726657891
8501015;Tannay;Schweizerische Bundesbahnen SBB;TRAIN;VD;Tannay;5729;Tannay;ch:1:sboid:100001;;2503126.717;1129249.174;392.291;46.30764514488336, 6.181120364557774
8583111;Rolle, La Pièce-Etraz;PostAuto AG;BUS;VD;Tartegnin;5862;Tartegnin;ch:1:sboid:100602;;2514219;1146202;436;46.46164103834109, 6.3219530841526
8500731;Tartegnin, village;PostAuto AG;BUS;VD;Tartegnin;5862;Tartegnin;ch:1:sboid:100602;;2513689;1146697;493;46.46602524219456, 6.314962115803456
8507968;Villars-Burquin, pl. fontaine;PostAuto AG;BUS;VD;Tévenon;5571;Villars-Burquin;ch:1:sboid:100602;;2538124;1188704;739;46.846586145342584, 6.62738812858296
8507662;La Combaz VD (Romairon);PostAuto AG;BUS;VD;Tévenon;5571;Mauborget;ch:1:sboid:100602;;2538889;1191911;1223;46.875503411892595, 6.636986813378715
8507680;Fontanezier, bas du village;PostAuto AG;BUS;VD;Tévenon;5571;Fontanezier;ch:1:sboid:100602;;2540037;1189406;817;46.8530760440701, 6.652375039982958
8507958;Romairon, village;PostAuto AG;BUS;VD;Tévenon;5571;Romairon;ch:1:sboid:100602;;2539281;1189171;810;46.850893546457776, 6.642494067043667
8570266;Vaugondry, bif.;PostAuto AG;BUS;VD;Tévenon;5571;Villars-Burquin;ch:1:sboid:100602;;2538660;1188807;762;46.84756234383717, 6.634401172980234
8570271;Romairon, Les Rochats bif.;PostAuto AG;BUS;VD;Tévenon;5571;Mauborget;ch:1:sboid:100602;;2539179;1192525;1244;46.88105286623873, 6.640708670590713
8507684;Villars-Burquin, Grange-Meule;PostAuto AG;BUS;VD;Tévenon;5571;Villars-Burquin;ch:1:sboid:100602;;2538267;1189186;862;46.85093496678115, 6.629197529225514
8570268;Villars-Burquin, Bassugnet;PostAuto AG;BUS;VD;Tévenon;5571;Villars-Burquin;ch:1:sboid:100602;;2537790;1188934;803;46.84862375011548, 6.622978018718952
8580481;Villars-Burquin, Douvaz;PostAuto AG;BUS;VD;Tévenon;5571;Villars-Burquin;ch:1:sboid:100602;;2537992;1189085;826;46.85000086407963, 6.625605764629929
8581511;Romairon, collège;PostAuto AG;BUS;VD;Tévenon;5571;Vaugondry;ch:1:sboid:100602;;2538918;1188978;782;46.84912424616482, 6.637760665220629
8583885;Villars-Burquin, Les Oches;PostAuto AG;BUS;VD;Tévenon;5571;Villars-Burquin;ch:1:sboid:100602;;2538111;1188452;699;46.84431823423126, 6.627251930142767
8570267;Villars-Burquin, La Forge;PostAuto AG;BUS;VD;Tévenon;5571;Villars-Burquin;ch:1:sboid:100602;;2538005;1188856;774;46.84794226110492, 6.625807367436627
8570265;Villars-Burquin, Laiterie;PostAuto AG;BUS;VD;Tévenon;5571;Villars-Burquin;ch:1:sboid:100602;;2538279;1188774;753;46.84723020927089, 6.629410680293735
8592283;Tolochenaz, Les Saux;Automobiles MBC;BUS;VD;Tolochenaz;5649;Tolochenaz;ch:1:sboid:100566;;2525949;1150196;395;46.49896818428502, 6.473996065802106
8592281;Tolochenaz, Le Portail;Automobiles MBC;BUS;VD;Tolochenaz;5649;Tolochenaz;ch:1:sboid:100566;;2526027.801;1150974.235;419.4;46.50597707376616, 6.474897752425834
8592284;Tolochenaz, Molliau;Automobiles MBC;BUS;VD;Tolochenaz;5649;Tolochenaz;ch:1:sboid:100566;;2526507;1150479;390;46.50157533649618, 6.481219209647008
8592280;Tolochenaz, La Grillette;Automobiles MBC;BUS;VD;Tolochenaz;5649;Tolochenaz;ch:1:sboid:100566;;2525703.518;1150654.787;415.8;46.503067697090856, 6.470724701231225
8570082;Tolochenaz, La Plantaz;Automobiles MBC;BUS;VD;Tolochenaz;5649;Tolochenaz;ch:1:sboid:100566;;2526220;1151214;420;46.50815499047155, 6.477363218192733
8501046;Tolochenaz;Schweizerische Bundesbahnen SBB;;VD;Tolochenaz;5649;Tolochenaz;ch:1:sboid:100001;(Zug) [löschen];2526023.842;1149958.491;392.207;46.49684009504634, 6.475008978773484
8570083;Tolochenaz, pl. Audrey Hepburn;Automobiles MBC;BUS;VD;Tolochenaz;5649;Tolochenaz;ch:1:sboid:100566;;2525880.478;1150820.783;418.2;46.50458046413518, 6.473003205868675
8592282;Tolochenaz, Les Noyers;Automobiles MBC;BUS;VD;Tolochenaz;5649;Tolochenaz;ch:1:sboid:100566;;2526242;1150218;390;46.49919846859107, 6.477809007145814
8589250;Tolochenaz,cimetière de Morges;Automobiles MBC;BUS;VD;Tolochenaz;5649;Tolochenaz;ch:1:sboid:100566;;2526698.416;1150346.452;382.5;46.500404093217284, 6.483733665659782
8501068;Trélex;Nyon-St-Cergue-Morez;TRAIN;VD;Trélex;5730;Trélex;ch:1:sboid:100047;;2505260.973;1141008.561;497.7;46.41371999488676, 6.206420004283509
8512604;Dépôt trains Trélex (voie D4);Nyon-St-Cergue-Morez;;VD;Trélex;5730;Trélex;ch:1:sboid:100047;;2505437.909;1140120.622;477.2;46.40575841210683, 6.20890221634299
8512608;Dépôt trains Trélex (voie D4B);Nyon-St-Cergue-Morez;;VD;Trélex;5730;Trélex;ch:1:sboid:100047;;2505471.242;1140038.677;478.5;46.405026065369526, 6.209352338363791
8510733;Trélex, dépôt;Nyon-St-Cergue-Morez Ersatzverkehr;BUS;VD;Trélex;5730;Trélex;ch:1:sboid:1100073;;2505415.598;1140276.314;480;46.40715563997808, 6.2085803281644765
8512601;Dépôt trains Trélex (voie D1);Nyon-St-Cergue-Morez;;VD;Trélex;5730;Trélex;ch:1:sboid:100047;;2505456.798;1140126.567;476.8;46.40581455659156, 6.2091466053097895
8512602;Dépôt trains Trélex (voie D2);Nyon-St-Cergue-Morez;;VD;Trélex;5730;Trélex;ch:1:sboid:100047;;2505450.789;1140124.691;476.9;46.405796829514635, 6.209068857159867
8512605;Dépôt trains Trélex (voie D5);Nyon-St-Cergue-Morez;;VD;Trélex;5730;Trélex;ch:1:sboid:100047;;2505431.196;1140118.471;477.4;46.40573812239288, 6.208815370663246
8512607;Dépôt trains Trélex (voie D6B);Nyon-St-Cergue-Morez;;VD;Trélex;5730;Trélex;ch:1:sboid:100047;;2505453.398;1140066.662;478.8;46.40527525898411, 6.209114618876978
8510724;Trélex, gare;Nyon-St-Cergue-Morez Ersatzverkehr;BUS;VD;Trélex;5730;Trélex;ch:1:sboid:1100073;;2505224.255;1140981.656;498.2;46.41347280056036, 6.205948014163891
8512598;Dépôt trains Trélex (voie D13);Nyon-St-Cergue-Morez;;VD;Trélex;5730;Trélex;ch:1:sboid:100047;;2505503.033;1139924.61;474.1;46.404004574945134, 6.209788969336004
8512599;Dépôt trains Trélex (voie D12);Nyon-St-Cergue-Morez;;VD;Trélex;5730;Trélex;ch:1:sboid:100047;;2505506.916;1139925.504;474;46.404013161844844, 6.209839265211019
8512600;Dépôt trains Trélex (voie D11);Nyon-St-Cergue-Morez;;VD;Trélex;5730;Trélex;ch:1:sboid:100047;;2505510.83;1139926.486;474.2;46.404022547730506, 6.20988995980263
8512606;Dépôt trains Trélex (voie D6);Nyon-St-Cergue-Morez;;VD;Trélex;5730;Trélex;ch:1:sboid:100047;;2505423.98;1140116.439;477.6;46.40571882729801, 6.208721948409629
8512609;Dépôt trains Trélex (voie D3B);Nyon-St-Cergue-Morez;;VD;Trélex;5730;Trélex;ch:1:sboid:100047;;2505465.067;1140070.931;478.7;46.40531530405283, 6.209265472364734
8510670;Trélex dépôt;Nyon-St-Cergue-Morez;TRAIN;VD;Trélex;5730;Trélex;ch:1:sboid:100047;;2505434.691;1140215.463;477.52;46.40661101032752, 6.208841006100871
8512596;Dépôt trains Trélex (voie D15);Nyon-St-Cergue-Morez;;VD;Trélex;5730;Trélex;ch:1:sboid:100047;;2505483.769;1139919.962;473.9;46.403960047728596, 6.20953944172478
8512597;Dépôt trains Trélex (voie D14);Nyon-St-Cergue-Morez;;VD;Trélex;5730;Trélex;ch:1:sboid:100047;;2505492.624;1139922.067;474;46.403980229711266, 6.2096541434045545
8512610;Dépôt trains Trélex (voie D2B);Nyon-St-Cergue-Morez;;VD;Trélex;5730;Trélex;ch:1:sboid:100047;;2505477.701;1140049.469;478.6;46.40512404260467, 6.209434126997375
8512603;Dépôt trains Trélex (voie D3);Nyon-St-Cergue-Morez;;VD;Trélex;5730;Trélex;ch:1:sboid:100047;;2505444.387;1140122.662;476.9;46.40577767831829, 6.208986024430299
8512611;Dépôt trains Trélex (voie D2C);Nyon-St-Cergue-Morez;;VD;Trélex;5730;Trélex;ch:1:sboid:100047;;2505487.615;1140025.578;476.8;46.404910556924385, 6.20956790264629
8504142;Trey;Schweizerische Bundesbahnen SBB;;VD;Trey;5827;Trey;ch:1:sboid:100001;;2560106.513;1181109.47;459.03;46.779957097461555, 6.916250945172529
8557121;Granges-sous-Trey, village;PostAuto AG;BUS;VD;Trey;5827;Trey;ch:1:sboid:100602;;2560042;1180165;486;46.77145751976911, 6.915488875499213
8570482;Trey, Planche-à-Failly;PostAuto AG;BUS;VD;Trey;5827;Trey;ch:1:sboid:100602;;2561224;1180922;529;46.778336923880026, 6.9308993671523105
8570481;Trey, village;PostAuto AG;BUS;VD;Trey;5827;Trey;ch:1:sboid:100602;;2560820;1179904;576;46.76915609447953, 6.925696876399385
8570480;Trey, Les Folosses;PostAuto AG;BUS;VD;Trey;5827;Trey;ch:1:sboid:100602;;2560628;1179218;601;46.76297402495445, 6.923242458767275
8507964;Treycovagnes, village;PostAuto AG;BUS;VD;Treycovagnes;5931;Treycovagnes;ch:1:sboid:100602;;2536673;1180655;451;46.77404971869946, 6.609482955850204
8579299;Treycovagnes, Champ-Murat;Transports Vallée de Joux-Yverdon-Ste-Croix;BUS;VD;Treycovagnes;5931;Treycovagnes;ch:1:sboid:100694;;2536739.452;1180987.453;476;46.777046426316645, 6.610306923679594
8577613;Treytorrens (Payerne), Nord;Service d'automobiles TPF;BUS;VD;Treytorrens (Payerne);5828;Treytorrens (Payerne);ch:1:sboid:100633;;2551292.557;1180515.131;670.4;46.77402338742861, 6.800904812430492
8577614;Treytorrens (Payerne), village;Service d'automobiles TPF;BUS;VD;Treytorrens (Payerne);5828;Treytorrens (Payerne);ch:1:sboid:100633;;2551183.348;1180221.943;668;46.771378119004986, 6.799506334084311
8502506;Treytorrens, Les Molliettes;PostAuto AG;BUS;VD;Treytorrens (Payerne);5828;Treytorrens (Payerne);ch:1:sboid:100602;;2551198;1179678;625;46.76648636672454, 6.799756265703736
8507966;Ursins, Le Battoir;PostAuto AG;BUS;VD;Ursins;5932;Ursins;ch:1:sboid:100602;;2541216;1176316;637;46.73543760089023, 6.669519324324079
8570304;Ursins, Grange-des-Bois;PostAuto AG;BUS;VD;Ursins;5932;Ursins;ch:1:sboid:100602;;2541900;1175946;642;46.732169521446046, 6.678515054713837
8504152;Combremont-le-Grand, village;PostAuto AG;BUS;VD;Valbroye;5831;Combremont-le-Grand;ch:1:sboid:100602;;2552539;1179049;672;46.76092551621488, 6.817376237265337
8504155;Villars-Bramard, village;PostAuto AG;BUS;VD;Valbroye;5831;Villars-Bramard;ch:1:sboid:100602;;2558727;1174454;727;46.720005430899356, 6.898788618688819
8504122;Granges-Marnand;Schweizerische Bundesbahnen SBB;TRAIN;VD;Valbroye;5831;Granges-près-Marnand;ch:1:sboid:100001;;2558413.081;1178773.963;469.29;46.75884492426054, 6.8942897289298015
8504153;Combremont-le-Petit, poste;PostAuto AG;BUS;VD;Valbroye;5831;Combremont-le-Petit;ch:1:sboid:100602;;2551916;1177658;666;46.74836851423571, 6.809367936330743
8504159;Sassel, village;PostAuto AG;BUS;VD;Valbroye;5831;Sassel;ch:1:sboid:100602;;2555704;1180627;629;46.77533830690232, 6.858651139769219
8557077;Granges-près-Marnand,Le Canard;PostAuto AG;BUS;VD;Valbroye;5831;Granges-près-Marnand;ch:1:sboid:100602;;2558248;1178951;466;46.76042705982415, 6.89211281382988
8557120;Seigneux, village;PostAuto AG;BUS;VD;Valbroye;5831;Seigneux;ch:1:sboid:100602;;2557204;1175376;571;46.72820279451858, 6.8787822964923055
8570374;Granges-près-Marnand, poste;PostAuto AG;BUS;VD;Valbroye;5831;Granges-près-Marnand;ch:1:sboid:100602;;2558023;1179169;468;46.762373842574775, 6.889147684779448
8570373;Granges-près-Marnand, gare;PostAuto AG;BUS;VD;Valbroye;5831;Granges-près-Marnand;ch:1:sboid:100602;;2558400;1178756;466;46.758682524861044, 6.894120148324203
8577619;Combremont-le-Petit, village;PostAuto AG;BUS;VD;Valbroye;5831;Combremont-le-Petit;ch:1:sboid:100602;;2551927;1177894;650;46.750492163350515, 6.809487065037799
8577620;Combremont-le-Grand, église;Service d'automobiles TPF;BUS;VD;Valbroye;5831;Combremont-le-Grand;ch:1:sboid:100633;;2552617.646;1179141.297;672.6;46.76176134733856, 6.818396094719684
8580464;Combremont-le-Grand, Crévy;PostAuto AG;BUS;VD;Valbroye;5831;Combremont-le-Grand;ch:1:sboid:100602;;2553455;1179480;689;46.76486718477625, 6.82932218052932
8557139;Marnand, village;PostAuto AG;BUS;VD;Valbroye;5831;Marnand;ch:1:sboid:100602;;2558715;1178590;475;46.75720895872747, 6.898258153969217
8570474;Cerniaz VD, La Croisée;PostAuto AG;BUS;VD;Valbroye;5831;Cerniaz VD;ch:1:sboid:100602;;2558679;1175274;686;46.72737855165285, 6.898086726693181
8510141;Henniez, usine eau minérale;Service d'automobiles TPF;BUS;VD;Valbroye;5831;Seigneux;ch:1:sboid:100633;;2556533.847;1175637.632;488.9;46.730512773803056, 6.869990844655446
8570405;Combremont-le-Grand, Le Garage;PostAuto AG;BUS;VD;Valbroye;5831;Combremont-le-Grand;ch:1:sboid:100602;;2552836;1179442;679;46.76448174189757, 6.821223202629253
8570485;Villars-Bramard, Farzin;PostAuto AG;BUS;VD;Valbroye;5831;Villars-Bramard;ch:1:sboid:100602;;2560085;1174681;786;46.72213023096597, 6.916530817378557
8504292;Valeyres-sous-Montagny;Transports Vallée de Joux-Yverdon-Ste-Croix;TRAIN;VD;Valeyres-sous-Montagny;5933;Valeyres-sous-Montagny;ch:1:sboid:100074;;2536841.496;1183185.029;450.3;46.79682308618987, 6.611339018423848
8583824;Valeyres-s.-Montagny, village;PostAuto AG;BUS;VD;Valeyres-sous-Montagny;5933;Valeyres-sous-Montagny;ch:1:sboid:100602;;2536673;1183449;474;46.79918144026643, 6.609095474653354
8583825;Valeyres-s.-M., centre sportif;PostAuto AG;BUS;VD;Valeyres-sous-Montagny;5933;Valeyres-sous-Montagny;ch:1:sboid:100602;;2536839;1183293;455;46.79779403516694, 6.611291384620357
8570244;Valeyres-sous-Rances, rest.;PostAuto AG;BUS;VD;Valeyres-sous-Rances;5763;Valeyres-sous-Rances;ch:1:sboid:100602;;2530284;1178380;504;46.75294740467022, 6.526184770699751
8570245;Valeyres-sous-Rances, croisée;PostAuto AG;BUS;VD;Valeyres-sous-Rances;5763;Valeyres-sous-Rances;ch:1:sboid:100602;;2530629;1178100;501;46.75046491718947, 6.530742243796966
8507967;Valeyres-sous-Ursins, village;PostAuto AG;BUS;VD;Valeyres-sous-Ursins;5934;Valeyres-sous-Ursins;ch:1:sboid:100602;;2540165;1177541;550;46.74636278307778, 6.655608921728101
8579912;Vallorbe, place de la Liberté;Transports Vallée de Joux-Yverdon-Ste-Croix;BUS;VD;Vallorbe;5764;Vallorbe;ch:1:sboid:100694;;2518692.977;1173970.957;763;46.71197421156733, 6.375280695640115
8510428;Vallorbe, La Promenade;Transports Vallée de Joux-Yverdon-Ste-Croix;BUS;VD;Vallorbe;5764;Vallorbe;ch:1:sboid:100694;;2518168.164;1173821.97;765;46.71056983991212, 6.368444516270757
8510327;Vallorbe, Les Revinnoz;Transports Vallée de Joux-Yverdon-Ste-Croix;BUS;VD;Vallorbe;5764;Vallorbe;ch:1:sboid:100694;;2518597.724;1173533.284;760;46.708025863132534, 6.374112885787262
8579293;Vallorbe, gare;Transports Vallée de Joux-Yverdon-Ste-Croix;BUS;VD;Vallorbe;5764;Vallorbe;ch:1:sboid:100694;;2518325.68;1173987.596;802;46.71207892203278, 6.370474708781087
8579090;Vallorbe, Trésit;Transports Vallée de Joux-Yverdon-Ste-Croix;BUS;VD;Vallorbe;5764;Vallorbe;ch:1:sboid:100694;;2519681;1174470.001;755;46.716582854165914, 6.388113259959897
8579091;Vallorbe, Les Jurats;Transports Vallée de Joux-Yverdon-Ste-Croix;BUS;VD;Vallorbe;5764;Vallorbe;ch:1:sboid:100694;;2520009;1175101.001;784;46.722297973226574, 6.392292553789143
8579088;Vallorbe, poste;Transports Vallée de Joux-Yverdon-Ste-Croix;BUS;VD;Vallorbe;5764;Vallorbe;ch:1:sboid:100694;;2519014;1173904.001;750;46.71141108739281, 6.37949045409303
8501104;Le Day;Schweizerische Bundesbahnen SBB;TRAIN;VD;Vallorbe;5764;Vallorbe;ch:1:sboid:100001;;2520520.216;1174842.217;787.13;46.72003152823104, 6.399023786518672
8579089;Le Day, gare;Transports Vallée de Joux-Yverdon-Ste-Croix;BUS;VD;Vallorbe;5764;Vallorbe;ch:1:sboid:100694;;2520523.647;1174742.055;791;46.71913101166115, 6.399086050586049
8579092;Vallorbe, Les Pontets;Transports Vallée de Joux-Yverdon-Ste-Croix;BUS;VD;Vallorbe;5764;Vallorbe;ch:1:sboid:100694;;2520035;1175534.001;802;46.7261957837807, 6.392556980311329
8510205;Vallorbe, Mont d'Orzeires;PostAuto AG;BUS;VD;Vallorbe;5764;Vallorbe;ch:1:sboid:100602;;2516008;1171794;1028;46.69206010252881, 6.340569398518197
8510427;Vallorbe, Toscane;Transports Vallée de Joux-Yverdon-Ste-Croix;BUS;VD;Vallorbe;5764;Vallorbe;ch:1:sboid:100694;;2517714.787;1173624.105;764;46.7087342464356, 6.362551567993048
8510423;Vallorbe, rue de Lausanne;Transports Vallée de Joux-Yverdon-Ste-Croix;BUS;VD;Vallorbe;5764;Vallorbe;ch:1:sboid:100694;;2519370.583;1173888.524;758;46.711315146986394, 6.38415605062651
8510426;Vallorbe, Les Baraquettes;Transports Vallée de Joux-Yverdon-Ste-Croix;BUS;VD;Vallorbe;5764;Vallorbe;ch:1:sboid:100694;;2517328.611;1173419.175;756;46.7068431502714, 6.357538968713305
8510326;Vallorbe, grottes;Transports Vallée de Joux-Yverdon-Ste-Croix;BUS;VD;Vallorbe;5764;Vallorbe;ch:1:sboid:100694;;2516718.069;1172990.677;760;46.70291290795343, 6.349633794257948
8509239;Le Day Ouest;Schweizerische Bundesbahnen SBB;;VD;Vallorbe;5764;Vallorbe;ch:1:sboid:100001;;2520628.498;1174545.239;787.226;46.71737322194979, 6.400491455249134
8510425;Vallorbe, La Raz;Transports Vallée de Joux-Yverdon-Ste-Croix;BUS;VD;Vallorbe;5764;Vallorbe;ch:1:sboid:100694;;2517553.774;1173056.511;769;46.70360903756988, 6.3605483249475085
8510424;Vallorbe, Le Day;Transports Vallée de Joux-Yverdon-Ste-Croix;BUS;VD;Vallorbe;5764;Vallorbe;ch:1:sboid:100694;;2520285.993;1174380.944;785;46.71585452219938, 6.396040761852465
8579910;Vallorbe, Eterpaz;Transports Vallée de Joux-Yverdon-Ste-Croix;BUS;VD;Vallorbe;5764;Vallorbe;ch:1:sboid:100694;;2519217.039;1174117.256;762;46.71335390956558, 6.382107891723201
8579911;Vallorbe, collège;Transports Vallée de Joux-Yverdon-Ste-Croix;BUS;VD;Vallorbe;5764;Vallorbe;ch:1:sboid:100694;;2518992.867;1174151.099;774;46.71363107673059, 6.379170400792807
8515320;Le Day Sud (bif);Schweizerische Bundesbahnen SBB;;VD;Vallorbe;5764;Vallorbe;ch:1:sboid:100001;;2520597.351;1174670.666;787.185;46.718497685114514, 6.400062366539687
8579909;Vallorbe, Le Creux;Transports Vallée de Joux-Yverdon-Ste-Croix;BUS;VD;Vallorbe;5764;Vallorbe;ch:1:sboid:100694;;2519740;1175985.001;808;46.73021686861899, 6.388619255906863
8501103;Vallorbe;Schweizerische Bundesbahnen SBB;TRAIN;VD;Vallorbe;5764;Vallorbe;ch:1:sboid:100001;;2518333.128;1174023.894;806.91;46.7124063243017, 6.370565635407371
8501102;Vallorbe-Frontière;Schweizerische Bundesbahnen SBB;;VD;Vallorbe;5764;Vallorbe;ch:1:sboid:100001;(Zug) Güterverkehr und Landesgrenze;2516591.446;1174179.911;828.41;46.71359374876837, 6.3477617415368535
8570231;Vaulion, Sur la Creusaz;PostAuto AG;BUS;VD;Vaulion;5765;Vaulion;ch:1:sboid:100602;;2519931;1171585;928;46.69066331572478, 6.391886916660669
8570232;Vaulion, poste;PostAuto AG;BUS;VD;Vaulion;5765;Vaulion;ch:1:sboid:100602;;2519562;1171008;940;46.6854289273092, 6.387164765654354
8580862;Vaulion, centre;PostAuto AG;BUS;VD;Vaulion;5765;Vaulion;ch:1:sboid:100602;;2519736;1171339;932;46.68842715545931, 6.389381040729235
8510520;Vaulion, Les Rippes;PostAuto AG;BUS;VD;Vaulion;5765;Vaulion;ch:1:sboid:100602;;2518786;1170091;1065;46.677086663851796, 6.377184670423516
8570230;Vaulion, Le Moulin;PostAuto AG;BUS;VD;Vaulion;5765;Vaulion;ch:1:sboid:100602;;2520555;1171829;917;46.69293273576465, 6.400001280537765
8570229;Vaulion, Nidau;PostAuto AG;BUS;VD;Vaulion;5765;Vaulion;ch:1:sboid:100602;;2522214;1172253;883;46.69694230600332, 6.421616029875416
8584678;Vaulion, collège;PostAuto AG;BUS;VD;Vaulion;5765;Vaulion;ch:1:sboid:100602;;2519512;1171123;955;46.6864572769835, 6.386491062414589
8592285;Vaux-sur-Morges, Petit-Vaux;Automobiles MBC;BUS;VD;Vaux-sur-Morges;5650;Vaux-sur-Morges;ch:1:sboid:100566;;2525661;1154061;504;46.53370155925973, 6.4696218867917255
8570074;Vaux-sur-Morges, village;Automobiles MBC;BUS;VD;Vaux-sur-Morges;5650;Vaux-sur-Morges;ch:1:sboid:100566;;2525187;1154271;505;46.53553757014291, 6.463409793852288
8570075;Vaux-sur-Morges, Bugnon;Automobiles MBC;BUS;VD;Vaux-sur-Morges;5650;Vaux-sur-Morges;ch:1:sboid:100566;;2524450;1154757;500;46.53982613374001, 6.45372392845252
8579174;Vevey, gare;Transports publics Vevey-Montreux-Chillon-Villeneuve;BUS;VD;Vevey;5890;Vevey;ch:1:sboid:100675;;2554171.65;1145892.462;383;46.46278783243048, 6.842054300938568
8511667;Vevey, P+R/gare;Montreux-Vevey-Riviera (cev);BUS;VD;Vevey;5890;Vevey;ch:1:sboid:100023;;2554288;1145996;385.9;46.46372715726239, 6.843558622051471
8501260;Gilamont;Montreux-Vevey-Riviera (cev);;VD;Vevey;5890;Vevey;ch:1:sboid:100023;;2554991.218;1146845.896;429.7;46.471420001429365, 6.852629994972024
8579149;Vevey, Marché;Transports publics Vevey-Montreux-Chillon-Villeneuve;BUS;VD;Vevey;5890;Vevey;ch:1:sboid:100675;;2554152.201;1145598.658;376;46.460143628033485, 6.841830285873013
8593984;Vevey, Charmontey;Transports publics Vevey-Montreux-Chillon-Villeneuve;BUS;VD;Vevey;5890;Vevey;ch:1:sboid:100675;;2554593.777;1146286.374;427;46.46636001679492, 6.847510552946027
8593989;Vevey, Copet;Transports publics Vevey-Montreux-Chillon-Villeneuve;BUS;VD;Vevey;5890;Vevey;ch:1:sboid:100675;;2554483.019;1146571.803;399;46.468920019519864, 6.846040550840969
8593993;Vevey, Hôtel de Ville;Transports publics Vevey-Montreux-Chillon-Villeneuve;BUS;VD;Vevey;5890;Vevey;ch:1:sboid:100675;;2554525;1145490;376;46.45919167073059, 6.846693601070994
8594641;Vevey, Nord;Transports publics Vevey-Montreux-Chillon-Villeneuve;BUS;VD;Vevey;5890;Vevey;ch:1:sboid:100675;;2554077.309;1146251.388;385;46.46601002125532, 6.840790544974821
8595120;Vevey, Palud;Transports publics Vevey-Montreux-Chillon-Villeneuve;BUS;VD;Vevey;5890;Vevey;ch:1:sboid:100675;;2554992;1146173;430;46.465367110221365, 6.852705756051915
8595962;Vevey, Moulins;Transports publics Vevey-Montreux-Chillon-Villeneuve;BUS;VD;Vevey;5890;Vevey;ch:1:sboid:100675;;2554428;1146291;386;46.46639034716871, 6.845351976483973
8519324;Vevey [voie 6-7];Montreux-Vevey-Riviera (cev);;VD;Vevey;5890;Vevey;ch:1:sboid:100023;(Zug);2554343;1145905;386;46.46291233871676, 6.844283583585861
8501248;Vevey-Marché (lac);CGN SA;BOAT;VD;Vevey;5890;Vevey;ch:1:sboid:100143;;2554052.426;1145462.049;374;46.45890792785499, 6.84054513127383
8502476;Vevey Vignerons;Montreux-Vevey-Riviera (cev);TRAIN;VD;Vevey;5890;Vevey;ch:1:sboid:100023;arrêt en construction 2018;2555004;1146586;446;46.4690830033101, 6.852821733645918
8502469;Bosquets;Montreux-Vevey-Riviera (cev);;VD;Vevey;5890;Vevey;ch:1:sboid:100023;(Zug);2554522;1146362;395;46.46703541993558, 6.846568697861962
8502635;Vevey, Ateliers;Transports publics Vevey-Montreux-Chillon-Villeneuve;BUS;VD;Vevey;5890;Vevey;ch:1:sboid:100675;;2554241;1146177;387;46.465352100870305, 6.842928864565799
8593985;Vevey, Clara-Haskil;Transports publics Vevey-Montreux-Chillon-Villeneuve;BUS;VD;Vevey;5890;Vevey;ch:1:sboid:100675;;2554809.515;1145371.007;374;46.458140577404016, 6.850408633140052
8594000;Vevey, Quatre-Vents;Transports publics Vevey-Montreux-Chillon-Villeneuve;BUS;VD;Vevey;5890;Vevey;ch:1:sboid:100675;;2555216.293;1145812.575;420;46.4621400206205, 6.855660545050406
8593992;Vevey, funiculaire;Transports publics Vevey-Montreux-Chillon-Villeneuve;BUS;VD;Vevey;5890;Vevey;ch:1:sboid:100675;;2553743;1146546;391;46.46863710749454, 6.836408964680204
8594640;Vevey, Gutenberg;Transports publics Vevey-Montreux-Chillon-Villeneuve;BUS;VD;Vevey;5890;Vevey;ch:1:sboid:100675;;2553950;1146356;385;46.46694228434909, 6.839122790900015
8595961;Vevey, Ancienne-Corderie;Transports publics Vevey-Montreux-Chillon-Villeneuve;BUS;VD;Vevey;5890;Vevey;ch:1:sboid:100675;;2554702;1146614;403;46.46931447372685, 6.848887288400394
8510085;Vevey, funiculaire/av. Reller;Transports publics Vevey-Montreux-Chillon-Villeneuve;BUS;VD;Vevey;5890;Vevey;ch:1:sboid:100675;;2553789.398;1146438.798;386;46.467675994829044, 6.837023735406771
8504015;Vevey-Funi;Schweizerische Bundesbahnen SBB;TRAIN;VD;Vevey;5890;Vevey;ch:1:sboid:100001;;2553668.52;1146506.508;387.784;46.46827670459154, 6.835443290340249
8593987;Vevey, Cour-au-Chantre;Transports publics Vevey-Montreux-Chillon-Villeneuve;BUS;VD;Vevey;5890;Vevey;ch:1:sboid:100675;;2554433.453;1145562.34;378;46.45983615983107, 6.845494848465302
8594004;Vevey, Ste-Claire;Transports publics Vevey-Montreux-Chillon-Villeneuve;BUS;VD;Vevey;5890;Vevey;ch:1:sboid:100675;;2554658;1145414;375;46.458517057501396, 6.848432253766469
8593988;Vevey, Crosets;Transports publics Vevey-Montreux-Chillon-Villeneuve;BUS;VD;Vevey;5890;Vevey;ch:1:sboid:100675;;2554668.271;1146775.324;402;46.47076335477691, 6.84843233943747
8593999;Vevey, Pra;Transports publics Vevey-Montreux-Chillon-Villeneuve;BUS;VD;Vevey;5890;Vevey;ch:1:sboid:100675;;2555023.327;1146829.056;438;46.47127067971052, 6.8530496799816785
8593997;Vevey, Point du Jour;Transports publics Vevey-Montreux-Chillon-Villeneuve;BUS;VD;Vevey;5890;Vevey;ch:1:sboid:100675;;2554720;1146043;420;46.46417934255132, 6.849177610626189
8595958;La Tour-de-Peilz, Oyonne;Transports publics Vevey-Montreux-Chillon-Villeneuve;BUS;VD;Vevey;5890;Vevey;ch:1:sboid:100675;;2555050.428;1145296.3;376.5;46.457484804280035, 6.853551685282966
8588746;Vevey, L'Union;Transports publics Vevey-Montreux-Chillon-Villeneuve;BUS;VD;Vevey;5890;Vevey;ch:1:sboid:100675;;2553966;1146109;383;46.464721534456075, 6.839355702361205
8512018;Vevey, Savoie;Transports publics Vevey-Montreux-Chillon-Villeneuve;BUS;VD;Vevey;5890;Vevey;ch:1:sboid:100675;;2553753.756;1146201.497;380.7;46.4655389240257, 6.836583493667087
8515369;Vevey Ouest (bif);Schweizerische Bundesbahnen SBB;;VD;Vevey;5890;Vevey;ch:1:sboid:100001;(Zug);2553886.685;1146283.421;385.8;46.466285042979074, 6.838305778427868
8594002;Vevey, Ronjat;Transports publics Vevey-Montreux-Chillon-Villeneuve;BUS;VD;Vevey;5890;Vevey;ch:1:sboid:100675;;2554270.546;1145738.996;380;46.46141411793437, 6.843356858054836
8593991;Vevey, Entre-Deux-Villes;Transports publics Vevey-Montreux-Chillon-Villeneuve;BUS;VD;Vevey;5890;Vevey;ch:1:sboid:100675;;2554999.893;1145265.01;375;46.45719993961636, 6.852896966416406
8593983;Vevey, Berges-du-Léman;Transports publics Vevey-Montreux-Chillon-Villeneuve;BUS;VD;Vevey;5890;Vevey;ch:1:sboid:100675;;2555098;1145935;427;46.46323334251511, 6.854108799564134
8593982;Vevey, Bergère;Transports publics Vevey-Montreux-Chillon-Villeneuve;BUS;VD;Vevey;5890;Vevey;ch:1:sboid:100675;;2553763;1146314;383;46.466551570229754, 6.8366925658892335
8594003;Vevey, Samaritain;Transports publics Vevey-Montreux-Chillon-Villeneuve;BUS;VD;Vevey;5890;Vevey;ch:1:sboid:100675;;2555166.181;1145629.752;401;46.46049210088281, 6.855025973709948
8595118;Vevey, Biéler;Transports publics Vevey-Montreux-Chillon-Villeneuve;BUS;VD;Vevey;5890;Vevey;ch:1:sboid:100675;;2555030;1146385;450;46.467276685115486, 6.8531797970307275
8501247;Vevey-La Tour (lac);CGN SA;BOAT;VD;Vevey;5890;Vevey;ch:1:sboid:100143;;2554787.424;1145278.299;374;46.45730514327494, 6.850130155403032
8501249;Vevey-Plan (lac);CGN SA;BOAT;VD;Vevey;5890;Vevey;ch:1:sboid:100143;Bedarfshalt;2553566.286;1146140.615;374;46.464978278433584, 6.834149126506761
8501200;Vevey;Schweizerische Bundesbahnen SBB;TRAIN;VD;Vevey;5890;Vevey;ch:1:sboid:100001;;2554278.705;1145915.435;386.09;46.46300181065662, 6.8434455982384
8501250;Vevey (funi);Montreux-Vevey-Riviera (vcp);CABLE_RAILWAY;VD;Vevey;5890;Vevey;ch:1:sboid:100126;SBA.61.050.1;2553712;1146546;389;46.468634961388375, 6.836005383532228
8502638;Vevey, Gustave-Coindet;Transports publics Vevey-Montreux-Chillon-Villeneuve;BUS;VD;Vevey;5890;Vevey;ch:1:sboid:100675;;2554038.874;1146036.555;384;46.464074884833494, 6.840311569245852
8512017;Vevey, Arabie;Transports publics Vevey-Montreux-Chillon-Villeneuve;BUS;VD;Vevey;5890;Vevey;ch:1:sboid:100675;;2553865.184;1145856.557;377.5;46.462443769215774, 6.83806851394806
8593990;Vevey, Dévin;Transports publics Vevey-Montreux-Chillon-Villeneuve;BUS;VD;Vevey;5890;Vevey;ch:1:sboid:100675;;2554830.315;1146790.409;408;46.470910020515745, 6.850540556686162
8593995;Vevey, Major-Davel;Transports publics Vevey-Montreux-Chillon-Villeneuve;BUS;VD;Vevey;5890;Vevey;ch:1:sboid:100675;;2554856.522;1145984.241;416;46.46366001826344, 6.850960555149589
8593994;Vevey, Gilamont;Transports publics Vevey-Montreux-Chillon-Villeneuve;BUS;VD;Vevey;5890;Vevey;ch:1:sboid:100675;;2554935.494;1146886.336;416;46.47178001880437, 6.8519005532965345
8593981;Vevey, Beau-Séjour;Transports publics Vevey-Montreux-Chillon-Villeneuve;BUS;VD;Vevey;5890;Vevey;ch:1:sboid:100675;;2554774;1145602;383;46.460216043604355, 6.849923743532676
8595119;Vevey, Mémise;Transports publics Vevey-Montreux-Chillon-Villeneuve;BUS;VD;Vevey;5890;Vevey;ch:1:sboid:100675;;2554841;1146473;445;46.46805553398245, 6.850710707304528
8594006;Veytaux, château de Chillon;Transports publics Vevey-Montreux-Chillon-Villeneuve;BUS;VD;Veytaux;5891;Veytaux;ch:1:sboid:100675;;2560796.113;1140436.423;383;46.41412980152812, 6.928750709070779
8594008;Veytaux, Grandchamp;Transports publics Vevey-Montreux-Chillon-Villeneuve;BUS;VD;Veytaux;5891;Veytaux;ch:1:sboid:100675;;2560991;1139960;383;46.409855566148444, 6.931325529381625
8501302;Veytaux-Chillon;Schweizerische Bundesbahnen SBB;TRAIN;VD;Veytaux;5891;Veytaux;ch:1:sboid:100001;;2560730.224;1140824.982;379.795;46.41762119586779, 6.927860782293662
8594005;Veytaux, Bonivard;Transports publics Vevey-Montreux-Chillon-Villeneuve;BUS;VD;Veytaux;5891;Veytaux;ch:1:sboid:100675;;2560563;1141245;401;46.4213895995956, 6.925649954590685
8501234;Château-de-Chillon (lac);CGN SA;BOAT;VD;Veytaux;5891;Veytaux;ch:1:sboid:100143;;2560835.232;1140291.581;374;46.41282918185035, 6.929271731960228
8501369;Rochers-de-Naye;Montreux-Vevey-Riviera (mtgn);RACK_RAILWAY;VD;Veytaux;5891;Veytaux;ch:1:sboid:100104;;2564672.571;1142363.415;1967.9;46.431679994167624, 6.979019996935932
8594007;Veytaux, gare;Transports publics Vevey-Montreux-Chillon-Villeneuve;BUS;VD;Veytaux;5891;Veytaux;ch:1:sboid:100675;;2560738.155;1140982.657;395;46.419040016362636, 6.927950554204882
8501857;Vich, poste;PostAuto AG;BUS;VD;Vich;5732;Vich;ch:1:sboid:100602;;2508635;1142620;453;46.428683111504725, 6.249979417101777
8570033;Vich, La Bichette;PostAuto AG;BUS;VD;Vich;5732;Vich;ch:1:sboid:100602;;2508912;1142398;445;46.42672405940064, 6.253626334497807
8507969;Villars-Epeney, Fontaine;PostAuto AG;BUS;VD;Villars-Epeney;5935;Villars-Epeney;ch:1:sboid:100602;;2543336;1181354;547;46.78093844629755, 6.696630646644809
8570364;Villars-le-Comte, poste;PostAuto AG;BUS;VD;Villars-le-Comte;5690;Villars-le-Comte;ch:1:sboid:100602;;2551111;1173473;767;46.71066510423749, 6.79928075892904
8570363;Villars-le-Comte, Le Chalet;PostAuto AG;BUS;VD;Villars-le-Comte;5690;Villars-le-Comte;ch:1:sboid:100602;;2551490;1173637;727;46.712168047845985, 6.804219611068265
8583301;Villars-le-Terroir, av. d'Orbe;PostAuto AG;BUS;VD;Villars-le-Terroir;5537;Villars-le-Terroir;ch:1:sboid:100602;;2538763;1167692;646;46.65764335898475, 6.638579726982853
8507970;Villars-le-Terroir, poste;PostAuto AG;BUS;VD;Villars-le-Terroir;5537;Villars-le-Terroir;ch:1:sboid:100602;;2538808;1167464;644;46.65559662168114, 6.639198016813482
8583302;Villars-le-Terroir, Le Buron;PostAuto AG;BUS;VD;Villars-le-Terroir;5537;Villars-le-Terroir;ch:1:sboid:100602;;2537783;1169674;627;46.67538071795863, 6.625508136249703
8570300;Villars-le-Terroir, pl. Eglise;PostAuto AG;BUS;VD;Villars-le-Terroir;5537;Villars-le-Terroir;ch:1:sboid:100602;;2538817;1167627;647;46.657063641233044, 6.639293852870606
8570299;Villars-le-Terroir, B.-Croix;PostAuto AG;BUS;VD;Villars-le-Terroir;5537;Villars-le-Terroir;ch:1:sboid:100602;;2539154;1167855;657;46.65914537123625, 6.643666149821251
8583748;Villars-Ste-Croix, En Coulaye;Transports Publics de la Région Lausannoise sa;BUS;VD;Villars-Sainte-Croix;5651;Villars-Ste-Croix;ch:1:sboid:100122;;2532574.577;1157569.648;500;46.56599556674099, 6.559219733410789
8588847;Villars-Ste-Croix, village;Transports Publics de la Région Lausannoise sa;BUS;VD;Villars-Sainte-Croix;5651;Villars-Ste-Croix;ch:1:sboid:100122;;2532765.125;1157793.403;509;46.56802746059839, 6.5616721341733895
8588848;Villars-Ste-Croix, Le Sansy;Transports Publics de la Région Lausannoise sa;BUS;VD;Villars-Sainte-Croix;5651;Villars-Ste-Croix;ch:1:sboid:100122;;2533042;1157804;506;46.56815061493981, 6.565281665205171
8595978;Villars-Ste-Croix, Colice;Transports Publics de la Région Lausannoise sa;BUS;VD;Villars-Sainte-Croix;5651;Villars-Ste-Croix;ch:1:sboid:100122;;2533113;1157179;483;46.56253584542762, 6.5662984652092335
8570086;Villars-sous-Yens, village;Automobiles MBC;BUS;VD;Villars-sous-Yens;5652;Villars-sous-Yens;ch:1:sboid:100566;;2522486;1151474;482;46.51007100688059, 6.4286746385018745
8570087;Villars-sous-Yens, Le Moulin;Automobiles MBC;BUS;VD;Villars-sous-Yens;5652;Villars-sous-Yens;ch:1:sboid:100566;;2521900;1151504;472;46.5102726290294, 6.421035151047389
8570475;Villarzel, Planche-Perte;PostAuto AG;BUS;VD;Villarzel;5830;Villarzel;ch:1:sboid:100602;;2559318;1177126;617;46.74407712799123, 6.9062808913653875
8504998;Rossens VD, village;PostAuto AG;BUS;VD;Villarzel;5830;Rossens VD;ch:1:sboid:100602;;2560525;1176159;720;46.73545148259126, 6.922158455420766
8570476;Villarzel, Le Cachet;PostAuto AG;BUS;VD;Villarzel;5830;Villarzel;ch:1:sboid:100602;;2560258;1177143;658;46.744286899467234, 6.918579667807715
8583423;Villarzel, Les Râpes;PostAuto AG;BUS;VD;Villarzel;5830;Rossens VD;ch:1:sboid:100602;;2560368;1176458;692;46.73813172319635, 6.92007845878046
8504754;Villarzel, village;PostAuto AG;BUS;VD;Villarzel;5830;Villarzel;ch:1:sboid:100602;;2559768;1177617;621;46.74852116965899, 6.912126083710548
8504981;Sédeilles, village;PostAuto AG;BUS;VD;Villarzel;5830;Sédeilles;ch:1:sboid:100602;;2561329;1177651;687;46.748919644584085, 6.9325511886291515
8570477;Rossens VD, La Rapette;PostAuto AG;BUS;VD;Villarzel;5830;Rossens VD;ch:1:sboid:100602;;2560729;1176585;717;46.73929553923406, 6.924790850866974
8501314;Villeneuve VD (lac);CGN SA;BOAT;VD;Villeneuve (VD);5414;Villeneuve VD;ch:1:sboid:100143;;2560474;1138714;373;46.39861690901683, 6.924708494789573
8595180;Villeneuve VD, rte du Grammont;Transports publics Vevey-Montreux-Chillon-Villeneuve;BUS;VD;Villeneuve (VD);5414;Villeneuve VD;ch:1:sboid:100675;;2561090.332;1137868.621;375;46.39104848469872, 6.932793127881756
8593778;Villeneuve VD, La Plage;Transports publics Vevey-Montreux-Chillon-Villeneuve;BUS;VD;Villeneuve (VD);5414;Villeneuve VD;ch:1:sboid:100675;;2560618.68;1139055.793;383;46.401700016736314, 6.926560550825475
8595185;Villeneuve VD, industrie;Transports publics Vevey-Montreux-Chillon-Villeneuve;BUS;VD;Villeneuve (VD);5414;Villeneuve VD;ch:1:sboid:100675;;2560788.437;1137607.284;374;46.38868001814456, 6.928890553371616
8509997;Villeneuve VD, Poterlaz;Transports publics Vevey-Montreux-Chillon-Villeneuve;BUS;VD;Villeneuve (VD);5414;Villeneuve VD;ch:1:sboid:100675;;2560594.96;1138407.7;374;46.39586873966727, 6.926307291601434
8595179;Villeneuve VD, Carroz-Derrière;Transports publics Vevey-Montreux-Chillon-Villeneuve;BUS;VD;Villeneuve (VD);5414;Villeneuve VD;ch:1:sboid:100675;;2561255.384;1138206.788;376;46.39410001923622, 6.934910545217989
8570581;Villeneuve VD, gare;PostAuto AG;BUS;VD;Villeneuve (VD);5414;Villeneuve VD;ch:1:sboid:100602;;2560633;1138692;375;46.398428383647, 6.926777691310587
8579185;Villeneuve VD, Eau-Froide;PostAuto AG;BUS;VD;Villeneuve (VD);5414;Villeneuve VD;ch:1:sboid:100602;;2560249;1138273;373;46.394636594441145, 6.92182090279012
8593777;Villeneuve VD, Clos du Moulin;Transports publics Vevey-Montreux-Chillon-Villeneuve;BUS;VD;Villeneuve (VD);5414;Villeneuve VD;ch:1:sboid:100675;;2560904.081;1139513.061;381;46.40583007660626, 6.930232929393144
8595181;Villeneuve VD, sous le viaduc;Transports publics Vevey-Montreux-Chillon-Villeneuve;BUS;VD;Villeneuve (VD);5414;Villeneuve VD;ch:1:sboid:100675;;2561016;1137589;374;46.388528841198664, 6.93185033686815
8595187;Villeneuve VD, Pré du Bruit;Transports publics Vevey-Montreux-Chillon-Villeneuve;BUS;VD;Villeneuve (VD);5414;Villeneuve VD;ch:1:sboid:100675;;2560931.117;1138256.686;374;46.39453001839563, 6.930690549188511
8595178;Villeneuve VD, route d'Arvel;Transports publics Vevey-Montreux-Chillon-Villeneuve;BUS;VD;Villeneuve (VD);5414;Villeneuve VD;ch:1:sboid:100675;;2560936.915;1138438.963;375;46.39617001820205, 6.930750548876288
8595177;Villeneuve VD, Pré au Comte;Transports publics Vevey-Montreux-Chillon-Villeneuve;BUS;VD;Villeneuve (VD);5414;Villeneuve VD;ch:1:sboid:100675;;2560841.762;1138472.932;374;46.39647002215219, 6.929510547221373
8501303;Villeneuve VD;Schweizerische Bundesbahnen SBB;TRAIN;VD;Villeneuve (VD);5414;Villeneuve VD;ch:1:sboid:100001;;2560650.295;1138685.564;374.754;46.3983715064178, 6.927003108049976
8595182;Villeneuve VD, Pré Neuf;Transports publics Vevey-Montreux-Chillon-Villeneuve;BUS;VD;Villeneuve (VD);5414;Villeneuve VD;ch:1:sboid:100675;;2561168;1137502;373;46.38775507567449, 6.933833577492507
8595186;Villeneuve VD, Pré Jaquet;Transports publics Vevey-Montreux-Chillon-Villeneuve;BUS;VD;Villeneuve (VD);5414;Villeneuve VD;ch:1:sboid:100675;;2560846.303;1137870.374;374;46.39105001576752, 6.929620545766588
8595184;Villeneuve VD, rte des Paquays;Transports publics Vevey-Montreux-Chillon-Villeneuve;BUS;VD;Villeneuve (VD);5414;Villeneuve VD;ch:1:sboid:100675;;2560780.274;1137263.09;374;46.385583362060274, 6.928813591142034
8595183;Villeneuve VD, centres comm.;Transports publics Vevey-Montreux-Chillon-Villeneuve;BUS;VD;Villeneuve (VD);5414;Villeneuve VD;ch:1:sboid:100675;;2561245;1137327;376;46.386185337376766, 6.934849181099142
8500732;Vinzel, village;PostAuto AG;BUS;VD;Vinzel;5863;Vinzel;ch:1:sboid:100602;;2510938;1144685;450;46.447567417822135, 6.279539647539844
8507971;Vuarrens, poste;PostAuto AG;BUS;VD;Vuarrens;5539;Vuarrens;ch:1:sboid:100602;;2539460;1170841;677;46.68603245243963, 6.647269623982037
8573549;Vuarrengel, Orée du Bois;PostAuto AG;BUS;VD;Vuarrens;5539;Vuarrens;ch:1:sboid:100602;;2539270;1172329;651;46.699399752608116, 6.644588929097536
8570298;Vuarrens, gar. du Gros-de-Vaud;PostAuto AG;BUS;VD;Vuarrens;5539;Vuarrens;ch:1:sboid:100602;;2539354;1169770;673;46.67638912312654, 6.646025801017007
8501980;Vuarrengel, Laiterie;PostAuto AG;BUS;VD;Vuarrens;5539;Vuarrens;ch:1:sboid:100602;;2539411;1171590;667;46.692765274750734, 6.646530118266519
8570293;Vuarrengel, En Chollet;PostAuto AG;BUS;VD;Vuarrens;5539;Vuarrens;ch:1:sboid:100602;;2539412;1171281;670;46.68998590163487, 6.646584048205956
8504163;Vucherens, village;PostAuto AG;BUS;VD;Vucherens;5692;Vucherens;ch:1:sboid:100602;;2549741;1163931;675;46.62473093241146, 6.782411071305987
8591934;Vucherens, Closy;PostAuto AG;BUS;VD;Vucherens;5692;Vucherens;ch:1:sboid:100602;;2549792;1164320;666;46.628233918195654, 6.78303441058337
8511099;Vucherens, Bruvière;PostAuto AG;BUS;VD;Vucherens;5692;Vucherens;ch:1:sboid:100602;;2549237;1164200;735;46.62711245440035, 6.775800967188912
8588153;La Râpe VD;PostAuto AG;BUS;VD;Vucherens;5692;Vucherens;ch:1:sboid:100602;;2548643;1164094;685;46.62611346004739, 6.76805705189195
8557078;Vucherens, église;PostAuto AG;BUS;VD;Vucherens;5692;Vucherens;ch:1:sboid:100602;;2549073;1163680;735;46.62242243165608, 6.773717306503319
8593779;Vufflens-la-Ville,grande salle;Transports Publics de la Région Lausannoise sa;BUS;VD;Vufflens-la-Ville;5503;Vufflens-la-Ville;ch:1:sboid:100122;;2531275.467;1159311.651;480;46.58153237027981, 6.542016995662973
8593782;Vufflens-la-Ville, gare;Transports Publics de la Région Lausannoise sa;BUS;VD;Vufflens-la-Ville;5503;Vufflens-la-Ville;ch:1:sboid:100122;;2530452;1158837;409;46.57717759642328, 6.531346238984005
8515507;Vufflens-la-Ville coté COS (B);Schweizerische Bundesbahnen SBB;;VD;Vufflens-la-Ville;5503;Vufflens-la-Ville;ch:1:sboid:100001;(Zug);2530407.209;1158732.841;406;46.57623602061641, 6.530777717322757
8515506;Vufflens-la-Ville coté BY (B);Schweizerische Bundesbahnen SBB;;VD;Vufflens-la-Ville;5503;Vufflens-la-Ville;ch:1:sboid:100001;;2530263.274;1157859.245;401.9;46.56836302874429, 6.529032553255162
8593781;Vufflens-la-Ville, église;Transports Publics de la Région Lausannoise sa;BUS;VD;Vufflens-la-Ville;5503;Vufflens-la-Ville;ch:1:sboid:100122;;2531065.89;1158810.888;478;46.57700640807006, 6.539357982402905
8593780;Vufflens-la-Ville, Cuvillard;Transports Publics de la Région Lausannoise sa;BUS;VD;Vufflens-la-Ville;5503;Vufflens-la-Ville;ch:1:sboid:100122;;2530730.471;1159105.808;427;46.57962447321557, 6.534938271240327
8501116;Vufflens-la-Ville;Schweizerische Bundesbahnen SBB;TRAIN;VD;Vufflens-la-Ville;5503;Vufflens-la-Ville;ch:1:sboid:100001;;2530406.445;1158733.846;406.761;46.576244980897606, 6.5307675996123775
8594270;Mex VD, Faraz;Transports Publics de la Région Lausannoise sa;BUS;VD;Vufflens-la-Ville;5503;Mex VD;ch:1:sboid:100122;;2531907.2;1157602.4;473;46.566222426716045, 6.550511130066548
8501091;Vufflens-le-Château;Transports de la région Morges-Bière-Cossonay;TRAIN;VD;Vufflens-le-Château;5653;Vufflens-le-Château;ch:1:sboid:100012;;2525921.766;1153069.269;468.4;46.524809993690994, 6.473179994731305
8501080;Le Marais;Transports de la région Morges-Bière-Cossonay;TRAIN;VD;Vufflens-le-Château;5653;Vufflens-le-Château;ch:1:sboid:100012;;2525112.939;1153375.017;497.9;46.52746999620516, 6.462590000925124
8510997;Vufflens-le-Château, village;Transports de la région Morges-Bière-Cossonay;BUS;VD;Vufflens-le-Château;5653;Vufflens-le-Château;ch:1:sboid:100012;;2526011.141;1153111.476;474;46.52519955025536, 6.474337922088384
8510995;Vufflens-le-Château, Le Marais;Automobiles MBC;BUS;VD;Vufflens-le-Château;5653;Vufflens-le-Château;ch:1:sboid:100566;;2525144.255;1153411.49;499;46.52780157441983, 6.462992200019608
8570262;Vugelles, croisée;PostAuto AG;BUS;VD;Vugelles-La Mothe;5937;Vugelles-La Mothe;ch:1:sboid:100602;;2534336;1186209;521;46.82378037504178, 6.5780875787767865
8570260;La Mothe, haut-du-village;PostAuto AG;BUS;VD;Vugelles-La Mothe;5937;Vugelles-La Mothe;ch:1:sboid:100602;;2533361;1185640;548;46.81856525573703, 6.565394092071484
8570261;La Mothe, Fontannet;PostAuto AG;BUS;VD;Vugelles-La Mothe;5937;Vugelles-La Mothe;ch:1:sboid:100602;;2533600;1185722;535;46.81932675676556, 6.568513763918224
8582157;Peney, village;Transports Vallée de Joux-Yverdon-Ste-Croix;BUS;VD;Vuiteboeuf;5766;Vuiteboeuf;ch:1:sboid:100694;arrêt bus de remplacement 15.05.-01.06.17;2533052;1183851;565;46.80244249211331, 6.5616077857803665
8583764;Vuiteboeuf, gare;PostAuto AG;BUS;VD;Vuiteboeuf;5766;Vuiteboeuf;ch:1:sboid:100602;;2532461;1184024;589;46.803938799590846, 6.553840664908545
8507973;Vuiteboeuf, collège;PostAuto AG;BUS;VD;Vuiteboeuf;5766;Vuiteboeuf;ch:1:sboid:100602;;2532119;1184448;590;46.80771774958397, 6.549297609255819
8504294;Vuiteboeuf;Transports Vallée de Joux-Yverdon-Ste-Croix;TRAIN;VD;Vuiteboeuf;5766;Vuiteboeuf;ch:1:sboid:100074;;2532453.161;1184004.479;589.6;46.803762417294756, 6.553740873343511
8504164;Vulliens, Praz-Botsard;PostAuto AG;BUS;VD;Vulliens;5803;Vulliens;ch:1:sboid:100602;;2549527;1162846;689;46.61495494253521, 6.779736250730025
8557059;Vulliens, Le Corria;PostAuto AG;BUS;VD;Vulliens;5803;Vulliens;ch:1:sboid:100602;;2550382;1162925;711;46.615729748185714, 6.790888841341336
8557060;Vulliens, village;PostAuto AG;BUS;VD;Vulliens;5803;Vulliens;ch:1:sboid:100602;;2550481;1163644;704;46.62220468548096, 6.792103686495085
8501269;Vullierens, village;Automobiles MBC;BUS;VD;Vullierens;5654;Vullierens;ch:1:sboid:100566;;2526643.404;1158382.402;528.1;46.57268080406483, 6.481738212322137
8510538;Vullierens, Abbaye;Transports de la région Morges-Bière-Cossonay;BUS;VD;Vullierens;5654;Vullierens;ch:1:sboid:100012;;2526709.702;1158498.641;527;46.573733648965664, 6.482584456463373
8504892;Mur, village;Service d'automobiles TPF;BUS;VD;Vully-les-Lacs;5464;Mur (Vully) VD;ch:1:sboid:100633;;2571273.076;1199312.111;485.2;46.944270168682095, 7.061318635571722
8580758;Salavaux, école;PostAuto AG;BUS;VD;Vully-les-Lacs;5464;Salavaux;ch:1:sboid:100602;;2568720;1195997;430;46.914334769994326, 7.028014403209637
8511230;Vallamand-Dessus, cimetière;PostAuto AG;BUS;VD;Vully-les-Lacs;5464;Vallamand;ch:1:sboid:100602;;2569540.184;1198155.101;519;46.9337853168408, 7.038636047490185
8579745;Salavaux, Cotterd;PostAuto AG;BUS;VD;Vully-les-Lacs;5464;Cotterd;ch:1:sboid:100602;;2568222;1196666;484;46.92032878652988, 7.0214303455170155
8583725;Vallamand-Dessous, Garinettes;PostAuto AG;BUS;VD;Vully-les-Lacs;5464;Vallamand;ch:1:sboid:100602;;2570000;1197776;434;46.93039626173397, 7.044699302851206
8570519;Constantine, collège;PostAuto AG;BUS;VD;Vully-les-Lacs;5464;Constantine;ch:1:sboid:100602;;2567527;1196411;502;46.91800133341529, 7.012324348207044
8570517;Villars-le-Grand, village;PostAuto AG;BUS;VD;Vully-les-Lacs;5464;Villars-le-Grand;ch:1:sboid:100602;;2565857;1195072;473;46.90587295470253, 6.990501582613611
8570524;Bellerive VD, village;PostAuto AG;BUS;VD;Vully-les-Lacs;5464;Bellerive VD;ch:1:sboid:100602;;2568369;1197123;533;46.92444657792679, 7.023328368853798
8570522;Vallamand-Dessous, village;PostAuto AG;BUS;VD;Vully-les-Lacs;5464;Vallamand;ch:1:sboid:100602;;2569200;1197132;434;46.9245666995143, 7.034238314513399
8570523;Vallamand-Dessus, pl. village;PostAuto AG;BUS;VD;Vully-les-Lacs;5464;Vallamand;ch:1:sboid:100602;;2569579;1197938;516;46.931834258605036, 7.03916033439524
8570526;Chabrey, village;PostAuto AG;BUS;VD;Vully-les-Lacs;5464;Chabrey;ch:1:sboid:100602;;2565135;1197368;497;46.92648804445839, 6.9808491277921
8570525;Montmagny, croisée;PostAuto AG;BUS;VD;Vully-les-Lacs;5464;Montmagny;ch:1:sboid:100602;;2567433;1197352;565;46.92646109023262, 7.011022806699574
8504575;Vallamand;Lacs de Neuchâtel et Morat;BOAT;VD;Vully-les-Lacs;5464;Vallamand;ch:1:sboid:100148;;2569445.676;1197118.379;431;46.92445555436496, 7.037464824786931
8570511;Guévaux, croisée;Service d'automobiles TPF;BUS;VD;Vully-les-Lacs;5464;Mur (Vully) VD;ch:1:sboid:100633;;2570975.591;1198709.81;440.8;46.93883944537879, 7.057449937195895
8570521;Salavaux, poste;PostAuto AG;BUS;VD;Vully-les-Lacs;5464;Salavaux;ch:1:sboid:100602;;2568309;1196359;435;46.91757146103036, 7.022593953594299
8510998;Yens, route de l'Etraz;Transports de la région Morges-Bière-Cossonay;BUS;VD;Yens;5655;Yens;ch:1:sboid:100012;;2522512.66;1152460.828;516;46.5189504749791, 6.428856219263279
8501093;Yens;Transports de la région Morges-Bière-Cossonay;TRAIN;VD;Yens;5655;Yens;ch:1:sboid:100012;;2522396.231;1152574.564;523.5;46.51996000101708, 6.427319995694435
8511467;Yens, village;PostAuto AG;BUS;VD;Yens;5655;Yens;ch:1:sboid:100602;;2521769.543;1152447.833;564;46.5187470017999, 6.419175501667055
8511466;Yens, gare;PostAuto AG;BUS;VD;Yens;5655;Yens;ch:1:sboid:100602;;2522392.194;1152559.053;524;46.51982001035451, 6.427270006373437
8511680;Yens, Moulin au Loup;PostAuto AG;BUS;VD;Yens;5655;Yens;ch:1:sboid:100602;;2521637.669;1151707.015;500.5;46.51206801033553, 6.417583006291697
8504200;Yverdon-les-Bains;Schweizerische Bundesbahnen SBB;TRAIN;VD;Yverdon-les-Bains;5938;Yverdon-les-Bains;ch:1:sboid:100001;;2539084.258;1181463.254;434.37;46.78154518698354, 6.640944001506527
8580576;Gressy, Moulin;PostAuto AG;BUS;VD;Yverdon-les-Bains;5938;Gressy;ch:1:sboid:100602;;2539021;1178012;450;46.75049553303466, 6.640576249312098
8575840;Yverdon, Quai de la Thièle;PostAuto AG;BUS;VD;Yverdon-les-Bains;5938;Yverdon-les-Bains;ch:1:sboid:100602;;2538772;1181530;432;46.7821168777915, 6.636846320595425
8579294;Yverdon-les-Bains, Bel-Air;Transports Vallée de Joux-Yverdon-Ste-Croix;BUS;VD;Yverdon-les-Bains;5938;Yverdon-les-Bains;ch:1:sboid:100694;;2538779;1181358.001;434;46.78057040371228, 6.636961036697127
8579298;Treycovagnes, Châtelard;Transports Vallée de Joux-Yverdon-Ste-Croix;BUS;VD;Yverdon-les-Bains;5938;Yverdon-les-Bains;ch:1:sboid:100694;;2537266.885;1181100.902;436;46.7781168661185, 6.617197001873024
8512246;Yverdon Y-Parc;Schweizerische Bundesbahnen SBB;;VD;Yverdon-les-Bains;5938;Yverdon-les-Bains;ch:1:sboid:100001;;2539274.6;1179915.5;437.6;46.76764064014271, 6.643642105814505
8579295;Yverdon, Général-Guisan;Transports Vallée de Joux-Yverdon-Ste-Croix;BUS;VD;Yverdon-les-Bains;5938;Yverdon-les-Bains;ch:1:sboid:100694;;2538354.979;1180988.96;432.2;46.777211724551336, 6.631458786241229
8594049;Yverdon-les-Bains, Les Moulins;Transports Vallée de Joux-Yverdon-Ste-Croix;BUS;VD;Yverdon-les-Bains;5938;Yverdon-les-Bains;ch:1:sboid:100694;;2538234.936;1180434.218;434;46.77221072602892, 6.629962062009662
8594055;Yverdon-les-Bains, Plaisance;Transports Vallée de Joux-Yverdon-Ste-Croix;BUS;VD;Yverdon-les-Bains;5938;Yverdon-les-Bains;ch:1:sboid:100694;;2539732.084;1180155.599;438;46.76984193577055, 6.649599234181955
8594021;Yverdon, J.-J. Rousseau;Transports Vallée de Joux-Yverdon-Ste-Croix;BUS;VD;Yverdon-les-Bains;5938;Yverdon-les-Bains;ch:1:sboid:100694;;2539454;1180935.001;435;46.77682735808946, 6.645855467003974
8594041;Yverdon-les-Bains, La Colline;Transports Vallée de Joux-Yverdon-Ste-Croix;BUS;VD;Yverdon-les-Bains;5938;Yverdon-les-Bains;ch:1:sboid:100694;;2540423;1180487;506;46.772885142601986, 6.6586009883341
8594031;Yverdon, Théâtre Benno Besson;Transports Vallée de Joux-Yverdon-Ste-Croix;BUS;VD;Yverdon-les-Bains;5938;Yverdon-les-Bains;ch:1:sboid:100694;;2539171;1181196.001;434;46.779149205725055, 6.642115404247089
8507265;Yverdon-les-Bains, patinoire;Transports Vallée de Joux-Yverdon-Ste-Croix;BUS;VD;Yverdon-les-Bains;5938;Yverdon-les-Bains;ch:1:sboid:100694;;2539336.685;1181696.421;432;46.78366558672512, 6.644218325636739
8507267;Yverdon-les-Bains, Prés-du-Lac;Transports Vallée de Joux-Yverdon-Ste-Croix;BUS;VD;Yverdon-les-Bains;5938;Yverdon-les-Bains;ch:1:sboid:100694;;2538536.262;1182246.186;433;46.78853716254464, 6.633663121080318
8595068;Yverdon-les-Bains, rue d'Orbe;Transports Vallée de Joux-Yverdon-Ste-Croix;BUS;VD;Yverdon-les-Bains;5938;Yverdon-les-Bains;ch:1:sboid:100694;;2538442;1181229;434;46.77937893163643, 6.632565799642105
8507685;Gressy, place du village;PostAuto AG;BUS;VD;Yverdon-les-Bains;5938;Gressy;ch:1:sboid:100602;;2538605;1177797;509;46.74852335178723, 6.635161118592038
8519346;Yverdon-les-Bains TRAVYS;Transports Vallée de Joux-Yverdon-Ste-Croix;;VD;Yverdon-les-Bains;5938;Yverdon-les-Bains;ch:1:sboid:100074;(Zug);2539079;1181460.001;435;46.78151544466839, 6.640875586713028
8579760;Yverdon, Zone industrielle sud;PostAuto AG;BUS;VD;Yverdon-les-Bains;5938;Yverdon-les-Bains;ch:1:sboid:100602;;2539219;1178860;440;46.758141384645356, 6.643054640528296
8515370;Yverdon Est (bif);Schweizerische Bundesbahnen SBB;;VD;Yverdon-les-Bains;5938;Yverdon-les-Bains;ch:1:sboid:100001;(Zug);2539540.604;1181301.549;436.3;46.78013231750951, 6.646940848951539
8594051;Yverdon-les-Bains, L'Orient;Transports Vallée de Joux-Yverdon-Ste-Croix;BUS;VD;Yverdon-les-Bains;5938;Yverdon-les-Bains;ch:1:sboid:100694;;2540741.726;1181081.192;467;46.77825835943669, 6.662696671013764
8594056;Yverdon, Pont du Buron;Transports Vallée de Joux-Yverdon-Ste-Croix;BUS;VD;Yverdon-les-Bains;5938;Yverdon-les-Bains;ch:1:sboid:100694;;2539774;1181079;435;46.77815168522991, 6.650026226880444
8594018;Yverdon, Centre Thermal;Transports Vallée de Joux-Yverdon-Ste-Croix;BUS;VD;Yverdon-les-Bains;5938;Yverdon-les-Bains;ch:1:sboid:100694;;2539582.309;1180341.111;435;46.771497023619595, 6.647613957469475
8594042;Yverdon-les-Bains, La Marive;Transports Vallée de Joux-Yverdon-Ste-Croix;BUS;VD;Yverdon-les-Bains;5938;Yverdon-les-Bains;ch:1:sboid:100694;(Bus) ouverture plus tard;2538872;1181920;433;46.78563410162368, 6.638103537828441
8594025;Yverdon, Maison Blanche;Transports Vallée de Joux-Yverdon-Ste-Croix;BUS;VD;Yverdon-les-Bains;5938;Yverdon-les-Bains;ch:1:sboid:100694;;2540252.578;1179848.027;474;46.767122313062764, 6.656453379774315
8594046;Yverdon-les-Bains, cimetière;Transports Vallée de Joux-Yverdon-Ste-Croix;BUS;VD;Yverdon-les-Bains;5938;Yverdon-les-Bains;ch:1:sboid:100694;;2539274;1180402.001;434;46.77201663707358, 6.643569589999155
8594029;Yverdon, rue de Bullet;Transports Vallée de Joux-Yverdon-Ste-Croix;BUS;VD;Yverdon-les-Bains;5938;Yverdon-les-Bains;ch:1:sboid:100694;;2537941;1181425;434;46.7810953599037, 6.625979304883315
8594044;Yverdon-les-Bains, La Sallaz;Transports Vallée de Joux-Yverdon-Ste-Croix;BUS;VD;Yverdon-les-Bains;5938;Yverdon-les-Bains;ch:1:sboid:100694;;2539289;1180106;435;46.76935549309149, 6.643805300056267
8595161;Yverdon, Petits-Champs;Transports Vallée de Joux-Yverdon-Ste-Croix;BUS;VD;Yverdon-les-Bains;5938;Yverdon-les-Bains;ch:1:sboid:100694;;2539427.707;1179303.572;438;46.76215034010052, 6.645727495374877
8595065;Yverdon, Y-Parc/Pythagore;Transports Vallée de Joux-Yverdon-Ste-Croix;BUS;VD;Yverdon-les-Bains;5938;Yverdon-les-Bains;ch:1:sboid:100694;;2539189;1179639;436;46.765145713696505, 6.6425583373076655
8570290;Yverdon, Champs-Lovats;PostAuto AG;BUS;VD;Yverdon-les-Bains;5938;Yverdon-les-Bains;ch:1:sboid:100602;;2539843;1179764;439;46.76632956622426, 6.651102821326089
8570318;Yverdon-les-Bains, HEIG-VD;Transports Vallée de Joux-Yverdon-Ste-Croix;BUS;VD;Yverdon-les-Bains;5938;Yverdon-les-Bains;ch:1:sboid:100694;;2540449;1181113.001;444;46.77851832585975, 6.658859768426617
8507652;Gressy, Le Bas-des-Monts;PostAuto AG;BUS;VD;Yverdon-les-Bains;5938;Gressy;ch:1:sboid:100602;;2538906;1178377;448;46.75376814239102, 6.639022522664199
8507659;Yverdon-les-Bains, Condémines;PostAuto AG;BUS;VD;Yverdon-les-Bains;5938;Yverdon-les-Bains;ch:1:sboid:100602;;2539981;1180090;446;46.76927439333031, 6.652866476328814
8570240;Yverdon, rue de Montagny;PostAuto AG;BUS;VD;Yverdon-les-Bains;5938;Yverdon-les-Bains;ch:1:sboid:100602;;2538035;1181171;434;46.77881941828392, 6.6272445972485325
8504144;Yverdon-Champ Pittet;Schweizerische Bundesbahnen SBB;;VD;Yverdon-les-Bains;5938;Yverdon-les-Bains;ch:1:sboid:100001;;2540717.258;1181514.036;433.546;46.7821495936614, 6.662320118216995
8594016;Yverdon, Collège de Fontenay;Transports Vallée de Joux-Yverdon-Ste-Croix;BUS;VD;Yverdon-les-Bains;5938;Yverdon-les-Bains;ch:1:sboid:100694;;2538240.831;1181603.007;434;46.78272443607037, 6.629881213690914
8594023;Yverdon, Léon-Jaquier sud;Transports Vallée de Joux-Yverdon-Ste-Croix;BUS;VD;Yverdon-les-Bains;5938;Yverdon-les-Bains;ch:1:sboid:100694;;2538703;1182179.001;432;46.787948233651846, 6.635855700683639
8594022;Yverdon, Léon-Jaquier nord;Transports Vallée de Joux-Yverdon-Ste-Croix;BUS;VD;Yverdon-les-Bains;5938;Yverdon-les-Bains;ch:1:sboid:100694;;2538584.363;1182387.92;432;46.789816493233666, 6.6342739754042785
8594020;Yverdon, Grands Champs;Transports Vallée de Joux-Yverdon-Ste-Croix;BUS;VD;Yverdon-les-Bains;5938;Yverdon-les-Bains;ch:1:sboid:100694;;2540926.598;1180835.197;500;46.77606209506558, 6.665149071839952
8594027;Yverdon, Y-Parc/Galilée;Transports Vallée de Joux-Yverdon-Ste-Croix;BUS;VD;Yverdon-les-Bains;5938;Yverdon-les-Bains;ch:1:sboid:100694;;2539394;1179780;436;46.766432716562754, 6.6452231096509555
8594026;Yverdon, Moulins Dessus;Transports Vallée de Joux-Yverdon-Ste-Croix;BUS;VD;Yverdon-les-Bains;5938;Yverdon-les-Bains;ch:1:sboid:100694;;2538401;1180562.001;434;46.773375525990495, 6.632118910459005
8594040;Yverdon-les-Bains, hôpital;Transports Vallée de Joux-Yverdon-Ste-Croix;BUS;VD;Yverdon-les-Bains;5938;Yverdon-les-Bains;ch:1:sboid:100694;;2539473;1180455;433;46.77251150461506, 6.646167833176145
8594038;Yverdon, Clairs-Logis;Transports Vallée de Joux-Yverdon-Ste-Croix;BUS;VD;Yverdon-les-Bains;5938;Yverdon-les-Bains;ch:1:sboid:100694;;2538706.552;1182329.912;432;46.78930599469567, 6.6358819597922825
8595069;Yverdon-les-Bains, rue du Midi;Transports Vallée de Joux-Yverdon-Ste-Croix;BUS;VD;Yverdon-les-Bains;5938;Yverdon-les-Bains;ch:1:sboid:100694;;2538641;1181040;434;46.7776972853389, 6.63519680687864
8570250;Yverdon-les-Bains, Le Bey;PostAuto AG;BUS;VD;Yverdon-les-Bains;5938;Yverdon-les-Bains;ch:1:sboid:100602;;2538146;1182513;435;46.790900929799655, 6.628516188201034
8570249;Yverdon, rue des Uttins;PostAuto AG;BUS;VD;Yverdon-les-Bains;5938;Yverdon-les-Bains;ch:1:sboid:100602;;2538368;1182049;436;46.78674791061839, 6.631486211622356
8570289;Yverdon-les-Bains, Les Bains;PostAuto AG;BUS;VD;Yverdon-les-Bains;5938;Yverdon-les-Bains;ch:1:sboid:100602;;2539730;1180454;437;46.77252585434308, 6.649532585820587
8579289;Yverdon-les-Bains, Clendy;Transports Vallée de Joux-Yverdon-Ste-Croix;BUS;VD;Yverdon-les-Bains;5938;Yverdon-les-Bains;ch:1:sboid:100694;;2540150;1181090.001;434;46.778284592715224, 6.654947862138094
8582051;Yverdon-les-Bains, 14 Avril;Transports Vallée de Joux-Yverdon-Ste-Croix;BUS;VD;Yverdon-les-Bains;5938;Yverdon-les-Bains;ch:1:sboid:100694;;2539921;1181037.001;434;46.77778720618874, 6.651956464077224
8507263;Yverdon, Y-Parc/Découvertes;Transports Vallée de Joux-Yverdon-Ste-Croix;BUS;VD;Yverdon-les-Bains;5938;Yverdon-les-Bains;ch:1:sboid:100694;;2539180;1179738;436;46.766035390931506, 6.642427349868048
8504774;Yverdon-les-Bains, gare;PostAuto AG;BUS;VD;Yverdon-les-Bains;5938;Yverdon-les-Bains;ch:1:sboid:100602;;2539030;1181424;434;46.78118712617012, 6.6402387828707035
8530263;Yverdon William Barbey;Transports Vallée de Joux-Yverdon-Ste-Croix;TRAIN;VD;Yverdon-les-Bains;5938;Yverdon-les-Bains;ch:1:sboid:100074;;2538385.082;1182298.307;435.5;46.788991991210096, 6.631676264867559
8570239;Yverdon-les-Bains, 24 Janvier;Transports Vallée de Joux-Yverdon-Ste-Croix;BUS;VD;Yverdon-les-Bains;5938;Yverdon-les-Bains;ch:1:sboid:100694;;2538485.993;1181493.795;433;46.78176481445701, 6.633106165569177
8594054;Yverdon-les-Bains, Philosophes;Transports Vallée de Joux-Yverdon-Ste-Croix;BUS;VD;Yverdon-les-Bains;5938;Yverdon-les-Bains;ch:1:sboid:100694;;2539285.406;1180765.799;436;46.77529002164866, 6.643670564251412
8594053;Yverdon-les-Bains, Mujon;Transports Vallée de Joux-Yverdon-Ste-Croix;BUS;VD;Yverdon-les-Bains;5938;Yverdon-les-Bains;ch:1:sboid:100694;;2538631.063;1182059.217;430;46.786864145842834, 6.634929745630021
8594052;Yverdon, Riants-Fleurs;Transports Vallée de Joux-Yverdon-Ste-Croix;BUS;VD;Yverdon-les-Bains;5938;Yverdon-les-Bains;ch:1:sboid:100694;;2540116.288;1180423.294;465;46.77228455678462, 6.654593867153128
8594017;Yverdon, Centre Professionnel;Transports Vallée de Joux-Yverdon-Ste-Croix;BUS;VD;Yverdon-les-Bains;5938;Yverdon-les-Bains;ch:1:sboid:100694;;2538539;1180615.001;433;46.77386502749701, 6.633918488831452
8594037;Yverdon-les-Bains, Cheminet;Transports Vallée de Joux-Yverdon-Ste-Croix;BUS;VD;Yverdon-les-Bains;5938;Yverdon-les-Bains;ch:1:sboid:100694;;2538122;1181806;434;46.78453929390517, 6.628297688116077
8594024;Yverdon, Les Chaînettes;Transports Vallée de Joux-Yverdon-Ste-Croix;BUS;VD;Yverdon-les-Bains;5938;Yverdon-les-Bains;ch:1:sboid:100694;;2538721.548;1180847.809;433;46.77597596518012, 6.636277218463208
8594030;Yverdon, rue de Chamblon;Transports Vallée de Joux-Yverdon-Ste-Croix;BUS;VD;Yverdon-les-Bains;5938;Yverdon-les-Bains;ch:1:sboid:100694;;2538650.67;1181563.227;435;46.78240456407612, 6.635253139153226
8594028;Yverdon, Pierre de Savoie;Transports Vallée de Joux-Yverdon-Ste-Croix;BUS;VD;Yverdon-les-Bains;5938;Yverdon-les-Bains;ch:1:sboid:100694;;2539091.888;1180023.223;434;46.7685928954038, 6.641235918848762
8594035;Yverdon-les-Bains, Bellevue;Transports Vallée de Joux-Yverdon-Ste-Croix;BUS;VD;Yverdon-les-Bains;5938;Yverdon-les-Bains;ch:1:sboid:100694;;2540914.368;1180639.02;525;46.774296405769384, 6.6650143245009765
8594032;Yverdon, William Barbey;Transports Vallée de Joux-Yverdon-Ste-Croix;BUS;VD;Yverdon-les-Bains;5938;Yverdon-les-Bains;ch:1:sboid:100694;;2538287;1182218.001;435;46.788260545438405, 6.630402647551948
8596076;Cheseaux-N., Coteau des Ifs;Transports Vallée de Joux-Yverdon-Ste-Croix;BUS;VD;Yverdon-les-Bains;5938;Yverdon-les-Bains;ch:1:sboid:100694;;2541019.504;1181350.641;475;46.78070675034477, 6.666298915317049
8505429;Yverdon, Collège des Rives;Transports Vallée de Joux-Yverdon-Ste-Croix;BUS;VD;Yverdon-les-Bains;5938;Yverdon-les-Bains;ch:1:sboid:100694;;2539170.635;1181828.039;432;46.78483431303466, 6.642026436303944
8594062;Yverdon-les-Bains,Maison Rouge;Transports Vallée de Joux-Yverdon-Ste-Croix;BUS;VD;Yverdon-les-Bains;5938;Yverdon-les-Bains;ch:1:sboid:100694;;2539420;1181196;434;46.77917193195635, 6.645375689803092
8594061;Yverdon-les-Bains, Blancherie;Transports Vallée de Joux-Yverdon-Ste-Croix;BUS;VD;Yverdon-les-Bains;5938;Yverdon-les-Bains;ch:1:sboid:100694;;2537791.245;1181717.246;433.4;46.78371009028536, 6.623978610198653
8594050;Yverdon-les-Bains, Les Pins;Transports Vallée de Joux-Yverdon-Ste-Croix;BUS;VD;Yverdon-les-Bains;5938;Yverdon-les-Bains;ch:1:sboid:100694;;2540170.661;1179959.664;460;46.768119113786355, 6.6553664183465955
8594043;Yverdon-les-Bains, La Plaine;Transports Vallée de Joux-Yverdon-Ste-Croix;BUS;VD;Yverdon-les-Bains;5938;Yverdon-les-Bains;ch:1:sboid:100694;;2539236.642;1181032.69;435;46.77768623204902, 6.6429966167976096
8594047;Yverdon-les-Bains, St-Georges;Transports Vallée de Joux-Yverdon-Ste-Croix;BUS;VD;Yverdon-les-Bains;5938;Yverdon-les-Bains;ch:1:sboid:100694;bis 2018: Yverdon-les-Bains, St Georges;2537882.96;1182088.14;434;46.78705482319017, 6.625129125825068
8594039;Yverdon-les-Bains, Faïencerie;Transports Vallée de Joux-Yverdon-Ste-Croix;BUS;VD;Yverdon-les-Bains;5938;Yverdon-les-Bains;ch:1:sboid:100694;;2538964.45;1180177.063;434;46.76996499243171, 6.639547086194647
8504558;Yverdon-les-Bains (bateau);Lacs de Neuchâtel et Morat;BOAT;VD;Yverdon-les-Bains;5938;Yverdon-les-Bains;ch:1:sboid:100148;;2539070.337;1182083.445;431;46.78712248271042, 6.640678963364212
8595066;Yverdon, chemin de la Chèvre;Transports Vallée de Joux-Yverdon-Ste-Croix;BUS;VD;Yverdon-les-Bains;5938;Yverdon-les-Bains;ch:1:sboid:100694;;2539097;1179010;441;46.75947946817609, 6.641437868664626
8595070;Yverdon-les-Bains, Valentin;Transports Vallée de Joux-Yverdon-Ste-Croix;BUS;VD;Yverdon-les-Bains;5938;Yverdon-les-Bains;ch:1:sboid:100694;;2539039.09;1180498.472;435;46.77286289419151, 6.6404813340377045
8570288;Yverdon, 4 Marronniers;PostAuto AG;BUS;VD;Yverdon-les-Bains;5938;Yverdon-les-Bains;ch:1:sboid:100602;;2539634;1180796;437;46.77559341860787, 6.648230568849452
8512573;Yverdon, rue du Milieu;Transports Vallée de Joux-Yverdon-Ste-Croix;BUS;VD;Yverdon-les-Bains;5938;Yverdon-les-Bains;ch:1:sboid:100694;;2538783.389;1181186.109;434.2;46.77902464998827, 6.637041540909209
8582674;Yvonand, Les Vursys;PostAuto AG;BUS;VD;Yvonand;5939;Yvonand;ch:1:sboid:100602;;2545911;1182147;442;46.7882860134326, 6.730253975697026
8582675;Yvonand, En Brit;PostAuto AG;BUS;VD;Yvonand;5939;Yvonand;ch:1:sboid:100602;;2546939;1183009;438;46.796122598182386, 6.743616344847029
8583791;Yvonand, gare;PostAuto AG;BUS;VD;Yvonand;5939;Yvonand;ch:1:sboid:100602;;2547202;1183520;434;46.800740006309496, 6.74700194310743
8504130;Yvonand;Schweizerische Bundesbahnen SBB;TRAIN;VD;Yvonand;5939;Yvonand;ch:1:sboid:100001;;2547178.117;1183535.273;433.96;46.800875489175795, 6.746687333359221
8570386;Yvonand, Sur Priales;PostAuto AG;BUS;VD;Yvonand;5939;Yvonand;ch:1:sboid:100602;;2547752;1182938;463;46.795548370480375, 6.754272996721999
8510156;Yvonand, Grand'Rue;Service d'automobiles TPF;BUS;VD;Yvonand;5939;Yvonand;ch:1:sboid:100633;;2547059;1183406;435.5;46.79970319529425, 6.745142023602406
8570385;Yvonand, dessus-du-village;PostAuto AG;BUS;VD;Yvonand;5939;Yvonand;ch:1:sboid:100602;;2547329;1182908;440;46.795245126307805, 6.748736146065065
8579739;Yvonand, Les Vergers;PostAuto AG;BUS;VD;Yvonand;5939;Yvonand;ch:1:sboid:100602;;2546970;1183293;437;46.7986796605563, 6.743989374097616
8507687;La Mauguettaz, croisée;PostAuto AG;BUS;VD;Yvonand;5939;Yvonand;ch:1:sboid:100602;;2545079;1181398;454;46.78148051680455, 6.71944831900283
8582237;Versvey, Pl. Laiterie;Transports Publics du Chablais (Bus);BUS;VD;Yvorne;5415;Yvorne;ch:1:sboid:100617;(Bus) ohne Fahrplandaten 2016 [beibehalten];2561302;1132590;382;46.3435772309575, 6.935985665013101
8510325;Versvey, Les Fannes;Transports Publics du Chablais (Bus);BUS;VD;Yvorne;5415;Yvorne;ch:1:sboid:100617;;2561016.245;1132185.296;380;46.33992016471216, 6.932308037650051
8510319;Yvorne, Les Rennauds;Transports Publics du Chablais (Bus);BUS;VD;Yvorne;5415;Yvorne;ch:1:sboid:100617;;2562860.567;1131238.009;432;46.331503707205634, 6.956337971561646
8570604;Yvorne, Vers-Chenaux;Transports Publics du Chablais (Bus);BUS;VD;Yvorne;5415;Yvorne;ch:1:sboid:100617;;2563492;1131767;584;46.33629693630755, 6.964496149472788
8510328;Versvey, village;Transports Publics du Chablais (Bus);BUS;VD;Yvorne;5415;Yvorne;ch:1:sboid:100617;;2561198.063;1132816.301;381;46.345606897311555, 6.934616707940303
8587746;Yvorne, Clos de l'Ombren;Transports Publics du Chablais (Bus);BUS;VD;Yvorne;5415;Yvorne;ch:1:sboid:100617;;2562785;1130992;408;46.32928654824451, 6.955376393877632
8570602;Yvorne, anc. poste;Transports Publics du Chablais (Bus);BUS;VD;Yvorne;5415;Yvorne;ch:1:sboid:100617;;2563250;1131000;441;46.32938418506042, 6.961414010987091
8591834;Versvey, Lac Vernay/campings;Transports Publics du Chablais (Bus);BUS;VD;Yvorne;5415;Yvorne;ch:1:sboid:100617;;2561680.481;1132877.324;382;46.34618359940977, 6.940877965475064
8504660;Yvorne, Vers Morey;Transports Publics du Chablais (Bus);BUS;VD;Yvorne;5415;Yvorne;ch:1:sboid:100617;;2563391;1131436;518;46.33331392615602, 6.963210566202125
8595963;Yvorne, Socrettaz;Transports Publics du Chablais (Bus);BUS;VD;Yvorne;5415;Yvorne;ch:1:sboid:100617;;2563239;1130679;404;46.326496039789376, 6.9612966000753245
8570603;Yvorne, Le Torrent;Transports Publics du Chablais (Bus);BUS;VD;Yvorne;5415;Yvorne;ch:1:sboid:100617;;2563063;1131238;449;46.331514817734565, 6.958966775076869
